word,AllLoLAmount
champion,1055
game,867
player,785
new,514
time,418
team,412
change,343
play,338
league,337
item,336
champ,295
thing,265
skin,258
year,251
system,250
riot,228
really,226
update,213
feel,210
work,199
next,198
goal,194
gameplay,192
look,185
patch,185
many,181
balance,178
good,177
different,174
power,166
back,165
every,164
something,160
queue,159
think,159
take,156
damage,153
level,153
ranked,151
early,151
go,150
position,149
last,147
need,146
example,144
know,142
making,140
two,140
mode,138
experience,135
udyr,134
made,133
event,127
better,127
let,126
right,125
mean,125
spell,124
tft,124
part,123
give,123
high,122
always,119
eternal,118
keep,117
playing,117
end,116
ability,116
world,115
design,115
start,114
pretty,114
use,113
unique,113
le,112
win,112
bit,110
help,107
rift,107
sure,107
working,105
though,105
youre,105
week,104
didnt,103
looking,103
feedback,103
people,103
lane,102
might,101
rate,101
long,100
launch,100
lead,98
find,97
point,97
say,96
hit,96
top,96
current,95
got,94
without,93
far,93
vfx,93
create,92
support,92
match,92
vgu,92
galaxy,91
best,90
enemy,90
approach,90
try,89
come,89
doesnt,89
future,89
add,89
number,88
select,87
preseason,87
idea,87
theme,86
needed,86
skill,86
client,85
reward,85
clash,85
continue,84
case,83
big,83
effect,83
legend,82
little,82
clear,82
improvement,82
small,81
getting,80
strong,80
expect,80
line,80
exciting,80
issue,79
option,78
mmr,78
enough,77
important,77
kit,77
data,77
visual,77
choice,77
day,76
story,75
post,75
overall,75
run,75
talk,74
across,74
sometime,74
hard,74
summoner,74
matchmaking,74
place,73
often,73
element,73
fun,73
pro,73
hope,72
feature,72
second,71
designer,71
region,71
season,71
coming,70
doe,70
already,70
actually,70
everyone,70
pick,69
version,69
release,69
role,68
felt,68
bot,68
isnt,67
able,67
using,67
great,67
im,67
build,67
share,66
possible,66
development,66
spirit,66
jungle,66
become,65
improve,65
direction,65
opportunity,65
excited,65
main,65
started,65
amount,64
played,64
character,64
tier,64
moment,63
put,63
thought,63
stance,63
rank,63
question,62
powerful,62
impact,62
love,62
instead,62
cant,62
etc,62
trait,62
core,61
result,61
wed,61
higher,61
competitive,61
bring,61
said,60
dev,60
plan,60
behavior,60
forward,60
gold,59
mechanic,59
theyre,58
based,58
arent,58
process,58
test,58
move,58
specific,58
problem,57
type,57
account,57
animation,57
adding,57
aram,57
today,57
star,57
target,57
everything,56
clarity,56
never,56
currently,56
focus,56
average,56
state,56
fight,56
base,55
fiddlestick,55
live,55
art,55
month,55
mission,55
other,55
quite,54
probably,54
show,54
buff,54
mid,54
toward,54
volibear,54
full,54
group,54
fighter,54
include,53
challenge,53
space,52
quickly,52
added,52
strategy,52
progress,52
bug,51
finally,51
model,51
term,51
decided,51
rather,51
especially,50
mana,50
seen,50
blog,50
project,50
least,50
creating,50
report,50
counterplay,50
rune,50
thematic,49
framework,49
whether,49
three,49
per,49
youll,49
lucian,49
blitz,49
within,49
autofill,49
board,48
done,48
trying,48
meta,48
yuumi,48
reason,47
tool,47
range,47
past,47
counter,47
class,47
series,47
used,46
similar,46
detail,46
single,46
health,46
combat,46
primary,46
form,46
nexus,46
wasnt,45
wont,45
provide,45
quality,45
longer,45
increase,45
together,45
low,45
attack,45
teamfight,45
what,45
addition,44
ban,44
recent,43
final,43
later,43
close,43
solo,43
stat,43
opponent,43
roster,43
seeing,43
bad,43
ensure,43
area,43
saw,43
lower,42
someone,42
thank,42
went,42
meant,42
away,42
gain,42
assassin,42
sett,42
order,41
pbe,41
ingame,41
shop,41
strategic,41
almost,41
map,41
content,41
likely,40
minute,40
running,40
fix,40
kill,40
marksman,40
viable,40
slightly,40
allow,40
major,40
mind,40
diversity,40
ever,39
sound,39
huge,39
require,39
push,39
human,39
passive,39
four,39
ally,39
giving,39
answer,38
youve,38
cast,38
note,38
beyond,38
changed,38
anything,38
artist,38
rise,37
generally,37
nerf,37
happy,37
taking,37
senna,37
read,37
however,37
standard,37
hand,37
including,37
multiple,37
adjustment,37
feeling,36
wait,36
sense,36
tell,36
variety,36
entire,36
testing,36
happen,36
understand,35
popular,35
tank,35
fantasy,35
ship,35
burst,35
couple,35
offer,35
fit,35
silhouette,35
key,35
large,35
performance,35
believe,35
comp,35
seem,35
course,35
mythic,35
check,35
she,35
super,34
action,34
avoid,34
balanced,34
worth,34
normal,34
difficult,34
focused,34
color,34
address,34
behind,34
initial,34
throughout,34
presence,34
explain,34
chance,34
mobility,34
satisfying,34
runeterra,33
real,33
particular,33
side,33
given,33
dragon,33
soon,33
w,33
werent,33
death,33
balancing,33
speed,33
usually,32
quick,32
mastery,32
life,32
carry,32
couldnt,32
available,32
thinking,32
due,32
mundo,32
weak,32
concept,32
hold,31
kind,31
style,31
true,31
significant,31
track,31
stuff,31
lol,31
voice,31
risk,31
follow,31
else,31
moving,31
winning,31
came,31
lp,31
earn,31
found,31
perfect,31
tried,31
step,31
pattern,30
break,30
split,30
medium,30
legendary,30
potential,30
deliver,30
significantly,30
ultimate,30
server,30
youd,30
exploring,30
learned,30
learn,30
fiddle,30
mage,30
flex,30
light,29
return,29
hitting,29
cost,29
maybe,29
list,29
old,29
basically,29
cool,29
short,29
whole,29
ask,29
depth,29
removing,29
led,29
keeping,29
pas,29
extra,29
exploration,29
scripting,29
common,28
open,28
rest,28
consider,28
updated,28
learning,28
released,28
recently,28
planning,28
certain,28
decision,28
took,28
building,28
milestone,28
earlier,28
ended,28
wouldnt,28
rp,28
worked,28
unit,28
exactly,28
prototype,28
progression,28
nilah,28
narrative,27
miss,27
cooldown,27
secondary,27
smaller,27
existing,27
easier,27
talking,27
interesting,27
factor,27
specifically,27
deep,27
consistent,27
cc,27
random,27
r,27
increased,27
healthy,27
late,27
access,27
adc,27
irelia,27
weakness,27
annie,27
value,26
melee,26
either,26
general,26
eg,26
information,26
master,26
audience,26
effort,26
starting,26
piece,26
frustrating,26
positive,26
bigger,26
drop,26
favorite,26
upcoming,26
playstyle,26
bunch,26
detection,26
bonus,26
memory,26
v,26
enjoy,25
lore,25
cover,25
knew,25
spot,25
fact,25
call,25
definitely,25
stop,25
completely,25
developer,25
laugh,25
free,25
stack,25
extremely,25
shift,25
tournament,25
anticheat,25
prestige,24
heard,24
name,24
intended,24
deal,24
havent,24
aspect,24
head,24
beginning,24
fairly,24
shape,24
product,24
storm,24
video,24
larger,24
hopefully,24
ton,24
complete,24
blossom,24
left,24
became,24
easy,24
guardian,24
graph,24
improved,24
jungler,24
faster,24
wittrock,24
origin,24
hear,23
shouldnt,23
individual,23
required,23
iteration,23
directly,23
choose,23
identify,23
particularly,23
immediately,23
figure,23
fair,23
control,23
scale,23
longterm,23
eye,23
upgrade,23
movement,23
demon,23
animal,23
looked,23
hey,23
stage,23
outlier,23
fewer,23
cheater,23
releasing,22
force,22
winrate,22
word,22
turn,22
stay,22
gave,22
recall,22
friend,22
cause,22
matter,22
complexity,22
highest,22
understanding,22
strength,22
advantage,22
difference,22
objective,22
successful,22
following,22
closer,22
carousel,22
bear,22
sharing,22
comeback,22
penalty,22
premade,22
explore,21
phase,21
additional,21
launched,21
screen,21
considered,21
please,21
original,21
success,21
ran,21
originally,21
hextech,21
purpose,21
interested,21
token,21
half,21
magic,21
compared,21
along,21
tuning,21
dark,21
tactic,21
fighting,21
response,21
hex,21
code,21
special,20
biggest,20
consistently,20
healing,20
additionally,20
rule,20
resource,20
crash,20
talked,20
influence,20
pushing,20
texture,20
created,20
mostly,20
lee,20
older,20
moved,20
previous,20
person,20
eventually,20
niche,20
engagement,20
modern,20
remain,20
monster,20
snowball,20
ap,20
juggernaut,20
global,20
regular,20
simple,20
mark,20
pool,20
punishment,20
strike,20
category,20
body,20
bounty,20
afk,20
professional,20
decide,19
determine,19
curve,19
climb,19
personal,19
enchanter,19
reduction,19
connection,19
interest,19
director,19
channel,19
universe,19
prioritize,19
bringing,19
vo,19
scene,19
disruptive,19
represent,19
twisted,19
mordekaiser,19
loss,19
job,19
outcome,19
expectation,19
honor,19
yes,19
achieve,19
gone,19
meaningful,19
elite,19
basic,19
satisfaction,19
experiment,19
missed,18
care,18
bar,18
yasuo,18
fall,18
article,18
priority,18
grant,18
putting,18
transfer,18
appear,18
wild,18
among,18
roll,18
nothing,18
taken,18
increasing,18
overly,18
wider,18
delay,18
boom,18
spent,18
exception,18
unlock,18
size,18
regardless,18
ready,18
combo,18
reduce,18
analysis,18
losing,18
e,18
sona,18
expected,18
cheat,18
wrekz,18
ranged,17
complex,17
leave,17
combination,17
heavily,17
window,17
identity,17
anyone,17
sin,17
rework,17
although,17
systemic,17
underpowered,17
exact,17
situation,17
reach,17
roadmap,17
updating,17
spatula,17
fully,17
improving,17
fire,17
fill,17
icon,17
actual,17
round,17
landed,17
jump,17
minion,17
machine,17
overpowered,17
amumu,17
placement,17
anime,17
limited,16
aphelios,16
letting,16
freljord,16
appeal,16
solution,16
meddler,16
confident,16
ultimately,16
senior,16
room,16
receive,16
tend,16
alternative,16
plus,16
battle,16
aiming,16
stronger,16
spike,16
iconic,16
emote,16
lack,16
focusing,16
elemental,16
indicator,16
laner,16
auto,16
party,16
attention,16
sort,16
fixed,16
front,16
weapon,16
splash,16
necessary,16
op,16
double,16
six,16
essence,16
username,16
shared,16
face,16
night,16
yone,16
remember,16
durability,16
scaling,16
claw,16
community,16
algorithm,16
arm,16
a,16
folk,15
tradeoff,15
impactful,15
red,15
asking,15
popularity,15
third,15
composition,15
showing,15
chroma,15
walk,15
adjust,15
okay,15
production,15
teemo,15
population,15
simply,15
banned,15
known,15
whenever,15
despite,15
discussed,15
announced,15
nearly,15
depending,15
count,15
path,15
petal,15
frustration,15
ill,15
finding,15
rough,15
fast,15
internal,15
begin,15
affect,15
active,15
minor,15
tune,15
mentioned,15
slow,15
finished,15
onto,15
lightning,15
present,15
skilled,15
knowledge,15
finish,15
mechanical,15
reading,15
rammus,15
hp,15
metric,15
app,15
maplenectar,15
disable,15
meantime,14
producer,14
pantheon,14
sr,14
pace,14
allowed,14
ui,14
outside,14
followup,14
incredibly,14
ideal,14
truly,14
consideration,14
samira,14
condition,14
itll,14
easily,14
context,14
tahm,14
several,14
solve,14
wrong,14
picked,14
tech,14
broadly,14
appealing,14
solid,14
purchase,14
meaning,14
vision,14
variance,14
azir,14
technical,14
liked,14
literally,14
measure,14
shield,14
relative,14
changing,14
lose,14
autofilled,14
method,14
aoe,14
novel,14
total,14
survey,14
inspiration,14
ancient,14
normally,14
experienced,14
god,14
intent,14
previously,14
motion,14
percentile,14
bootstrap,14
forge,14
planned,13
akshan,13
safe,13
itd,13
versus,13
harder,13
ahead,13
challenging,13
whereas,13
status,13
called,13
accurate,13
music,13
nunu,13
included,13
knight,13
entirely,13
totally,13
creative,13
designing,13
typically,13
ult,13
benefit,13
kench,13
button,13
buy,13
rolling,13
expression,13
hasnt,13
kept,13
exist,13
reduced,13
negative,13
removed,13
fate,13
watching,13
caitlyn,13
personalization,13
expand,13
meet,13
closely,13
must,13
wall,13
brought,13
primarily,13
frequently,13
regional,13
positioning,13
camp,13
creature,13
deeper,13
unless,13
blue,13
representation,13
zed,13
highly,13
structure,13
tweak,13
soul,13
conversation,13
beta,13
band,13
targeting,13
built,13
asu,13
protect,13
antler,13
voli,13
extreme,13
aggressive,13
steraks,13
adapt,13
seeding,13
reporting,13
realized,13
treeline,13
nullarbor,13
mech,13
awesome,12
calling,12
compelling,12
correct,12
blitzcrank,12
swing,12
happening,12
social,12
section,12
summer,12
dive,12
view,12
limit,12
identified,12
engage,12
various,12
causing,12
schedule,12
black,12
hook,12
impossible,12
develop,12
obvious,12
date,12
effective,12
duration,12
possibility,12
edge,12
respond,12
heal,12
reality,12
theyll,12
user,12
accurately,12
designed,12
playrate,12
shard,12
shipping,12
spending,12
armor,12
nature,12
soldier,12
near,12
reducing,12
earned,12
id,12
remove,12
synergy,12
proxy,12
page,12
custom,12
nocturne,12
iron,12
xp,12
occasionally,12
smurf,12
hour,12
began,12
cohesive,12
urf,12
becoming,12
piltover,12
capture,12
slower,12
darius,12
monitoring,12
tactical,12
wide,12
leading,12
topic,12
clearer,12
dash,12
percentage,12
playtest,12
cheating,12
layer,12
scuttle,12
starter,12
contain,12
ll,12
silver,12
guy,12
carnival,12
lonewingy,12
achievement,12
studio,12
source,11
shadow,11
pressure,11
gonna,11
platform,11
certainly,11
followed,11
soraka,11
diamond,11
introducing,11
shifting,11
continuing,11
language,11
proportion,11
pull,11
audio,11
mix,11
touch,11
slowly,11
insight,11
service,11
worse,11
ionia,11
streak,11
identifying,11
received,11
thresh,11
ahri,11
veigar,11
foundation,11
poll,11
aatrox,11
constantly,11
dynamic,11
dominant,11
guard,11
exclusive,11
ionian,11
overhaul,11
bottom,11
journey,11
kalista,11
teammate,11
physical,11
represented,11
tracking,11
ensuring,11
practice,11
interact,11
spend,11
none,11
separate,11
dream,11
upon,11
login,11
appropriate,11
five,11
lost,11
dodge,11
familiar,11
timing,11
reaction,11
aim,11
notification,11
cycle,11
shipped,11
defensive,11
water,11
claim,11
ago,11
crazy,11
spread,11
chose,11
alone,11
helped,11
lillia,11
sleep,11
threshold,11
gat,11
myth,11
playtesting,11
relatively,11
broad,11
dance,11
stun,11
helpful,11
reported,11
perfectly,11
noting,11
controlled,11
pain,11
nearby,11
cef,11
chromium,11
script,11
kilmourz,11
joy,11
aka,10
yordle,10
heart,10
epic,10
naturally,10
otherwise,10
theyd,10
useful,10
usual,10
energy,10
conflict,10
ax,10
waiting,10
nerfed,10
neeko,10
sentiment,10
living,10
home,10
technology,10
similarly,10
dealing,10
ad,10
considering,10
highlight,10
bill,10
perspective,10
grow,10
overlap,10
apply,10
casting,10
concern,10
saying,10
sweet,10
caused,10
reliable,10
reroll,10
charge,10
lockin,10
legendaries,10
matchup,10
sharp,10
newer,10
tough,10
turned,10
spawn,10
parity,10
instance,10
seemed,10
intend,10
dr,10
playerbase,10
globally,10
king,10
jhin,10
bard,10
functionality,10
turret,10
box,10
chosen,10
chase,10
bond,10
honestly,10
environment,10
period,10
wind,10
breadth,10
majority,10
act,10
straightforward,10
defense,10
picture,10
helping,10
log,10
max,10
pack,10
perform,10
repeatedly,10
developed,10
continued,10
chat,10
enhance,10
serve,10
ive,10
prevent,10
seriously,10
showcase,10
grind,10
roughly,10
allowing,10
preserve,10
na,10
title,10
skirmisher,10
january,10
freljordian,10
critical,10
terrifying,10
viego,10
stuck,10
straight,10
fine,10
fiora,10
goredrinker,10
f,10
fundamental,10
sit,10
stable,10
notice,10
refund,10
philosophy,10
clearly,10
filter,10
introduced,10
degree,10
draw,10
callout,10
soft,10
piano,10
application,10
riotpastabomb,10
l,10
sustain,9
grab,9
drive,9
default,9
display,9
info,9
discussion,9
promise,9
function,9
boosting,9
introduce,9
pc,9
inside,9
alongside,9
component,9
recognizable,9
tale,9
musical,9
demigod,9
classic,9
sample,9
blade,9
historically,9
punishing,9
encourage,9
leona,9
depend,9
necessarily,9
xerath,9
purchased,9
maintain,9
pulled,9
combined,9
readability,9
recap,9
recognize,9
tricky,9
throw,9
missing,9
whose,9
committed,9
shorter,9
dig,9
revive,9
imagine,9
teambuilder,9
rotation,9
unfortunately,9
moba,9
somewhere,9
shifted,9
profile,9
tested,9
ladder,9
division,9
growth,9
slight,9
utility,9
vayne,9
kindred,9
developing,9
ashe,9
ok,9
agree,9
weekend,9
forced,9
pure,9
reasonable,9
facing,9
ornn,9
aside,9
skarner,9
loot,9
land,9
sword,9
history,9
brand,9
attempt,9
void,9
oyster,9
loved,9
hell,9
officially,9
lock,9
visually,9
repeat,9
heavy,9
told,9
correctly,9
optimization,9
relevant,9
tanky,9
kinda,9
risky,9
chemtech,9
reset,9
pvp,9
figuring,9
interaction,9
prowler,9
ecosystem,9
cut,9
sitting,9
decrease,9
trend,9
addressing,9
evaluate,9
revenue,9
load,9
confidence,9
providing,9
behavioral,9
muting,9
integrity,9
animate,9
genre,9
precision,9
web,9
mb,9
lockout,9
paint,9
circle,9
eight,9
botting,9
bpatches,9
ashlesh,9
succeed,8
nerfing,8
pushed,8
bound,8
immediate,8
communication,8
rioter,8
signal,8
broader,8
opposed,8
desire,8
watch,8
personality,8
responsive,8
alternate,8
serious,8
soloduo,8
score,8
ideally,8
diverse,8
vary,8
tldr,8
decade,8
catalog,8
editorial,8
actor,8
greater,8
enabled,8
successfully,8
monitor,8
unexpected,8
bilgewater,8
c,8
notably,8
luck,8
actively,8
lobby,8
ekko,8
duo,8
principle,8
punished,8
baron,8
trust,8
engaging,8
table,8
properly,8
potentially,8
shen,8
ezreal,8
competition,8
contribute,8
noise,8
clap,8
writer,8
welcome,8
catch,8
massive,8
resonant,8
boy,8
gotten,8
flip,8
won,8
qiyana,8
stand,8
killed,8
compare,8
delivering,8
thus,8
discover,8
lux,8
arurf,8
suck,8
peak,8
horror,8
escape,8
curious,8
plenty,8
loading,8
save,8
setting,8
valorant,8
tiny,8
smurfing,8
determined,8
unlike,8
experimental,8
guarantee,8
affected,8
knowing,8
buffing,8
adjusting,8
willing,8
answered,8
join,8
stranger,8
thousand,8
latest,8
b,8
promising,8
natural,8
pit,8
zaun,8
man,8
manage,8
slam,8
hot,8
iterate,8
poor,8
adjusted,8
snowballing,8
output,8
member,8
effectively,8
evolve,8
reminder,8
bronze,8
subclass,8
oh,8
challenger,8
buffed,8
refer,8
dp,8
incredible,8
travel,8
field,8
enable,8
moonstone,8
addressed,8
withagainst,8
engineer,8
frequency,8
cloud,8
graphic,8
visible,8
mountain,8
animator,8
drawing,8
reflect,8
scripter,8
esport,8
arctic,8
giant,8
plugin,8
whip,8
sentinel,7
victory,7
kick,7
ruined,7
transformation,7
careful,7
happened,7
twitter,7
showed,7
link,7
location,7
tone,7
yi,7
katarina,7
pentakill,7
braum,7
beat,7
reworked,7
targeted,7
laning,7
tower,7
relationship,7
cosmetic,7
cold,7
lancer,7
sfx,7
standing,7
cutting,7
rock,7
disabled,7
associated,7
discovered,7
isle,7
price,7
bench,7
click,7
trade,7
d,7
evaluating,7
problematic,7
valuable,7
direct,7
taste,7
nasus,7
magical,7
age,7
flexible,7
handful,7
via,7
smooth,7
announce,7
fresh,7
dedicated,7
ip,7
fear,7
buying,7
rotating,7
midset,7
talented,7
asked,7
shuffling,7
ghost,7
appearance,7
encounter,7
green,7
worry,7
riven,7
absolutely,7
supposed,7
rare,7
lasting,7
pacing,7
tab,7
snowdown,7
beautiful,7
em,7
typical,7
portion,7
riotiamwalrus,7
forth,7
combine,7
rewarding,7
featured,7
experimenting,7
avoiding,7
zyra,7
ramping,7
horrifying,7
killing,7
oldest,7
send,7
anyway,7
bought,7
weird,7
humanoid,7
ten,7
remaining,7
connected,7
lighting,7
air,7
pop,7
bright,7
scroll,7
equal,7
engaged,7
forever,7
listen,7
broken,7
suddenly,7
splashing,7
matched,7
excitement,7
traditional,7
experimented,7
dangerous,7
settled,7
distance,7
spiritual,7
diving,7
staying,7
permanent,7
threat,7
decisionmaking,7
accomplishment,7
realize,7
fairness,7
everywhere,7
scope,7
timer,7
glacial,7
keystone,7
debonair,7
commitment,7
viability,7
notable,7
angle,7
pyke,7
yeah,7
demand,7
hero,7
optimal,7
aimed,7
rocketbelt,7
liandrys,7
syndra,7
zoe,7
locket,7
achieved,7
unclear,7
performing,7
taunt,7
contrast,7
usage,7
cannot,7
indicate,7
reliability,7
reveal,7
explored,7
assessment,7
promo,7
asset,7
rely,7
rating,7
abuse,7
seven,7
leveling,7
ice,7
program,7
hierarchy,7
image,7
stimhack,7
sorcerer,7
cybernetic,7
tooltip,7
execution,6
spoiler,6
vowel,6
manaless,6
stake,6
gate,6
micropatch,6
differently,6
jag,6
nice,6
revisit,6
determining,6
sign,6
terror,6
lastly,6
sylas,6
middle,6
filled,6
quest,6
ex,6
arrangement,6
perhaps,6
pillar,6
tuned,6
rakan,6
xayah,6
connect,6
diana,6
discovering,6
wondering,6
enjoying,6
rig,6
ongoing,6
technique,6
material,6
groove,6
cat,6
loud,6
distracting,6
mecha,6
kingdom,6
flashy,6
define,6
enjoyable,6
length,6
refresh,6
secret,6
utilized,6
responsible,6
fail,6
detect,6
root,6
chain,6
automated,6
submit,6
ticket,6
architecture,6
captain,6
rolled,6
swap,6
carefully,6
maintaining,6
apart,6
mental,6
worst,6
comfortable,6
unable,6
meeting,6
karthus,6
rod,6
hybrid,6
akali,6
intentionally,6
protection,6
disadvantage,6
drastic,6
handle,6
store,6
june,6
upgraded,6
kayle,6
fortune,6
sell,6
lategame,6
chart,6
trick,6
cross,6
amazing,6
except,6
regard,6
strongly,6
realm,6
comparison,6
reddit,6
entity,6
aurelion,6
sol,6
deeply,6
regularly,6
utilize,6
forcing,6
established,6
hoped,6
partner,6
animated,6
taliyah,6
renekton,6
pass,6
ranking,6
dramatic,6
reasonably,6
breaking,6
hecarim,6
anywhere,6
cannon,6
trigger,6
wave,6
april,6
autobattler,6
record,6
session,6
demonic,6
utilizing,6
emotional,6
estimate,6
randomness,6
opening,6
duel,6
teleport,6
falling,6
reaching,6
bucket,6
launching,6
frankly,6
lantern,6
conclusion,6
sacrifice,6
elsewhere,6
south,6
simultaneously,6
hoping,6
war,6
lowest,6
intuitive,6
fan,6
row,6
warrior,6
locked,6
tie,6
sustainability,6
shot,6
hair,6
leaf,6
thatll,6
ground,6
faith,6
train,6
idle,6
struggle,6
offensive,6
andor,6
generated,6
lesson,6
worldwide,6
favor,6
boot,6
gage,6
archetype,6
december,6
weekly,6
granting,6
seek,6
intense,6
pickban,6
enjoyed,6
spin,6
mystic,6
blink,6
resulted,6
dramatically,6
flexibility,6
frontline,6
draft,6
applied,6
covering,6
moderate,6
initially,6
khazix,6
harvester,6
garen,6
renewer,6
acceptable,6
interface,6
guide,6
acquired,6
surviving,6
buildateam,6
imbalanced,6
noticeable,6
involve,6
integrate,6
intentional,6
detected,6
gameruining,6
orange,6
noon,6
rush,6
afking,6
raw,6
m,6
constant,6
hitbox,6
awaken,6
brain,6
modeling,6
scientist,6
seventh,6
breakdown,6
webassembly,6
worker,6
experiencing,6
aesthetic,6
broadlyappealing,6
inspired,6
reference,6
parameter,6
sled,6
driver,6
thirdparty,6
protecting,6
rote,6
phantom,6
berserker,6
inferno,6
guardiansorcerer,6
discount,6
usermode,6
crowstorm,6
highpoly,6
painting,6
motto,6
iii,6
kidnapping,6
urumi,6
september,5
canon,5
existence,5
center,5
filling,5
automatically,5
flow,5
spam,5
needing,5
compete,5
correction,5
kayn,5
dozen,5
comment,5
feed,5
sorry,5
alright,5
exclusively,5
writing,5
overwhelming,5
uniquely,5
hidden,5
defined,5
reworking,5
exceptionally,5
lgbtqia,5
centered,5
featuring,5
glad,5
toggle,5
pay,5
stick,5
guideline,5
broke,5
hadnt,5
recognition,5
shoulder,5
importance,5
draven,5
discus,5
spicy,5
voiceover,5
refining,5
volume,5
memorable,5
weaker,5
devour,5
inventory,5
managing,5
smoothly,5
underlying,5
press,5
editor,5
plant,5
ruin,5
whatever,5
hello,5
randomly,5
o,5
investigation,5
leaving,5
agency,5
downside,5
quicker,5
scruffy,5
instantly,5
hundred,5
wound,5
perception,5
difficulty,5
reshape,5
gunblade,5
requirement,5
efficient,5
opened,5
telling,5
collection,5
invest,5
anymore,5
million,5
listening,5
mobile,5
polish,5
spark,5
analyst,5
passed,5
sand,5
army,5
flash,5
winter,5
p,5
born,5
ivern,5
host,5
godlike,5
avatar,5
linear,5
obviously,5
percent,5
surrender,5
official,5
novelty,5
lately,5
announcer,5
constraint,5
kaisa,5
supporting,5
promised,5
preview,5
expanded,5
orb,5
nightmare,5
physically,5
victim,5
feeding,5
expanding,5
shurima,5
linked,5
gun,5
thread,5
ping,5
accidentally,5
mom,5
consecutive,5
international,5
trolling,5
qa,5
afford,5
talent,5
gem,5
organic,5
render,5
dust,5
training,5
suggest,5
ya,5
narrow,5
unchanged,5
thatd,5
execute,5
basis,5
busy,5
playable,5
mist,5
ratio,5
crit,5
whove,5
skip,5
stale,5
farm,5
hearing,5
opt,5
written,5
text,5
write,5
comprehensive,5
rewarded,5
knocked,5
stood,5
phoenix,5
scratch,5
solved,5
accomplish,5
protector,5
captured,5
outro,5
money,5
justin,5
albers,5
enter,5
drew,5
scheduled,5
sneak,5
gear,5
somehow,5
plea,5
bullet,5
blend,5
evil,5
resist,5
survivability,5
smart,5
preventing,5
poorly,5
validate,5
recommendation,5
analyze,5
scenario,5
participate,5
grouped,5
accomplished,5
teamfighting,5
messed,5
stridebreaker,5
fog,5
produce,5
augment,5
ai,5
preference,5
optimize,5
tomorrow,5
lck,5
hype,5
corner,5
dealt,5
poppy,5
believed,5
dominate,5
hed,5
twin,5
enso,5
grappling,5
scoundrel,5
sustained,5
optimized,5
grouping,5
kda,5
tied,5
permanently,5
haste,5
accessibility,5
contextual,5
freedom,5
subject,5
skillshot,5
warning,5
approximately,5
unhealthy,5
approaching,5
hardbinding,5
pickrate,5
ludens,5
tempest,5
anguish,5
eclipse,5
chemtank,5
sejuani,5
imperial,5
establish,5
spring,5
theyve,5
healthiest,5
realistic,5
vast,5
somewhat,5
background,5
spectrum,5
efficiency,5
deliberately,5
modify,5
assist,5
mixed,5
passion,5
walking,5
timeline,5
publishing,5
visibility,5
deliberate,5
aggregate,5
participation,5
related,5
cage,5
resonance,5
projectile,5
passionate,5
reflected,5
availability,5
hovering,5
accuracy,5
shaman,5
palette,5
piltovan,5
cpu,5
campaign,5
stability,5
computer,5
software,5
ember,5
clean,5
primal,5
admit,5
managed,5
culture,5
summary,5
vladimir,5
network,5
barrier,5
shit,5
transparency,5
input,5
legitimate,5
northern,5
frozen,5
nine,5
convince,5
grievous,5
expansion,5
frontliner,5
blademaster,5
mechpilot,5
wolverine,5
johnodyin,5
unnatural,5
airship,5
stallion,5
partnership,5
abr,5
gortok,5
manager,4
mouth,4
rumble,4
stress,4
appropriately,4
dropped,4
tracker,4
forgotten,4
drawback,4
apparent,4
manifest,4
darker,4
rising,4
inspire,4
pentas,4
chasing,4
twist,4
fantastic,4
pusher,4
package,4
struggled,4
broadening,4
index,4
caught,4
worthy,4
storytelling,4
turning,4
fund,4
displayed,4
business,4
friendly,4
outfit,4
wheel,4
tertiary,4
floaty,4
discipline,4
terrible,4
consistency,4
emphasis,4
brief,4
holding,4
sadly,4
discrepancy,4
reliant,4
aware,4
disabling,4
crucial,4
manually,4
resolve,4
temporarily,4
partnering,4
backend,4
selected,4
city,4
serpent,4
bloom,4
wherever,4
coin,4
bet,4
simpler,4
candidate,4
returning,4
immortal,4
punch,4
swain,4
seraphine,4
extent,4
dominating,4
statikk,4
shiv,4
dealer,4
singed,4
survival,4
everfrost,4
receiving,4
phroxzon,4
transparent,4
isolated,4
demotion,4
meaningfully,4
strive,4
skewed,4
investing,4
begun,4
headed,4
variant,4
mention,4
independent,4
automation,4
collect,4
joining,4
malphite,4
kassadin,4
wukong,4
jayce,4
angel,4
settle,4
spawning,4
terrain,4
emperor,4
property,4
die,4
clone,4
surface,4
copy,4
honorable,4
deserve,4
ardent,4
gearhook,4
snow,4
immersive,4
mysterious,4
forest,4
essential,4
simplified,4
absolute,4
creativity,4
controlling,4
behindthescenes,4
budget,4
offense,4
strongest,4
destroy,4
xenogenic,4
lulu,4
sion,4
honored,4
answering,4
crop,4
burn,4
heck,4
lasthit,4
predict,4
sufficient,4
perceived,4
oneforall,4
indepth,4
someday,4
participating,4
individually,4
selection,4
odyssey,4
batch,4
arcane,4
velkoz,4
surprise,4
figured,4
guaranteed,4
monstrous,4
anticipation,4
continent,4
unknown,4
suffered,4
existed,4
indication,4
postgame,4
besides,4
keyword,4
blocked,4
office,4
spooky,4
acting,4
hunt,4
tear,4
moon,4
cinematic,4
camera,4
mood,4
massively,4
forget,4
request,4
covered,4
equally,4
sunfire,4
herald,4
digging,4
jungling,4
clearing,4
doubling,4
task,4
activate,4
wish,4
painful,4
met,4
email,4
shown,4
optimistic,4
substantial,4
functional,4
rapid,4
prime,4
glory,4
empress,4
sea,4
witness,4
stopped,4
glowing,4
noxian,4
complicated,4
beneath,4
highlevel,4
crystal,4
peek,4
sending,4
wrap,4
blast,4
sandwichtown,4
roaming,4
riotearp,4
criminal,4
recommended,4
closest,4
rethink,4
cadence,4
fray,4
quiet,4
masked,4
tug,4
excite,4
dressed,4
slay,4
mastering,4
swapping,4
accessible,4
workinprogress,4
beneficial,4
squishy,4
noticed,4
suggested,4
iterative,4
limitation,4
usability,4
investment,4
poro,4
slayer,4
door,4
mitigate,4
understandable,4
highreward,4
tailored,4
ol,4
punish,4
definition,4
ear,4
investigating,4
bank,4
winloss,4
detailed,4
coop,4
lpl,4
twice,4
technically,4
trading,4
boost,4
tree,4
puzzle,4
remained,4
omnistone,4
decent,4
presented,4
repeated,4
empower,4
mastered,4
highmmr,4
coordinated,4
heading,4
reactive,4
cap,4
block,4
flat,4
codebear,4
paired,4
creep,4
dodging,4
appreciate,4
executing,4
commonly,4
attacking,4
smite,4
applying,4
leash,4
drag,4
particle,4
camille,4
internally,4
outlet,4
unfiltered,4
kennen,4
turbo,4
solari,4
compromising,4
generically,4
underperforming,4
undermine,4
crossing,4
gap,4
gauntlet,4
laid,4
radar,4
finishing,4
intact,4
soaring,4
slowing,4
promotion,4
gained,4
similarity,4
advanced,4
research,4
sensitive,4
judge,4
portfolio,4
company,4
restrictive,4
paper,4
everybody,4
mr,4
steady,4
assessing,4
extended,4
clicking,4
faction,4
creation,4
hotfix,4
median,4
reached,4
strict,4
inting,4
leaver,4
ruining,4
distribution,4
central,4
sugar,4
resulting,4
frame,4
restriction,4
lowering,4
outline,4
column,4
subreddit,4
behave,4
continually,4
organized,4
rapidly,4
beast,4
white,4
orchestral,4
wholly,4
recording,4
tackling,4
embedded,4
browser,4
frequent,4
spec,4
connectivity,4
electricity,4
landscape,4
resonate,4
cute,4
bracket,4
convey,4
shan,4
hai,4
upward,4
landing,4
agent,4
censer,4
opted,4
weeb,4
torn,4
emotion,4
urge,4
incorporate,4
bardle,4
royale,4
defeat,4
cart,4
race,4
catapult,4
ocean,4
rich,4
placed,4
ritual,4
daily,4
girl,4
vanguard,4
karma,4
eldritch,4
fade,4
cameron,4
desk,4
jordan,4
collecting,4
ted,4
vastaya,4
consisted,4
sickness,4
portal,4
animating,4
chess,4
lag,4
collaboration,4
income,4
breakpoint,4
disarm,4
card,4
zephyr,4
demolitionist,4
takedown,4
replayability,4
fourarmed,4
honey,4
badger,4
scarecrow,4
setup,4
syndicate,4
convrgence,4
rekindling,4
emporium,4
config,4
unranked,4
mograph,4
keboom,4
painterly,4
handpainted,4
fairytale,4
asian,4
vex,3
gloomy,3
ascended,3
atreus,3
butt,3
rocket,3
poke,3
heat,3
overshot,3
reviving,3
caring,3
inform,3
evolution,3
song,3
demacia,3
rage,3
backstory,3
awe,3
oppressive,3
taric,3
slip,3
tenacity,3
aura,3
fed,3
threatening,3
durable,3
supportive,3
shortly,3
universally,3
non,3
retain,3
uncertainty,3
belief,3
supported,3
guiding,3
tuesday,3
theory,3
imagination,3
foremost,3
standpoint,3
mimic,3
stylized,3
catching,3
ah,3
pls,3
distinct,3
carried,3
concrete,3
bellissimoh,3
holistic,3
sensitivity,3
culling,3
unnecessary,3
modernize,3
importantly,3
unlocked,3
dependent,3
upgrading,3
flower,3
colorful,3
arrive,3
hop,3
scathlocke,3
logic,3
drawn,3
selecting,3
scifi,3
diversify,3
concepting,3
temper,3
pursuit,3
criterion,3
combating,3
net,3
reevaluate,3
opinion,3
drink,3
marketing,3
consume,3
proven,3
ie,3
violated,3
hurricane,3
restricting,3
anivia,3
ryze,3
riftmaker,3
estimation,3
adapting,3
isolation,3
promote,3
likewise,3
capability,3
queen,3
oneoff,3
winner,3
vote,3
revealed,3
handled,3
prior,3
approached,3
amongst,3
afraid,3
swapped,3
grown,3
brewing,3
transform,3
career,3
vi,3
jarvan,3
iv,3
infinity,3
embrace,3
morellonomicon,3
dy,3
bos,3
earning,3
goodbye,3
temporary,3
alcove,3
arrived,3
modernized,3
granted,3
morde,3
maintained,3
zero,3
armored,3
urgot,3
evelynn,3
nami,3
dropping,3
north,3
jumping,3
recognized,3
recommend,3
website,3
enhanced,3
switching,3
justice,3
hur,3
celestial,3
sick,3
asol,3
mad,3
whisper,3
altogether,3
motivation,3
unlikely,3
maximum,3
nittygritty,3
chaotic,3
teamplay,3
coordination,3
avenue,3
capitalize,3
lever,3
admittedly,3
spoil,3
wore,3
pve,3
offering,3
announcing,3
teased,3
external,3
impacting,3
reksai,3
twitch,3
absence,3
olaf,3
climbing,3
shaco,3
ideation,3
nowhere,3
psychological,3
completion,3
civilization,3
vastayan,3
tribe,3
ruination,3
choosing,3
collective,3
reflection,3
meme,3
portrayal,3
downright,3
kellen,3
subtle,3
doubled,3
hint,3
proper,3
goddess,3
nightbringer,3
comic,3
movie,3
distortion,3
punchy,3
pose,3
verification,3
cautious,3
stretch,3
carrying,3
hydra,3
comparable,3
widen,3
preferred,3
ganking,3
deciding,3
progressing,3
hence,3
warping,3
shake,3
secure,3
sustainable,3
multigame,3
locking,3
upping,3
saving,3
august,3
varied,3
longtime,3
portrayed,3
clarify,3
gaming,3
former,3
trial,3
loaded,3
occur,3
redesign,3
guess,3
hide,3
joyous,3
confused,3
grabbing,3
restaurant,3
boi,3
tiger,3
hyped,3
cgu,3
thematically,3
bravoray,3
reboot,3
reimagine,3
outdated,3
ride,3
shooter,3
cash,3
differentiator,3
madman,3
patience,3
comical,3
edgy,3
briefly,3
dashing,3
happiness,3
fly,3
leg,3
stylish,3
alive,3
longing,3
poster,3
possibly,3
crowd,3
cheer,3
greatly,3
wear,3
evolved,3
warm,3
dreaming,3
purple,3
accelerating,3
whirlwind,3
backing,3
prepared,3
underground,3
fist,3
effigy,3
thunder,3
grotesquehorror,3
strayed,3
oneshot,3
dying,3
triple,3
skirmish,3
toning,3
commit,3
variable,3
postlaunch,3
emerge,3
subset,3
understood,3
purchasable,3
replacing,3
counterpart,3
theorycrafting,3
macro,3
expert,3
barackprobama,3
celebrate,3
proud,3
craft,3
shell,3
msi,3
sink,3
latter,3
disadvantaged,3
accordingly,3
leverage,3
activation,3
implication,3
peace,3
xin,3
zhao,3
murder,3
payoff,3
illaoi,3
blending,3
overhauling,3
underused,3
silvermere,3
occult,3
maw,3
survive,3
finesse,3
override,3
flanking,3
zone,3
scryers,3
deficit,3
anytime,3
stabilize,3
tempo,3
drake,3
object,3
janna,3
defining,3
encouraged,3
tiebreaker,3
pickedbanned,3
pocket,3
barely,3
dominance,3
talon,3
maokai,3
mega,3
ending,3
damaging,3
delivered,3
clever,3
mindshare,3
introduction,3
holistically,3
paid,3
watched,3
ambitious,3
gotta,3
backline,3
onhit,3
restore,3
reinvent,3
freaking,3
optimizing,3
iterating,3
lived,3
summarized,3
attempting,3
replace,3
incentive,3
ambient,3
subsequent,3
crescendo,3
substantially,3
tap,3
hurt,3
spare,3
handing,3
trimming,3
touched,3
overcome,3
pointing,3
cheated,3
shoot,3
ambush,3
farming,3
newcomer,3
intimidating,3
ease,3
zac,3
skillful,3
translating,3
hardbound,3
duskblade,3
assume,3
unrealistic,3
historical,3
mandate,3
shurelyas,3
gravitate,3
slot,3
pipeline,3
removal,3
jinx,3
circumstance,3
cloak,3
greatest,3
applicable,3
justify,3
axis,3
bundle,3
changelist,3
powerball,3
involved,3
hood,3
inflation,3
confusion,3
purely,3
panel,3
bell,3
precise,3
generate,3
suggesting,3
theming,3
neutral,3
rushing,3
adaptability,3
prototyping,3
square,3
constraining,3
temp,3
proc,3
desired,3
selling,3
november,3
excellent,3
adopted,3
review,3
refine,3
representative,3
organization,3
representing,3
actionable,3
prediction,3
wasted,3
provided,3
expecting,3
min,3
underneath,3
tight,3
reflecting,3
manual,3
implemented,3
sudden,3
speaking,3
format,3
cleaning,3
strictly,3
occasional,3
therefore,3
lash,3
translate,3
modified,3
flag,3
acquisition,3
observe,3
checkpoint,3
burning,3
generating,3
destruction,3
simplifying,3
producing,3
genuinely,3
incorrect,3
skew,3
projection,3
explained,3
inaccurate,3
sad,3
flair,3
loop,3
uptodate,3
sent,3
gather,3
youtube,3
constructive,3
verbal,3
reviewing,3
muscle,3
decline,3
envelope,3
dynamically,3
reevaluating,3
unified,3
annual,3
ryan,3
mireles,3
jason,3
goofy,3
wing,3
sculpt,3
amplified,3
bone,3
characteristic,3
wildness,3
bird,3
fashion,3
express,3
empowered,3
completed,3
channeling,3
mystical,3
horn,3
lor,3
wrote,3
harlan,3
utilization,3
sec,3
culprit,3
lcs,3
stream,3
cooler,3
consumption,3
taxing,3
javascript,3
specialized,3
suggestion,3
native,3
eog,3
engine,3
establishing,3
referring,3
offender,3
modification,3
cup,3
brawler,3
traveling,3
wandering,3
influenced,3
dude,3
tundra,3
young,3
varies,3
ought,3
nonhuman,3
adorable,3
react,3
glance,3
hitboxes,3
tail,3
sequence,3
cody,3
germain,3
infrastructure,3
entry,3
fourpart,3
july,3
msiworlds,3
onetime,3
tighten,3
viewer,3
fronttoback,3
grey,3
compromise,3
trickster,3
continuously,3
grandmaster,3
powerhouse,3
rarely,3
ranging,3
refresher,3
flaming,3
cheering,3
mute,3
extend,3
rpg,3
unsatisfying,3
refined,3
picking,3
quicksilver,3
illustrate,3
explicitly,3
imbalance,3
implement,3
behalf,3
performant,3
provider,3
undetected,3
crude,3
firstly,3
evade,3
vector,3
statistical,3
wonder,3
platinum,3
ingredient,3
merge,3
child,3
suffer,3
install,3
wouldve,3
headless,3
burden,3
morning,3
intro,3
economy,3
increment,3
static,3
upper,3
luckily,3
fairy,3
operating,3
susceptible,3
immune,3
unstoppable,3
slowed,3
invisible,3
downward,3
sinking,3
jaw,3
retired,3
andrei,3
principal,3
contributor,3
smile,3
sticky,3
hexagon,3
switch,3
trimmed,3
painted,3
clapping,3
sacrificing,3
hush,3
glove,3
beam,3
positional,3
zzrot,3
leak,3
pursuing,3
bpatch,3
lissandra,3
maximize,3
voidassassin,3
entering,3
championspecific,3
skillexpressive,3
capsule,3
fourcost,3
gradually,3
kitchen,3
kernel,3
hardware,3
muchneeded,3
grappler,3
visceral,3
ezpz,3
liveservice,3
eu,3
crasher,3
rekindled,3
flame,3
simulation,3
provisional,3
diary,3
midsupport,3
kim,3
storyboard,3
shading,3
noble,3
sojyoo,3
kathkan,3
where,3
wilkingham,2
pronounce,2
english,2
speech,2
clip,2
harass,2
expose,2
downtime,2
possession,2
continuous,2
walked,2
reassess,2
construct,2
easiest,2
forum,2
food,2
dog,2
enthusiast,2
scattered,2
posting,2
brightmoon,2
describe,2
flute,2
unsettling,2
reimagined,2
string,2
inspiring,2
heroic,2
shaped,2
originate,2
conjure,2
rell,2
impressive,2
respectively,2
binding,2
vow,2
zekes,2
matching,2
sanguine,2
partially,2
zhonyas,2
firm,2
el,2
keen,2
relate,2
haul,2
freetoplay,2
powerneutral,2
measured,2
vetting,2
monday,2
catalogue,2
mechahawk,2
literal,2
solidified,2
readable,2
welldefined,2
controversial,2
loudest,2
spammed,2
rein,2
suffering,2
modernization,2
dialogue,2
fidelity,2
tighter,2
quietly,2
jax,2
overnight,2
invaluable,2
mini,2
daddy,2
oversight,2
abyssal,2
voyage,2
raised,2
operational,2
stored,2
pause,2
deploy,2
disrupt,2
noticeably,2
tightly,2
lily,2
lotus,2
port,2
market,2
rose,2
noxus,2
citizen,2
private,2
carving,2
regarding,2
requested,2
everytime,2
appeared,2
mouse,2
stacking,2
prospective,2
skinline,2
crept,2
scalable,2
artwork,2
toxicity,2
practicing,2
relentless,2
qualitative,2
site,2
pregame,2
banning,2
weighted,2
pot,2
runeterran,2
suppose,2
factory,2
churning,2
potion,2
statue,2
galio,2
medicine,2
ofbut,2
lanelike,2
ziggs,2
belong,2
momenttomoment,2
unfamiliar,2
reinforce,2
overlapping,2
mandatory,2
stated,2
underestimate,2
tougher,2
knock,2
unfortunate,2
aligned,2
midlaner,2
distinction,2
bully,2
hyperscaling,2
directionally,2
sufficiently,2
eggo,2
mclego,2
prioritizing,2
currency,2
hub,2
hooked,2
firenrain,2
mercenary,2
scrolling,2
fell,2
joke,2
gangplank,2
guinsoos,2
ionic,2
benobo,2
shuriman,2
positioned,2
accommodate,2
leveled,2
respective,2
pathing,2
island,2
shynkro,2
choncc,2
epilogue,2
lesser,2
pal,2
arena,2
reuse,2
temple,2
yall,2
remind,2
snowy,2
friendship,2
argument,2
largely,2
badass,2
lord,2
wanting,2
award,2
fewest,2
highesthonored,2
orianna,2
pleasure,2
throwing,2
checking,2
ball,2
mortal,2
century,2
heaven,2
dare,2
explanation,2
braindead,2
failure,2
attach,2
albeit,2
cooperative,2
adequate,2
safety,2
waste,2
honest,2
enabling,2
mort,2
cosmic,2
court,2
voted,2
voting,2
contest,2
pulsefire,2
invasion,2
extraction,2
accompanying,2
border,2
nautilus,2
trundle,2
previewed,2
odds,2
sector,2
superdense,2
treasure,2
trove,2
momentum,2
strategist,2
chogath,2
valoran,2
cultural,2
catastrophe,2
homeland,2
smoking,2
delayed,2
plat,2
x,2
nidalee,2
cleared,2
comms,2
harmed,2
trueelusive,2
minspec,2
howd,2
af,2
crafting,2
otherworldly,2
sight,2
peeking,2
tinkering,2
reverb,2
inhuman,2
woven,2
feral,2
driven,2
personally,2
involving,2
rabadons,2
lich,2
bane,2
cry,2
protagonist,2
darkin,2
artifact,2
chapter,2
differ,2
blood,2
illustration,2
book,2
invented,2
lens,2
grain,2
jacket,2
hinder,2
bump,2
suspect,2
implementing,2
discourage,2
awful,2
lovingly,2
artistic,2
search,2
outward,2
explode,2
cleaver,2
plate,2
struck,2
shortterm,2
rarity,2
halfway,2
invested,2
holiday,2
imagined,2
compensate,2
structured,2
troll,2
motivate,2
calltoaction,2
loving,2
periodically,2
preparation,2
rebuild,2
configuration,2
neither,2
transition,2
password,2
moshidog,2
message,2
effectiveness,2
potent,2
whyd,2
gender,2
anniversary,2
brainstorming,2
afterwards,2
recorded,2
duct,2
tape,2
buggy,2
tentatively,2
guessed,2
tease,2
renata,2
glasc,2
inevitable,2
willingly,2
submitted,2
tall,2
strange,2
according,2
deadly,2
rowdy,2
laughed,2
famous,2
hanging,2
turtle,2
consensus,2
emphasize,2
forging,2
spectacular,2
sketch,2
hellbent,2
destroying,2
lay,2
electrifying,2
charging,2
altered,2
graf,2
hyper,2
manipulate,2
druidic,2
cleaner,2
evolving,2
villainous,2
gwen,2
mystery,2
wacky,2
detour,2
shade,2
smarter,2
acknowledge,2
doctor,2
dumb,2
corporate,2
morgan,2
saga,2
street,2
grapple,2
tristana,2
dueling,2
chatted,2
artillery,2
bed,2
walker,2
resonating,2
growing,2
kin,2
stained,2
reception,2
midlane,2
sail,2
hang,2
fandom,2
empire,2
shattered,2
mount,2
obsession,2
brink,2
regeneration,2
embody,2
fullscale,2
lessened,2
miniexpansions,2
yearone,2
mat,2
blooming,2
midrange,2
frolicking,2
eep,2
shy,2
startle,2
prance,2
darting,2
blurry,2
hazy,2
awake,2
zzzzzzzzzz,2
ddid,2
asleep,2
skittering,2
mesomething,2
dormant,2
subdued,2
anger,2
steel,2
figurefrom,2
yank,2
subconscious,2
whoawhat,2
stepped,2
thrillseekers,2
danger,2
stringing,2
firing,2
hopping,2
sliver,2
junglerwhat,2
wit,2
sensational,2
ultraheavy,2
underway,2
relic,2
faithful,2
smokin,2
thrive,2
brawl,2
punching,2
pointclick,2
wreak,2
havoc,2
merely,2
heardespecially,2
mainswas,2
refocused,2
ursine,2
sololane,2
surrounding,2
confusing,2
fastpaced,2
intensity,2
contributed,2
proactively,2
wellknown,2
succeeded,2
passing,2
sweeping,2
rendered,2
raising,2
anticipate,2
crown,2
anticipated,2
goto,2
spreadsheet,2
implies,2
celebrating,2
sorted,2
differentiation,2
completing,2
shelly,2
superior,2
nashor,2
teeth,2
leaning,2
struggling,2
misplay,2
punishes,2
slippery,2
peel,2
teamwork,2
facet,2
gist,2
unpunishable,2
murderer,2
defensiveskewed,2
highrisk,2
washed,2
reliablelowrisk,2
singlehandedly,2
swift,2
exaggerating,2
diver,2
consolidated,2
distinguishing,2
dehomogenize,2
killedinthebox,2
invulnerability,2
shaky,2
antiburst,2
dashy,2
physicalmagic,2
bleed,2
soak,2
clam,2
leisurely,2
incidentally,2
tempting,2
poach,2
contentious,2
stealth,2
pan,2
observed,2
frustrate,2
agreed,2
minimum,2
rally,2
competing,2
minimal,2
defending,2
retaining,2
midtolate,2
universal,2
fallen,2
examining,2
guaranteeing,2
se,2
rovient,2
converted,2
spellbook,2
pointsmin,2
respect,2
incentivized,2
shortest,2
stomp,2
proportional,2
neverending,2
quote,2
seed,2
dk,2
storyline,2
petrie,2
rulebending,2
suboptimal,2
influential,2
kleptomancy,2
consumables,2
passively,2
risked,2
suit,2
formerly,2
resident,2
replay,2
predicted,2
rinse,2
shed,2
tldrwe,2
gut,2
unintended,2
nudge,2
boundary,2
demonstrate,2
sum,2
bordering,2
delicate,2
undertaking,2
relearn,2
pitched,2
skirmishing,2
boiled,2
bodyblock,2
pump,2
endgame,2
till,2
builtin,2
hunting,2
worstinmarksmanclass,2
unreliable,2
substance,2
march,2
drove,2
territory,2
tying,2
squishies,2
harassed,2
revisiting,2
accelerando,2
penalizing,2
hefty,2
whack,2
convinced,2
unforgiving,2
responsibility,2
offered,2
situational,2
precious,2
reader,2
referred,2
oneanddone,2
windup,2
preparing,2
immunity,2
pair,2
esoteric,2
onboard,2
friday,2
reliance,2
omnivamp,2
welcoming,2
processing,2
drastically,2
patchbypatch,2
floor,2
ceiling,2
yetter,2
uninteractive,2
exert,2
attrition,2
usable,2
rotate,2
separately,2
mistake,2
highlighted,2
bold,2
shieldbow,2
kraken,2
elise,2
leblanc,2
cassiopeia,2
malzahar,2
broaden,2
arbitrary,2
recolor,2
snapshot,2
richest,2
farthest,2
underdelivering,2
synergistic,2
road,2
generic,2
frostfire,2
battlesong,2
bursty,2
degrade,2
strengthen,2
expressive,2
conqueror,2
overview,2
widely,2
cape,2
flesh,2
recovered,2
streamlined,2
freed,2
veteran,2
undermining,2
messing,2
freshened,2
distinctive,2
leap,2
rollout,2
seasonal,2
summarize,2
disruption,2
hotfixes,2
distinguishable,2
rendering,2
par,2
pin,2
elaborate,2
ninja,2
fluffy,2
teddy,2
attract,2
phd,2
warwick,2
apm,2
funding,2
maintenance,2
realistically,2
sheen,2
daynight,2
opposite,2
pre,2
communicated,2
unfair,2
mainly,2
awkward,2
bugfixes,2
regen,2
limiting,2
ineffective,2
asap,2
mindful,2
navigate,2
awareness,2
disconnect,2
toolsets,2
revised,2
feasible,2
signature,2
assuming,2
arguably,2
aspiration,2
upside,2
correlation,2
expertise,2
demonstration,2
advance,2
nuanced,2
prominently,2
china,2
mile,2
hesitate,2
symbol,2
sentence,2
assumed,2
heel,2
severe,2
assigning,2
ramp,2
self,2
tongue,2
thick,2
alternating,2
downgrade,2
trailer,2
vault,2
performed,2
dedicate,2
skirt,2
penalized,2
failed,2
mixing,2
predator,2
unflinching,2
splitting,2
intingafking,2
crushed,2
streamer,2
replacement,2
notified,2
false,2
prioritized,2
investigate,2
flatten,2
capacity,2
decreased,2
calibration,2
matchmake,2
policy,2
sheer,2
pivoted,2
acquire,2
sparkle,2
tackle,2
spaghetti,2
marinara,2
evaluation,2
publish,2
reply,2
vague,2
hate,2
unanimous,2
leader,2
endeavor,2
timtammonster,2
disappointed,2
kicking,2
widespread,2
revival,2
robust,2
viewpoint,2
amplify,2
inability,2
blind,2
public,2
entered,2
stancechanging,2
autoattackmeleefocused,2
ooyoo,2
namgung,2
stoked,2
recreate,2
blocking,2
polishing,2
birdlike,2
swipe,2
leaned,2
nod,2
inception,2
awakened,2
dear,2
replaced,2
softer,2
deepen,2
communicate,2
enhancement,2
arc,2
bounce,2
oracle,2
diligence,2
draconic,2
prepare,2
composer,2
scherzo,2
inventor,2
differentiate,2
clock,2
orchestra,2
flourish,2
variation,2
family,2
individuality,2
chord,2
hodges,2
tip,2
gravitated,2
tag,2
fifth,2
sixth,2
cleanup,2
driving,2
explaining,2
frontend,2
prepatch,2
chromiumbased,2
minicomputer,2
programming,2
reform,2
sophisticated,2
certainty,2
stashu,2
brutally,2
allmelee,2
shine,2
brainstormed,2
whichever,2
pitch,2
recast,2
immense,2
deity,2
lean,2
rope,2
corresponding,2
hone,2
belt,2
denote,2
lifestyle,2
silence,2
damned,2
inbetween,2
endless,2
prowess,2
heritage,2
resemble,2
lend,2
relatable,2
eastern,2
subtly,2
lacking,2
conveyed,2
fancy,2
lanky,2
bow,2
exampleits,2
dodgeable,2
pallette,2
dump,2
excess,2
faded,2
howling,2
abyss,2
homeguards,2
lunar,2
transformed,2
patient,2
operation,2
closed,2
formation,2
scheduling,2
unlucky,2
persistent,2
lec,2
fraction,2
lowered,2
playoff,2
kiting,2
safer,2
overbuff,2
varus,2
healthier,2
vlad,2
jared,2
rosen,2
brother,2
inner,2
fulfilling,2
lim,2
exchange,2
letter,2
overperforming,2
patchtopatch,2
discussing,2
bouncing,2
tightened,2
estimated,2
loosening,2
invited,2
alpha,2
overdue,2
manaenergy,2
deathmatch,2
blow,2
prize,2
hill,2
breathing,2
shock,2
bf,2
kr,2
highlighting,2
persist,2
lookout,2
retained,2
consequence,2
outplay,2
trinity,2
unintuitive,2
purchasing,2
conflicting,2
bloat,2
riskreward,2
negate,2
rec,2
overwhelm,2
february,2
simulating,2
outperform,2
actioned,2
interdivision,2
seemingly,2
informed,2
victorious,2
teambased,2
recognizing,2
keyboard,2
statistic,2
formally,2
hammer,2
ridiculous,2
subscription,2
adobe,2
recruit,2
installing,2
device,2
distributing,2
baby,2
interpreted,2
abundance,2
couldve,2
issued,2
equipped,2
awkwardly,2
evident,2
accusation,2
consciousness,2
sixteen,2
swiftly,2
mirror,2
wake,2
vibrant,2
indicated,2
suspension,2
pilot,2
suite,2
protocol,2
unto,2
adapted,2
queued,2
lefty,2
mankind,2
empowering,2
featureful,2
increasingly,2
promoting,2
itemization,2
comparatively,2
sauce,2
internet,2
pr,2
wanna,2
closing,2
vulnerability,2
spellcast,2
surreal,2
cure,2
veil,2
ferocious,2
savage,2
pleased,2
pulling,2
earth,2
erosion,2
rainbow,2
arch,2
mesh,2
bolt,2
shockwave,2
cracked,2
layering,2
drum,2
treated,2
disturbing,2
beefy,2
bass,2
bloodthirsty,2
grabbed,2
mask,2
motif,2
pant,2
vastly,2
twopart,2
lagging,2
onemake,2
thingwas,2
greenlight,2
jumped,2
royal,2
australian,2
obsessively,2
anton,2
matthew,2
cao,2
richard,2
henkel,2
interview,2
canada,2
partake,2
mass,2
quantity,2
maple,2
syrup,2
poutine,2
van,2
roon,2
medler,2
barber,2
gifted,2
musician,2
skateboarder,2
remarkably,2
handy,2
compass,2
resides,2
phone,2
leaping,2
held,2
interjects,2
orientation,2
lefttoright,2
distribute,2
digitally,2
illustrator,2
meanwhile,2
missile,2
janky,2
pt,2
pursue,2
formed,2
custombuilt,2
town,2
practical,2
chad,2
exponentially,2
foot,2
rougher,2
deathcap,2
disarmed,2
prevented,2
chalice,2
shroud,2
stillness,2
titanic,2
voidling,2
freeze,2
compounded,2
oftentimes,2
fundamentally,2
nail,2
blender,2
thrown,2
taught,2
countered,2
warden,2
jeweled,2
cleave,2
sivir,2
fivecost,2
ignore,2
swung,2
standout,2
relation,2
pivot,2
pilotsorcerer,2
backed,2
fizz,2
deepdive,2
stattrackers,2
unlockable,2
perk,2
hemoplague,2
ambassador,2
destroyed,2
faq,2
protected,2
retrieve,2
privilege,2
beef,2
goulash,2
enthusiastic,2
api,2
aimbots,2
aaa,2
online,2
multiplayer,2
doubt,2
halfbreed,2
son,2
snowballed,2
robot,2
butler,2
tax,2
traditionally,2
named,2
father,2
lie,2
seth,2
dense,2
scare,2
invoke,2
experimentation,2
geometry,2
puppet,2
facial,2
flowing,2
creepy,2
label,2
singleplayer,2
indie,2
bespoke,2
completable,2
widerange,2
storydriven,2
turnbased,2
tide,2
directed,2
joe,2
platformer,2
handanimated,2
queueing,2
alwayson,2
casual,2
debated,2
disappear,2
tt,2
championbased,2
minimize,2
hover,2
reliably,2
shielding,2
manipulative,2
alignment,2
delaying,2
discounted,2
yearround,2
accountable,2
restricted,2
wildly,2
surge,2
grade,2
winnable,2
midtop,2
supportmid,2
assigned,2
assignment,2
degenerate,2
simultaneous,2
noob,2
exploit,2
threepart,2
dispelling,2
helper,2
masterchallenger,2
looping,2
trained,2
seung,2
eun,2
fluid,2
brush,2
filtering,2
brushstrokes,2
curly,2
linesits,2
lining,2
imperfect,2
threestar,2
revamp,2
nancy,2
woman,2
physic,2
flan,2
mythical,2
monsterslaying,2
ascetic,2
southeast,2
prison,2
prayer,2
possessed,2
begging,2
whirlpool,2
up,2
allin,2
strat,2
goth,1
kid,1
whatif,1
topical,1
selfactualization,1
editing,1
linguistics,1
nerd,1
pronounced,1
kn,1
triangulate,1
openemphasized,1
,1
closedcentered,1
,1
speaker,1
shaping,1
reserving,1
gumball,1
phonetics,1
ebb,1
limiter,1
patternsif,1
excessive,1
farhow,1
calibrate,1
fishing,1
grit,1
overheats,1
learnable,1
understandability,1
championits,1
underwhelming,1
micropatches,1
preestablished,1
micropatched,1
probability,1
informal,1
planted,1
conveniently,1
loldev,1
boardsmaking,1
offtopic,1
sneaker,1
urgent,1
mustknow,1
weirdly,1
wr,1
introductory,1
themnot,1
willumps,1
sung,1
tense,1
reimagining,1
lighthearted,1
attitude,1
tragic,1
deed,1
backstories,1
stylistic,1
styling,1
eccentric,1
daring,1
futuristic,1
gritty,1
neon,1
dystopia,1
pentakillingest,1
trivia,1
unsurprisingly,1
triomaster,1
convergencebut,1
enemytargeted,1
singlethreat,1
operative,1
lethality,1
defended,1
lanesplit,1
defenseless,1
aggressor,1
resistance,1
vein,1
hourglass,1
bend,1
lgbt,1
forwardfacing,1
generation,1
storyteller,1
empathy,1
clue,1
festival,1
nightless,1
eve,1
exloversenemies,1
budding,1
pave,1
yuujou,1
thistoo,1
undercut,1
onoff,1
undercutting,1
shortas,1
spectator,1
parent,1
skinit,1
closet,1
sensibility,1
lux_lux_spacegroove_chromasjpg,1
complementary,1
analogous,1
triadic,1
piloted,1
overarching,1
craftlevel,1
blitzif,1
whosthischamp,1
pad,1
jerky,1
dancey,1
intuition,1
retroactively,1
pointy,1
drill,1
muddies,1
pauldrons,1
serum,1
psyop,1
camouflage,1
stressful,1
louder,1
ponytail,1
kickass,1
repetitive,1
goldilocks,1
aspirational,1
rocksolid,1
multifaceted,1
remastering,1
intelligibility,1
enacting,1
projected,1
mobaready,1
speak,1
longwinded,1
monologue,1
lull,1
lessismore,1
reining,1
selfonly,1
selfenemy,1
vus,1
rito,1
arcanum,1
teaser,1
unbenched,1
longstanding,1
highlycoordinated,1
lesscoordination,1
riotpetrie,1
reenable,1
orchestrates,1
distributed,1
expectedthings,1
misbehaving,1
owned,1
surfacing,1
downstream,1
error,1
timewe,1
randomize,1
predetermined,1
specially,1
personalized,1
stocking,1
sciencecheck,1
aryeila,1
grimy,1
nestled,1
paylangi,1
outsider,1
crammed,1
wooden,1
shanty,1
wildlifebut,1
tropical,1
sprout,1
buhru,1
pleasant,1
specimen,1
flytrap,1
thriving,1
florist,1
dried,1
vine,1
frivolous,1
wealthiest,1
ostentatious,1
garden,1
residence,1
quay,1
wharf,1
bay,1
obediently,1
serverauthoritative,1
transactional,1
setmath,1
terminology,1
alwaysfreetoplay,1
empty,1
queuedodged,1
whatsoever,1
hesitantly,1
somebody,1
elevate,1
themspirit,1
devinsage,1
backlog,1
downloading,1
botley,1
rid,1
highlycompetitive,1
kabooms,1
helpless,1
quantitative,1
coupled,1
vigilant,1
remembering,1
accept,1
stopping,1
restarts,1
devastating,1
disastrous,1
ingested,1
inworld,1
identical,1
elixir,1
worldand,1
teenage,1
godwarrior,1
towering,1
petricite,1
catchall,1
mundane,1
pointed,1
rub,1
handed,1
tasting,1
fruit,1
revolting,1
botlane,1
marksmenlike,1
heimderinger,1
begs,1
daunting,1
offmeta,1
statement,1
selffulfilling,1
prophecyif,1
challenged,1
advent,1
fasting,1
unorthodox,1
metabreakers,1
violate,1
pointandclick,1
nearmandatory,1
necessity,1
adap,1
whod,1
damagedurabilityhealing,1
seraphsmuramana,1
irrelevant,1
forsatisfaction,1
healingdurability,1
situationally,1
elo,1
skilland,1
truth,1
nextyour,1
iamwalrus,1
roam,1
undoubtedly,1
battlefield,1
critically,1
powerovertime,1
kogmaw,1
lategameskewed,1
sync,1
thematicsspirit,1
preclude,1
cleanly,1
championwholl,1
mundonext,1
popularwe,1
fault,1
judging,1
solely,1
alienating,1
goaleven,1
specie,1
tutorial,1
pie,1
merchant,1
guild,1
demo,1
timely,1
demise,1
overrated,1
grabgrabgrabgrabgrab,1
hail,1
lonely,1
insert,1
dunno,1
rageblade,1
overtaken,1
seraph,1
fat,1
gainz,1
battlecast,1
trickier,1
posed,1
knockback,1
impassable,1
antiassassin,1
followhe,1
knockbacked,1
displaced,1
casted,1
meeps,1
draganddrop,1
cloneswe,1
copied,1
recreated,1
interfere,1
inherited,1
suplex,1
bounding,1
teej,1
sugarcone,1
furyhorn,1
fuwa,1
,1
hardearned,1
whatacoolwitch,1
intention,1
intimate,1
meaningfulwhen,1
collected,1
zealous,1
slogging,1
chore,1
correlate,1
duper,1
companion,1
endsitll,1
arcade,1
reskins,1
relocation,1
blitzwhich,1
eventsto,1
repurpose,1
chop,1
seriousness,1
karadwe,1
endlesspillows,1
varying,1
overhauled,1
touchedup,1
textbook,1
howwhy,1
playful,1
pet,1
sparked,1
isolate,1
macewielding,1
wielder,1
actualize,1
fantasysmash,1
mace,1
indestructible,1
mosthonored,1
oathsworn,1
quinn,1
mosttoleast,1
honoring,1
american,1
european,1
questionits,1
allocate,1
trophy,1
likeminded,1
lfg,1
megathread,1
rteamredditteams,1
frequentlyrequested,1
route,1
freely,1
soulsucking,1
heartthrob,1
nobody,1
undeniably,1
muchin,1
dispassionate,1
incurious,1
contributing,1
disappointingly,1
countless,1
targon,1
constellation,1
sky,1
envisage,1
striding,1
nagakabouros,1
confuse,1
unusually,1
millennium,1
grace,1
misconception,1
herlike,1
dodgingbut,1
ccd,1
weaving,1
slowest,1
squishiest,1
rosterboth,1
thematicand,1
thinnest,1
thickest,1
outrageously,1
objectively,1
leaguethe,1
excluding,1
faced,1
deserving,1
existit,1
exit,1
detach,1
squishiness,1
detached,1
interrupted,1
topped,1
healbot,1
gating,1
bypass,1
regularlywhich,1
reskinnexus,1
selector,1
itis,1
lorebased,1
acknowledged,1
fork,1
duty,1
ambition,1
game_hours_per_modejpg,1
deviate,1
gameplaysuch,1
altwincon,1
singularitytakes,1
eventwhich,1
summerwere,1
hbbong,1
kenadamsnsa,1
prioritywe,1
endanger,1
onesizefitsall,1
delight,1
smallbutdedicated,1
unspoken,1
stepping,1
exhaustive,1
elderwood_ornnjpg,1
astronaut_bardjpg,1
consistentlyits,1
lilac,1
nebula,1
repetition,1
gamemany,1
distort,1
npc,1
twostar,1
beernana,1
scaryhorror,1
terrified,1
fearing,1
fleeing,1
slasher,1
flick,1
haunting,1
mounting,1
psychologically,1
suspensehorror,1
youbut,1
scary,1
thoughthe,1
westward,1
migration,1
east,1
oovikat,1
flee,1
ixtal,1
ledros,1
blessed,1
autoswapped,1
metagame,1
routed,1
loser,1
euw,1
unrelated,1
massage,1
y,1
asmr,1
phreak,1
surely,1
lit,1
tsm,1
doublelift,1
clg,1
sam,1
kobe,1
hartmankenzlers,1
smartwatches,1
playruneterracom,1
elnuks,1
netdeckers,1
teamfighttacticsleagueoflegendscom,1
downgraded,1
nokia,1
monetization,1
ringtones,1
pretend,1
spongebob,1
compellingand,1
brilliantly,1
spinetinglingperformance,1
evocative,1
sublime,1
audition,1
goff,1
stunning,1
splice,1
unearth,1
bonechilling,1
yielded,1
selfcontained,1
glue,1
mosaic,1
sonic,1
parallel,1
dry,1
rattling,1
disjointed,1
vaguely,1
intensify,1
sinister,1
insect,1
anatomical,1
lip,1
lung,1
wet,1
gurgly,1
macabre,1
breathless,1
zimerfly,1
canonical,1
nugget,1
unremarkable,1
trickythough,1
impossibleto,1
doran,1
fella,1
nottoodistant,1
saturation,1
upped,1
immersion,1
believability,1
blockbuster,1
higherdetail,1
costume,1
moody,1
flare,1
mote,1
film,1
believable,1
textureslike,1
scenarioand,1
tassel,1
modelwe,1
nightbringer_vladimir_splash_cohesionjpg,1
requiring,1
sm,1
stompy,1
conclusively,1
revoking,1
incorrectly,1
aramonly,1
accountsboth,1
beemo,1
pictureperhaps,1
mspaintto,1
masterpiece,1
magnum,1
opus,1
fairest,1
opposing,1
thoughforcing,1
recapture,1
tp,1
amp,1
payout,1
doubly,1
newish,1
arclight,1
augmentation,1
reimagination,1
desirability,1
expensivelooking,1
sparkly,1
iamcarlos,1
bother,1
xphitting,1
regret,1
disheartened,1
disheartening,1
unstructured,1
riotwrekz,1
takedownsactions,1
flatout,1
pulse,1
damagetaken,1
damagedealt,1
duplicate,1
duplication,1
inconvenient,1
nowbefore,1
activatesso,1
futureproof,1
autologin,1
unhappy,1
credential,1
recover,1
positionspecific,1
killsadc,1
prof,1
complexitydifficulty,1
longerthenaverage,1
nostalgic,1
banal,1
wholeheartedly,1
agreeevents,1
housespecific,1
codelike,1
gamecan,1
rgms,1
bubble,1
gum,1
upkeep,1
knowinglybasically,1
intentionallybuggy,1
principled,1
aether,1
relaunch,1
turkey,1
latam,1
midoctober,1
betaand,1
regionsclash,1
tbd,1
pat,1
impressed,1
edition,1
powersuited,1
cgui,1
acronym,1
foretold,1
everexpanding,1
lavender,1
crashing,1
succumb,1
elegance,1
beauty,1
cake,1
occasion,1
shack,1
wreck,1
smashed,1
bottle,1
puddle,1
claimed,1
laughter,1
armed,1
dead,1
messbut,1
customer,1
doubted,1
guarding,1
updatehes,1
communing,1
pour,1
prevgu,1
immortalize,1
cranking,1
starforging,1
forger,1
gigantic,1
arrogant,1
plummeted,1
patching,1
puppy,1
persona,1
larry,1
ray,1
fantastical,1
scorpion,1
brakern,1
housing,1
regains,1
bitter,1
pride,1
nazumah,1
twoone,1
alistar,1
teamaka,1
crew,1
cosmeticshave,1
yearslike,1
neck,1
wrist,1
undergo,1
rearing,1
kinetic,1
pulsing,1
sparky,1
determination,1
autoattack,1
reexplore,1
amped,1
discarding,1
trash,1
swore,1
charisma,1
saved,1
fulfill,1
checked,1
demanded,1
pursued,1
expressed,1
cultivated,1
headwrap,1
overwhelmingly,1
prospect,1
connecting,1
earp,1
demigodinspired,1
kicked,1
encroaching,1
doomlets,1
mundoverse,1
rereleasing,1
mundoit,1
reasoning,1
questionable,1
rageborn,1
maddening,1
rat,1
charming,1
corki,1
intentionallydesigned,1
bleak,1
vexing,1
sigh,1
annoyed,1
hyperactive,1
clobbering,1
lifeforms,1
irritating,1
pesky,1
begrudgingly,1
makeover,1
todaywe,1
grim,1
glimpse,1
tenacious,1
quit,1
debut,1
grave,1
azakana,1
renewed,1
unannounced,1
charmed,1
promenade,1
convert,1
instant,1
megafan,1
detainment,1
runaway,1
fugitive,1
caution,1
provoked,1
warbands,1
littering,1
retreat,1
cornered,1
highlytrained,1
detain,1
marked,1
romantic,1
twisting,1
possessing,1
exploratory,1
supertank,1
chuck,1
tradeoffshaving,1
ccimmunity,1
toolso,1
redeemer,1
nontraditional,1
quarterfinal,1
shall,1
devout,1
birth,1
sun,1
lone,1
comforting,1
zenlike,1
reap,1
laughing,1
furiously,1
aggression,1
smashing,1
unstoppability,1
horrific,1
whimsical,1
nearer,1
necessitates,1
agreethere,1
reassure,1
sizable,1
highkill,1
outweigh,1
shuriken,1
abrupt,1
decisionsshowcase,1
gamechanging,1
knockon,1
sideeffects,1
overnerf,1
unkillable,1
obsolete,1
snoozefest,1
galaxysmash,1
zooming,1
busting,1
nullify,1
occupying,1
collaborative,1
crunch,1
math,1
ballpark,1
singletarget,1
contextualize,1
synthesize,1
encompasses,1
drafting,1
howdy,1
gracing,1
activity,1
invades,1
tenth,1
teamed,1
rocked,1
served,1
bonkers,1
overflow,1
chanceso,1
heapload,1
poroyalty,1
obtain,1
mejais,1
soulstealer,1
multikills,1
flashing,1
achievable,1
counterintuitive,1
popoff,1
incentivize,1
leadswisely,1
greedy,1
counterjungling,1
deserved,1
shutdown,1
victorythey,1
conversely,1
hardshould,1
immobile,1
visualization,1
overprioritize,1
andmost,1
importantlyfunction,1
warding,1
facecheck,1
tapping,1
clawed,1
deactivation,1
chainsecured,1
disfavored,1
springboard,1
lethal,1
aery,1
finetune,1
observation,1
eliminate,1
sidelaning,1
flank,1
washing,1
bruiser,1
malmortius,1
midscope,1
caveat,1
analyzing,1
midlate,1
deleting,1
anythingits,1
touchy,1
oneshotted,1
hyperbolic,1
partly,1
weigh,1
directional,1
gametime,1
eligible,1
gruelling,1
fanswhile,1
leaguefocused,1
paying,1
makebreak,1
damwon,1
kia,1
edward,1
bloodbath,1
wildcard,1
marinating,1
misrepresented,1
innovated,1
stomped,1
quarter,1
tl,1
blizz,1
playins,1
riotmadnessheroo,1
zilean,1
breath,1
reminded,1
beryl,1
keria,1
innovating,1
sotere,1
dfm,1
ascend,1
riotphlox,1
executioner,1
scalability,1
hydrozenith,1
octane,1
everyday,1
cryin,1
instills,1
skepticism,1
truexy,1
pdt,1
showdown,1
edg,1
nov,1
fool,1
biweekly,1
shied,1
outputit,1
bending,1
rulesbending,1
damagefocused,1
initiate,1
forfeiting,1
equivalent,1
intellectual,1
garner,1
minigames,1
distract,1
fleet,1
footwork,1
deferred,1
incorporated,1
poked,1
loyal,1
roulette,1
syndrome,1
flux,1
poking,1
safely,1
unsealed,1
contentthink,1
showcased,1
abuseryou,1
demonstrative,1
routine,1
magnitude,1
grander,1
projecting,1
azubk,1
bandage,1
toss,1
worldbeater,1
scraped,1
higherskilled,1
abandon,1
champand,1
resolving,1
reckon,1
homogenous,1
uncertain,1
validating,1
obligation,1
getgo,1
spiderman,1
threaten,1
gank,1
duck,1
expro,1
advise,1
lowermmr,1
finetuning,1
troubled,1
noteworthy,1
mixeddamage,1
offset,1
qe,1
loose,1
hilarious,1
tariclulu,1
unlimited,1
independence,1
dearly,1
independently,1
earlygame,1
warp,1
spellspamming,1
highlymobile,1
experiencebased,1
itembased,1
sticking,1
gunslinger,1
slain,1
selfsufficient,1
answerof,1
pouring,1
resurrect,1
proceed,1
quadra,1
owes,1
resetting,1
reload,1
samurai,1
deflects,1
applies,1
supporty,1
severely,1
thatthe,1
selfish,1
padding,1
riff,1
henry,1
ford,1
marksmanassassin,1
roamed,1
testin,1
contesting,1
feelsbad,1
endlessly,1
autotargeted,1
botsupport,1
hymn,1
valor,1
aria,1
perseverance,1
injured,1
striking,1
mess,1
lanedestroying,1
brick,1
swim,1
crushing,1
autowin,1
gigachad,1
statcheck,1
dicier,1
maxcharge,1
zipping,1
healed,1
shoved,1
reluctant,1
zerocounterplay,1
decently,1
stung,1
leftover,1
instae,1
qcooldownreducing,1
dancer,1
wooshing,1
prancing,1
pointes,1
wham,1
spruced,1
transitioning,1
mmorpg,1
retrospective,1
author,1
fearless,1
wonderful,1
mmo,1
attribute,1
gasp,1
untargeted,1
exceptional,1
norm,1
compound,1
unconstrained,1
trim,1
staple,1
interrupting,1
clunky,1
accessed,1
invading,1
trinket,1
waveclear,1
ward,1
splitpushing,1
immobility,1
steam,1
kited,1
advantaged,1
samey,1
neargodlike,1
rationale,1
forgiving,1
considerably,1
misstep,1
setback,1
respawn,1
nonbuff,1
crab,1
reintroducing,1
minus,1
leashing,1
guestwriting,1
morgana,1
viably,1
rolejust,1
offrole,1
kitsitemsrunes,1
buffnerf,1
calculation,1
jungleviableavailable,1
examplewell,1
mainrole,1
allinning,1
operate,1
disengaging,1
stalemate,1
turnaround,1
thoroughly,1
verify,1
misrepresent,1
choicehence,1
galeforce,1
draktharr,1
angush,1
strikebreaker,1
divine,1
sunderer,1
aegis,1
unviable,1
pressing,1
rundown,1
doubleups,1
labeled,1
unlabeled,1
misleading,1
mf,1
tankier,1
dip,1
widened,1
offbuild,1
liandrysludens,1
favoring,1
legit,1
confined,1
killer,1
fang,1
patternlevel,1
difficulttoexecute,1
mitigated,1
insufficient,1
invis,1
powerwin,1
skewing,1
mustbuy,1
nimbus,1
strengthening,1
uniqueness,1
assessed,1
conventional,1
groundwork,1
taper,1
exposing,1
teaching,1
anticipating,1
influentialpowerful,1
lighttouch,1
minimap,1
expectedly,1
entrant,1
incombat,1
stabilized,1
outofposition,1
mathematical,1
timetokill,1
theoretical,1
creeping,1
symptom,1
offtarget,1
smoother,1
winstreaking,1
collaborated,1
aged,1
speedy,1
taunting,1
highpoint,1
highspeed,1
combod,1
puncturing,1
collision,1
aftershock,1
refreshing,1
polished,1
hiccup,1
inflated,1
divisional,1
recapping,1
succeeding,1
accessing,1
prepping,1
posted,1
surprisingly,1
updated_iconsjpg,1
foreground,1
spelltheifs,1
hailblade,1
plastic,1
audit,1
sub,1
thesis,1
disrupted,1
teach,1
lilia,1
purchaser,1
wearing,1
preemptive,1
darkstar,1
useless,1
elderwood,1
goodbad,1
solvable,1
unfun,1
slated,1
funnel,1
bullshit,1
steal,1
stasis,1
compile,1
immobilize,1
detonates,1
lifesteal,1
mikaels,1
crucible,1
sharpening,1
unchooseable,1
knife,1
browsing,1
quickblade,1
alwaysaccessible,1
poring,1
dedicating,1
unforeseen,1
geographical,1
isp,1
disconnected,1
variability,1
pingpacket,1
financial,1
interactivity,1
logged,1
responsiveness,1
placeholder,1
reused,1
traitability,1
focal,1
overbuffing,1
discovery,1
eventual,1
blank,1
canvas,1
paralysis,1
indecision,1
infinite,1
themed,1
duckling,1
mismatch,1
brainstorm,1
attached,1
personalizationcosmetics,1
moderation,1
maintainable,1
newupdated,1
fleshing,1
male,1
snowbally,1
tankiness,1
whetherhow,1
fare,1
champvgu,1
unenjoyable,1
intersect,1
phrase,1
floating,1
reacted,1
misestimation,1
largest,1
undertaken,1
unbiased,1
comparing,1
horizontal,1
vertical,1
assumedly,1
globe,1
noisiest,1
respectful,1
offpeak,1
ultrahigh,1
insanely,1
behaving,1
deployed,1
tweet,1
httpstwittercomriotmeddler,1
classchamp,1
outing,1
timeframe,1
skinevent,1
overusing,1
standardize,1
cater,1
unnecessarily,1
wordy,1
adopting,1
unify,1
hindered,1
classifying,1
idling,1
reconnecting,1
automatic,1
treading,1
fixing,1
revamping,1
granularity,1
severity,1
anyrank,1
unrestricted,1
serf,1
captaingameplay,1
semiglobal,1
marque,1
playmaking,1
eat,1
arrival,1
stacked,1
upheaval,1
splitworlds,1
smallerscope,1
weighting,1
levelthe,1
riotscruffy,1
brightness,1
acquiring,1
apology,1
refunding,1
accountlevel,1
yesno,1
refunded,1
equates,1
prominent,1
rebooted,1
visibilitypriority,1
reluctantly,1
sg,1
thin,1
benefited,1
hellfiredemonsangels,1
west,1
monthly,1
quadrupling,1
korea,1
pairing,1
feedingafking,1
sabotaging,1
combing,1
intafk,1
unacceptable,1
crossgame,1
afkingquitting,1
overrelying,1
interpret,1
dc,1
quitting,1
committing,1
exploitative,1
gaining,1
traction,1
enhancing,1
goldxp,1
environmental,1
freshness,1
infernal,1
cone,1
chip,1
velocity,1
cced,1
incoming,1
zeal,1
pd,1
rfc,1
intingpseudo,1
pretending,1
teamfightsobjectives,1
behaviorinfluencing,1
socialrecognition,1
trialing,1
surfaced,1
triggered,1
notify,1
reexamine,1
falsely,1
unjust,1
selfsabotage,1
retrospect,1
expense,1
twoweek,1
undeserved,1
listed,1
prefer,1
uneven,1
influencepower,1
indirectly,1
thisll,1
stripped,1
academia,1
passprestige,1
heavier,1
sale,1
missionsloot,1
partway,1
worldsnight,1
dawn,1
buyer,1
factored,1
event	,1
tokens	tokens,1
bundle	average,1
dayweekly,1
wins	average,1
game	average,1
academia						,1
arcade						,1
project						,1
						,1
dawn						,1
kingdoms						,1
launch						,1
fix					,1
	,1
event						,1
premium,1
compsexperiences,1
sirhaian,1
passionfueled,1
updatesor,1
updatesare,1
geared,1
sprucing,1
elevating,1
explosion,1
quickcast,1
preupdate,1
scoping,1
reign,1
busyness,1
unneeded,1
voidy,1
prevail,1
stride,1
olden,1
curse,1
mummy,1
underdeliver,1
whereif,1
touchup,1
appearbut,1
leaguevfx,1
approved,1
leaguepbe,1
rleaguepbe,1
allencompassing,1
elicit,1
dissent,1
trending,1
insulting,1
constructively,1
insult,1
extracurricular,1
harming,1
angry,1
discouraged,1
tilted,1
reinforcing,1
playersit,1
nonpremade,1
sport,1
frustrated,1
witheven,1
occurring,1
embarking,1
prove,1
mettle,1
decay,1
fairer,1
rediscover,1
abused,1
pun,1
expansive,1
winprediction,1
accommodation,1
duosthis,1
volatility,1
autofillsecondary,1
importantlygame,1
diverged,1
ironic,1
makeup,1
reconcile,1
booster,1
boostee,1
seller,1
compatible,1
detriment,1
attempted,1
merging,1
disparity,1
vanish,1
eradicated,1
betweenteam,1
withinteam,1
competitiveness,1
grouporganized,1
reinvesting,1
flexclash,1
nonranked,1
readily,1
integrated,1
stock,1
perfecting,1
span,1
checkin,1
faade,1
turd,1
hunched,1
propeller,1
refocus,1
hurdle,1
proofing,1
thicc,1
beach,1
koingyeal,1
koing,1
jang,1
connectedbecause,1
reverence,1
inherent,1
stabbing,1
lunge,1
iced,1
winged,1
awakening,1
luis,1
bloois,1
agua,1
deer,1
casesbear,1
versatile,1
championexactly,1
hardedged,1
vfxi,1
colored,1
ram,1
skiesing,1
furthermore,1
mauling,1
newdyr,1
explorationswe,1
extensive,1
skinsso,1
dragonslayershe,1
dragony,1
udy,1
summoning,1
honing,1
ortho,1
nicely,1
wouldnot,1
composing,1
fudge,1
lotta,1
sheriff,1
alexander,1
dreamer,1
harmonious,1
harmony,1
neutralityuncertainty,1
advancement,1
dissonance,1
percussion,1
rhythmic,1
zither,1
extension,1
wealthy,1
aristocratic,1
ornament,1
tradition,1
society,1
vestigial,1
trapping,1
melodically,1
intricacy,1
inquisitive,1
fiercely,1
intelligent,1
lyrical,1
purposeful,1
unhurried,1
righteous,1
reframed,1
harmonic,1
shook,1
tipping,1
needle,1
theorist,1
emmanuel,1
gunlap,1
lagumbay,1
sheet,1
instrument,1
becauselets,1
realnot,1
download,1
arranged,1
orchestration,1
challengerlevel,1
arranger,1
pianist,1
characterdriven,1
memorize,1
relax,1
ostinato,1
rushed,1
triplet,1
marking,1
ninth,1
fourth,1
eighth,1
cefaka,1
architectureto,1
twofold,1
startup,1
outofmemory,1
unlicensedoutofdate,1
legitimately,1
attentionthe,1
multitask,1
processor,1
netflix,1
fastestgrowing,1
discord,1
playlist,1
instruction,1
emulates,1
efficiently,1
reusing,1
synchronously,1
talkative,1
handling,1
stalled,1
freezing,1
andlast,1
leastwere,1
proved,1
lolz,1
highfrustration,1
tunneling,1
articlewell,1
prong,1
afkleave,1
incur,1
offending,1
perpetrate,1
deterred,1
megadelays,1
popup,1
expire,1
maximumlevel,1
timebased,1
afkyou,1
reformed,1
doinked,1
intermittent,1
equitable,1
winwin,1
meat,1
stash,1
chelluck,1
manbearphoenixs,1
thrilled,1
wayyyy,1
scrolled,1
agoall,1
intrigued,1
dancing,1
firstblooding,1
unsuspecting,1
sleeve,1
weathered,1
paced,1
longerranged,1
biggerandscarier,1
waxed,1
waned,1
maul,1
tea,1
carved,1
variancehigh,1
ding,1
highpower,1
castin,1
mediumlowimpact,1
jawdropping,1
visibly,1
animalshamanxmartialartist,1
vacuum,1
frejlord,1
monkey,1
aimedranged,1
withstand,1
heighten,1
superbuff,1
kitting,1
unused,1
charged,1
superverison,1
recasting,1
cd,1
assumption,1
differentiated,1
craziest,1
beastmode,1
timeand,1
outset,1
humble,1
monk,1
limb,1
battleready,1
posse,1
druid,1
mma,1
keyed,1
invoker,1
meleefeel,1
organize,1
denoted,1
featherstrinkets,1
typestrong,1
muscular,1
bodybuilder,1
handsknuckles,1
signify,1
bead,1
necklace,1
tattoosmarkings,1
shamanistic,1
wood,1
tattoo,1
attachment,1
hairy,1
likewe,1
powerfulfeeling,1
indicative,1
dana,1
luery,1
griddlebones,1
shaw,1
waaaarghbobos,1
instinct,1
practiced,1
icy,1
forefront,1
obstacle,1
undoing,1
tensionphysical,1
beck,1
intensely,1
returned,1
linking,1
ideavolibear,1
enveloped,1
watchful,1
untrue,1
warrioranimalshamanmartialartistmonk,1
noticing,1
yearssome,1
majorly,1
interval,1
kicker,1
explicit,1
surveying,1
attractive,1
fashionable,1
humansits,1
fiction,1
revolves,1
playersin,1
equation,1
evidence,1
western,1
punk,1
questiondo,1
dragonthemed,1
earthso,1
locationswe,1
persian,1
conquistadorera,1
spanish,1
straightup,1
humanish,1
semihuman,1
anatomically,1
science,1
anatomy,1
nonmonstrous,1
disagree,1
album,1
bronzies,1
explainer,1
doodle,1
deets,1
con,1
livetweeted,1
wronglike,1
skinsnot,1
objectiveswere,1
unbreakable,1
audiovisual,1
flashiness,1
noisy,1
bfgs,1
shrouded,1
darkness,1
recognizability,1
complicate,1
arrow,1
staff,1
shotgun,1
knee,1
bulky,1
innocent,1
wellits,1
saturated,1
cue,1
highduration,1
comet,1
poorlythe,1
dodgeability,1
upholding,1
blurring,1
disciplinelike,1
oncan,1
overflowing,1
timeless,1
coolness,1
clearness,1
peashooter,1
leeway,1
paytowin,1
paytolose,1
scrollingdown,1
whistle,1
overshoot,1
peruse,1
leisure,1
coven,1
dawnbringer,1
curtain,1
surprising,1
fox,1
wellyou,1
fullfox,1
humanfox,1
nearpermanent,1
solar,1
bop,1
abandoning,1
crocodile,1
spamming,1
stayed,1
lovely,1
eternity,1
stabler,1
chipping,1
clashthemed,1
hud,1
segue,1
surveyed,1
specify,1
inviting,1
pending,1
invite,1
forming,1
subside,1
participant,1
kickoff,1
governs,1
presencewhich,1
bansas,1
borderlineop,1
identifier,1
segment,1
excels,1
abundant,1
somewhatoverlooked,1
seasoneven,1
preventative,1
neat,1
fervor,1
unilaterally,1
stylewhich,1
minimizing,1
vgud,1
patchesto,1
maximizing,1
damning,1
peeling,1
hermore,1
minutebut,1
manner,1
marksmanbot,1
marksmanbottom,1
frontrunners,1
midgame,1
sporting,1
metaespecially,1
playseemed,1
unwise,1
remembered,1
heroeswere,1
innovative,1
installment,1
wtf,1
speciala,1
delicious,1
animeand,1
kanmei,1
akana,1
eviltheyre,1
embracing,1
hiding,1
stare,1
pointedly,1
pondered,1
leapt,1
boast,1
magically,1
flu,1
actuallyhas,1
reconciliation,1
incarnation,1
temptation,1
embodies,1
prank,1
younope,1
shepherd,1
grove,1
delegating,1
thomas,1
cunningham,1
edit,1
fitting,1
weebiest,1
dandere,1
tsundere,1
yandere,1
kakkoii,1
kawaii,1
restaurantstyle,1
blushing,1
notion,1
obscured,1
paul,1
zeronis,1
kwon,1
waist,1
derivative,1
leaguestyle,1
seamlessly,1
boring,1
novely,1
zara,1
berry,1
championing,1
reputation,1
tally,1
microforwarding,1
smooch,1
measurable,1
underperformance,1
prone,1
subjective,1
bias,1
predominantly,1
encouraging,1
raise,1
wip,1
unapproachable,1
respecting,1
stem,1
intercede,1
hypercarry,1
hesitant,1
buffheavy,1
correcting,1
safeguard,1
buffswhich,1
buffswe,1
warranted,1
overpoweredunderpowered,1
flagged,1
loosened,1
protargeted,1
nonpro,1
counted,1
resurrecting,1
numerically,1
unchecked,1
emerged,1
nowadays,1
tightening,1
mapfrom,1
finalizing,1
firstpass_nexusb_riverjpg,1
paranoia,1
nearsighted,1
ulted,1
adaptive,1
vulnerable,1
surrounded,1
bestofthree,1
horizon,1
escort,1
nearest,1
defend,1
fastest,1
designated,1
fend,1
victoryscuttle,1
racing,1
beware,1
banana,1
dummy,1
blessing,1
allied,1
siege,1
aid,1
sieging,1
aboard,1
zap,1
mow,1
outofcombat,1
cdr,1
elder,1
blitzspecific,1
fastiteration,1
twopatch,1
newlyadded,1
muted,1
spice,1
foundational,1
welldesigned,1
estimating,1
miniature,1
ascent,1
hardtonotice,1
gametogame,1
adaptationmage,1
overshadow,1
navigating,1
scared,1
impenetrable,1
roadblock,1
believing,1
epically,1
sash,1
pickable,1
peppered,1
stinger,1
pickaxe,1
elegant,1
accumulated,1
confer,1
pathfor,1
diverting,1
shopping,1
finalized,1
recommendeditemsjpg,1
guided,1
handmade,1
curated,1
thornmail,1
randuins,1
omen,1
allitemsjpg,1
logical,1
layout,1
revealing,1
buckle,1
thorn,1
yanking,1
plumbing,1
faring,1
equalize,1
accounting,1
eliminated,1
activated,1
highestpopulated,1
sidered,1
tweaking,1
fledged,1
rounding,1
juneearly,1
teed,1
restrictionsover,1
loosen,1
legacy,1
diluting,1
ironing,1
hippocratic,1
mayve,1
repressed,1
trauma,1
mirageofpenguins,1
databased,1
screaming,1
disgustingly,1
polymerized,1
sesquiennial,1
newsletter,1
cartesian,1
coordinate,1
euclidean,1
plane,1
excommunicated,1
shrieking,1
manifestation,1
incurable,1
whimsically,1
everincreasing,1
tenaciously,1
flinging,1
adversary,1
machiavellian,1
finite,1
biomass,1
einstein,1
fabricate,1
painfully,1
extracted,1
lifestream,1
technologically,1
advancing,1
opposition,1
circumvented,1
longevity,1
brake,1
strap,1
ethical,1
magstripe,1
mechanically,1
nearinstantaneous,1
lifespan,1
ethernet,1
cable,1
imperfection,1
collectively,1
circumvent,1
methodology,1
usd,1
license,1
amusing,1
photoshop,1
sugarcoat,1
wrench,1
migratory,1
resort,1
stealing,1
procedurally,1
intrepid,1
frigid,1
fascinating,1
futile,1
reentering,1
hibernation,1
anew,1
metaphysical,1
perceive,1
layman,1
reentry,1
fluctuating,1
sized,1
nearconstant,1
cycling,1
supply,1
stolen,1
height,1
openly,1
packing,1
heavilyencrypted,1
tattooed,1
forearm,1
parlour,1
excruciatingly,1
cathartic,1
employed,1
themself,1
hoot,1
maniac,1
rifle,1
grenade,1
scapulimancy,1
discern,1
pseudorandom,1
aided,1
installed,1
trojan,1
mine,1
bitcoin,1
observer,1
wax,1
clairvoyance,1
detectable,1
gauss,1
meter,1
denominator,1
numerator,1
mathematically,1
codenamed,1
boyscouts,1
spotting,1
dot,1
suspended,1
algebraically,1
dowsing,1
keying,1
potently,1
stuttering,1
perpendicular,1
module,1
neutralizing,1
crossfire,1
testament,1
unprecedented,1
ascending,1
galvanized,1
ruled,1
sears,1
reverberate,1
scream,1
opera,1
skyward,1
schematic,1
affording,1
excuse,1
crayon,1
truncated,1
yaxis,1
sibilance,1
eleven,1
virtuous,1
frameperfect,1
spacing,1
indeed,1
prodigious,1
fuss,1
splinter,1
monochrome,1
gasoline,1
spacebars,1
thrill,1
doubtlessly,1
phenomenon,1
fruitless,1
nearmaximum,1
efficacy,1
secondly,1
hardstuck,1
godlets,1
banquet,1
adorning,1
crest,1
researcher,1
gratuitous,1
veritable,1
buffet,1
unassisted,1
malware,1
assured,1
overwhelmed,1
unnoticed,1
optimistically,1
patron,1
st,1
reportsdontmatter,1
toaster,1
wifi,1
bread,1
automatedincluding,1
house,1
circumvention,1
threefifths,1
programmable,1
coffeemakers,1
broadcast,1
cooked,1
adequately,1
godforsaken,1
simulacrum,1
humanity,1
assisted,1
semipolymorphic,1
westworld,1
screenplay,1
computational,1
throttling,1
randomization,1
calculator,1
breeding,1
banwaveresistant,1
consciously,1
abysmally,1
deforested,1
uprising,1
agonizing,1
looped,1
untimely,1
annihilation,1
powerless,1
existential,1
crisis,1
empathized,1
turmoil,1
necessitated,1
uncontrolled,1
logging,1
younger,1
careeroriented,1
righty,1
android,1
architect,1
honeypot,1
bloodstained,1
homicidally,1
inconsistency,1
enslaves,1
gpa,1
resume,1
deprioritize,1
unpunishedwork,1
investigative,1
judgment,1
dissuade,1
poker,1
generous,1
tipper,1
longlived,1
precedent,1
industry,1
preserved,1
adeptly,1
memorization,1
recitation,1
tenant,1
autobattlerhungry,1
shortcut,1
construction,1
omitted,1
ux,1
toolsparticularly,1
overlaysfilled,1
concerned,1
slope,1
descending,1
stifling,1
onrails,1
obtainable,1
predicting,1
aggregating,1
recommending,1
oncall,1
cooperate,1
freeforall,1
wintrading,1
enjoyment,1
wintraders,1
actioning,1
abuser,1
fruition,1
phil,1
n,1
pertinent,1
blackjack,1
forfeit,1
misguided,1
altruism,1
acceptance,1
confrontation,1
throttledthey,1
traipse,1
bewildered,1
tooth,1
automate,1
throttled,1
fps,1
deleted,1
facebook,1
basement,1
necromancy,1
meatless,1
skeleton,1
purposefully,1
cafeteria,1
security,1
compatibility,1
deemed,1
privacy,1
lemme,1
sneaking,1
scrimmage,1
tampered,1
friction,1
inconvenience,1
unread,1
tallest,1
gremlin,1
stenographer,1
arkem,1
toiling,1
psychic,1
dampening,1
coil,1
subscribe,1
dba,1
header,1
remanifest,1
appendix,1
insatiable,1
hackerone,1
godking,1
antitamper,1
goat,1
gaze,1
peripheral,1
agnostic,1
keypresses,1
withholding,1
maliciously,1
meticulously,1
crafted,1
dashboard,1
emulated,1
communicating,1
traffic,1
unideal,1
thered,1
alike,1
bacteria,1
inevitably,1
reprioritized,1
reproduction,1
antibacterial,1
resistant,1
rash,1
uninstall,1
unforgotten,1
unbearable,1
footage,1
designplus,1
lightningfueled,1
bridge,1
thestories,1
calm,1
dignity,1
overpower,1
wrath,1
studded,1
men,1
skinwhen,1
immobilizing,1
nathan,1
lutzburg,1
lutz,1
permaunstoppability,1
slowconversion,1
bite,1
opener,1
finisher,1
innovation,1
shocking,1
neal,1
nailock,1
wojahn,1
puke,1
progressesor,1
darkit,1
glow,1
erodes,1
orbit,1
sheetthis,1
cell,1
windy,1
opacity,1
crack,1
shooting,1
radial,1
crater,1
wiping,1
roar,1
jayvon,1
jirsan,1
rymer,1
pissed,1
andwill,1
wardrum,1
avalanche,1
accent,1
thunderclap,1
vocalization,1
elephant,1
trunk,1
trumpet,1
julian,1
zimberfly,1
samal,1
boundarypushing,1
listing,1
adjective,1
bassy,1
integral,1
microphone,1
solemn,1
sorrowful,1
delivery,1
violent,1
gravelly,1
bellowed,1
fury,1
tasteful,1
gamespace,1
cavernous,1
evoked,1
mountaintop,1
injecting,1
animalistic,1
bearrelated,1
sounding,1
hat,1
tesla,1
camo,1
whitemonochromatic,1
trendy,1
ski,1
antenna,1
mistaken,1
router,1
foursa,1
breather,1
biter,1
lineup,1
fastapproaching,1
huddle,1
await,1
landfall,1
pierced,1
rd,1
canceled,1
throwaway,1
cobbling,1
placelike,1
controllable,1
modelsthe,1
shippable,1
darling,1
pasture,1
popsicle,1
shallow,1
ugh,1
trolliest,1
motivational,1
convergence,1
boat,1
pirate,1
seasick,1
flying,1
retching,1
sacrificed,1
seaworthy,1
vortex,1
toptobottom,1
inexperienced,1
cramped,1
redesigning,1
skinning,1
flipped,1
bottomtotop,1
reoriented,1
occluding,1
specificity,1
array,1
harsh,1
rectangular,1
flipflopping,1
fing,1
lunch,1
hurry,1
damn,1
undertake,1
littler,1
maya,1
testingbasically,1
exceed,1
waking,1
russia,1
australia,1
joined,1
japan,1
fledgling,1
validated,1
happiest,1
yeahhhhhh,1
surprised,1
overprovisioned,1
culminated,1
highfiving,1
ofwhat,1
isa,1
fullblown,1
coolest,1
pivotal,1
lifetime,1
dumping,1
truckload,1
escaping,1
boomered,1
twelve,1
eighteen,1
countdown,1
andarguably,1
importantmake,1
doomsday,1
leaguewhich,1
sailing,1
hyperoptimized,1
envisioned,1
strategically,1
ensuing,1
battlethis,1
commander,1
encountered,1
lined,1
scan,1
photo,1
slack,1
ideasharing,1
counterproductive,1
sprint,1
unusual,1
exclusionary,1
sat,1
scheme,1
debug,1
printed,1
demolished,1
wreckage,1
alex,1
ranger,1
xiv,1
sherrell,1
depot,1
park,1
politely,1
sidebyside,1
oddly,1
derailed,1
rerolling,1
depart,1
supersonic,1
progressed,1
midbattle,1
kenchshaped,1
garbage,1
grew,1
dwarfing,1
craboncrab,1
warfare,1
viewed,1
tended,1
zoomedout,1
observing,1
spellcasting,1
reminisces,1
predictably,1
almostguaranteed,1
carouselallrodsjpg,1
higherthanintended,1
simplify,1
superstrong,1
highrolled,1
foundwell,1
attacker,1
aimlessly,1
betterfeeling,1
shutting,1
evenly,1
scaler,1
damagehealingshielding,1
dabbled,1
scaled,1
budge,1
appearing,1
silly,1
negatron,1
iceborne,1
mail,1
shroud_examplepng,1
poison,1
whiff,1
recurve,1
summon,1
generaluse,1
deathblade,1
vamp,1
redemption,1
wearer,1
runaans,1
dmg,1
warmogs,1
hptick,1
banish,1
guidepost,1
register,1
calculated,1
millisecond,1
champselectpercentilepng,1
champselect,1
threepercentilespng,1
horrible,1
perceptible,1
opportunistically,1
architectural,1
chunk,1
bloated,1
misusing,1
consolidate,1
theoretically,1
restarting,1
inefficiency,1
thenprobably,1
springwell,1
bluntly,1
pile,1
laggy,1
latency,1
horsepower,1
bottleneck,1
rerendered,1
consolidating,1
sixmonth,1
insane,1
fightdeciding,1
reverse,1
feared,1
targetting,1
randomlytargeting,1
dice,1
yorick,1
lightertouch,1
tension,1
foolproof,1
betterdesigned,1
desert,1
soulbound,1
described,1
lessen,1
persisted,1
incomplete,1
spectate,1
highimpact,1
hardtosee,1
abo,1
ut,1
boomerang,1
appreciable,1
bust,1
kog,1
balanceable,1
allstars,1
feast,1
famine,1
garedemptiondragons,1
scratching,1
majortraitfocused,1
branching,1
dominated,1
accelerate,1
difficulttoget,1
notorious,1
lucky,1
krugs,1
performedpotentially,1
proficiency,1
griefing,1
unsportsmanlike,1
quasicompetitive,1
criticism,1
attentive,1
inhabiting,1
casterheavy,1
guardianvanguard,1
guardianprotector,1
guardianmystic,1
flexibleyou,1
cyberneticvanguard,1
cyberneticblademaster,1
fragile,1
cyberneticmanareaverblademaster,1
celestialblademaster,1
chronoblademaster,1
rebelblademaster,1
valkyrieblademaster,1
carrier,1
branch,1
threepiece,1
merged,1
pilotdemolitionist,1
pilotinfiltrator,1
rebeldemolitionist,1
supermech,1
itemize,1
synergize,1
welp,1
foe,1
nutshell,1
bicycle,1
customize,1
sniper,1
ultra,1
longrange,1
hypothetical,1
fiery,1
capturing,1
transfusion,1
crimson,1
qp,1
dodged,1
crystallize,1
buckler,1
inhibitor,1
credit,1
disenchant,1
unwanted,1
priced,1
fond,1
farewell,1
midst,1
universespanning,1
intergalactic,1
setwide,1
shojin,1
caster,1
explosive,1
rise_of_the_elementsjpg,1
conservative,1
neekoverse,1
threecost,1
streaking,1
star_guardian_placeholder_imagejpg,1
bat,1
expandable,1
ingrained,1
project_placeholder_imagejpg,1
disclaimer,1
techheavy,1
tooling,1
referenced,1
partnered,1
study,1
federal,1
chronologically,1
invention,1
billion,1
bce,1
indeterminate,1
accepted,1
escalated,1
systemor,1
hardwareof,1
winrar,1
semiintelligible,1
metaphor,1
microsoft,1
kernel_drivers_imagepng,1
genius,1
ring,1
corrupt,1
signing,1
arises,1
kernelmode,1
modifying,1
detecting,1
memorya,1
corrupted,1
installation,1
objectionable,1
botnet,1
orbwalk,1
immaculate,1
analogy,1
chef,1
farmtotable,1
toque,1
management,1
dma,1
suspected,1
mature,1
rebroadcast,1
esp,1
hired,1
userlevel,1
twelvestroke,1
handicap,1
paycheck,1
bedtime,1
disposal,1
everescalating,1
appsec,1
teenager,1
untenable,1
panic,1
surveillance,1
cared,1
grandma,1
recipe,1
christmas,1
casserole,1
obtaining,1
tamper,1
blame,1
systemslike,1
easyanticheat,1
battleye,1
souschef,1
fever,1
transmission,1
megaseconds,1
awardwinning,1
novella,1
playand,1
bbut,1
ritosama,1
bastard,1
edgier,1
cousin,1
nope,1
wipe,1
uwu,1
faceheres,1
associate,1
glenn,1
anderson,1
easytolearn,1
threw,1
ragdoll,1
flashymove,1
targonian,1
preppy,1
dapper,1
souffle,1
gentle,1
scrapped,1
behemoth,1
chunky,1
dinosaur,1
nicknamed,1
embodiment,1
kickyourassandstealyourgirl,1
reconsidered,1
bryan,1
alleviate,1
brawling,1
transferred,1
stressed,1
absorb,1
unleash,1
beefcake,1
slamming,1
fullyfledged,1
mcpuncherboy,1
grappled,1
relied,1
newest,1
husbando,1
twoarmed,1
haymaker,1
anchor,1
fish,1
brass,1
knuckle,1
stylistically,1
longwingy,1
aint,1
badasslooking,1
john,1
obryan,1
dainty,1
cruster,1
crime,1
seedy,1
underbelly,1
appealed,1
exemplifies,1
violence,1
mother,1
outcast,1
hatred,1
uncaring,1
roof,1
jacked,1
villain,1
jealous,1
ma,1
wrestling,1
settd,1
college,1
anymorethats,1
faint,1
findor,1
createopportunities,1
blognew,1
hypothetically,1
necromancer,1
warlock,1
grimoire,1
dread,1
campfire,1
preyed,1
godless,1
nursery,1
rhyme,1
storybook,1
fable,1
wife,1
harvest,1
settling,1
malevolence,1
utterly,1
organ,1
vocal,1
facsimile,1
mimicry,1
acrosskilled,1
incite,1
stumble,1
fabricating,1
monstrosity,1
sphere,1
inprogress,1
dirty,1
preproduction,1
polygon,1
density,1
clay,1
detailing,1
mediumdetail,1
sanity,1
sculpting,1
baked,1
occlusion,1
curvature,1
til,1
rigging,1
dawon,1
wony,1
comprised,1
controller,1
modelthe,1
jiggle,1
joint,1
eerie,1
accentuate,1
spookiness,1
dragging,1
bloody,1
inanimate,1
luke,1
lukehop,1
hu,1
slim,1
nailfork,1
chest,1
decoration,1
eager,1
prey,1
tpose,1
swinging,1
visualizing,1
chisolm,1
shadowy,1
faroff,1
scythe,1
allude,1
ambiguous,1
wispy,1
abilityit,1
flurry,1
feather,1
downplaying,1
uncontrollable,1
bursting,1
channeled,1
thematicreinforcing,1
smoke,1
crow,1
ayy,1
finger,1
gameswhich,1
announcedare,1
tribulation,1
spinning,1
yearsboth,1
highquality,1
dna,1
ipincluding,1
charactersto,1
licensed,1
authentic,1
grump,1
lingering,1
interactive,1
codevelopment,1
publisher,1
handson,1
supportthe,1
guidance,1
localization,1
attending,1
gathering,1
published,1
handcrafted,1
consisting,1
specialist,1
console,1
cofounder,1
madureira,1
celebrated,1
chaser,1
rpgstyle,1
ingenious,1
combatracer,1
ko,1
cartoon,1
gorgeous,1
timerelated,1
numerous,1
twoweekend,1
ticketing,1
squashed,1
consist,1
realworld,1
overcharge,1
unwind,1
blown,1
sped,1
buffedup,1
securing,1
adjustmentit,1
longest,1
happily,1
pykebilgewater,1
hardcore,1
appreciated,1
minievent,1
aramexclusive,1
wrapup,1
higherquality,1
soa,1
mapspecific,1
waaayy,1
aramesque,1
retiring,1
dominion,1
nontreeline,1
eligibility,1
equip,1
incentivizing,1
hugely,1
eternalsthey,1
objectivesetting,1
frontandcenter,1
compromised,1
minmax,1
tackled,1
counterstrike,1
stattrak,1
dota,1
lootbased,1
additionallyand,1
transparencyeternals,1
powering,1
appeasing,1
responded,1
mitigation,1
tanking,1
prevention,1
micro,1
flawless,1
harm,1
brutal,1
rekt,1
deceitful,1
arriving,1
bait,1
mitigating,1
weighed,1
skillbased,1
lab,1
fitness,1
beating,1
endofgame,1
keybinding,1
rekindle,1
tossing,1
stone,1
flexing,1
counting,1
perchampion,1
refreshed,1
separating,1
separated,1
broadlyapplicable,1
celebration,1
multichampion,1
thoseand,1
testingon,1
candid,1
buffingnerfing,1
formalize,1
dislike,1
trustedinconsistency,1
subjectivity,1
biasbased,1
operated,1
demonstrated,1
argue,1
bestofthebest,1
trusted,1
lm,1
arguable,1
accounted,1
meaty,1
pertaining,1
definitive,1
agreement,1
abide,1
baseboth,1
themand,1
daysweeks,1
wary,1
statistically,1
levelsyasuo,1
whore,1
steep,1
enact,1
playboth,1
frameworkin,1
tandem,1
conversationwill,1
pinpoint,1
trouble,1
gauge,1
mutually,1
aggregated,1
regionspecific,1
shrink,1
scuttlers,1
nerfedchanged,1
dictate,1
disappoint,1
standalone,1
firstthats,1
runprize,1
forecast,1
wellreceived,1
tiein,1
modeexclusive,1
earnable,1
longlasting,1
excitingly,1
foreseeable,1
treat,1
accompany,1
sincere,1
unpolished,1
clutch,1
blitzier,1
commemorate,1
mayhem,1
tidbit,1
conceived,1
brian,1
pony,1
feeney,1
feeneypult,1
intpult,1
intsled,1
proving,1
valid,1
nexustonexus,1
nbexclusive,1
deathfire,1
grasp,1
wriggle,1
statstick,1
stoicism,1
ed,1
sapmagic,1
altorfer,1
abusing,1
offposition,1
autofillwhich,1
quadruple,1
everyoneyou,1
displaying,1
positionbasically,1
andhopefullyreduce,1
simulate,1
positionsthanks,1
ia,1
ii,1
boosted,1
hardest,1
hurting,1
momentary,1
techwhich,1
summerto,1
steadily,1
capped,1
primus,1
thiago,1
threesplit,1
accompanies,1
blogcheck,1
commentsor,1
thingscreate,1
upposition,1
selectdynamic,1
nefarious,1
gamesnot,1
bounced,1
supportmainsunite,1
g,1
h,1
j,1
hardesttoaccommodate,1
worstcase,1
screenchamp,1
eightminute,1
rotten,1
shaved,1
unintentional,1
oneoutoften,1
oneoutoffifteen,1
parenthesis,1
reverting,1
graphsit,1
inqueue,1
toilet,1
graphlets,1
rewind,1
inefficient,1
yikes,1
normalized,1
skillwise,1
comfort,1
solving,1
chalk,1
miracle,1
seelack,1
graggy,1
sorta,1
wrecked,1
urban,1
lowerskill,1
disproportionately,1
higherskill,1
impression,1
volatile,1
rankbeing,1
demoted,1
highranked,1
tryhard,1
mentality,1
socrates,1
bronzesilvergold,1
blockmutereport,1
congrats,1
faker,1
dumpster,1
montage,1
inven,1
frontpage,1
ragecheck,1
lessgood,1
magnet,1
repelling,1
otherif,1
misuse,1
nexttoimpossible,1
draggles,1
elommr,1
impose,1
scorelines,1
zoning,1
statline,1
singednunu,1
graded,1
holy,1
crap,1
summation,1
reassuring,1
scouting,1
sole,1
gamebut,1
plummet,1
slump,1
anxiety,1
favourable,1
vacation,1
banked,1
mmrlp,1
hiatus,1
itbut,1
darkest,1
huddled,1
dim,1
debating,1
wallpapering,1
sketchesa,1
madcap,1
studiowithinastudio,1
occurred,1
ignition,1
distorted,1
imitate,1
deceptively,1
longform,1
intriguing,1
multiminute,1
riotand,1
anthony,1
possobon,1
powersthe,1
precocious,1
psychopathic,1
wow,1
animatic,1
subtitle,1
illuminating,1
projectjust,1
lilit,1
hayrapetyan,1
photography,1
backlighting,1
dramatize,1
tragedy,1
imaginative,1
clouded,1
formsa,1
eightyearold,1
lucid,1
wellnot,1
flashback,1
ke,1
swaab,1
sister,1
dreamy,1
impressionist,1
artbook,1
combining,1
embodied,1
idealistic,1
incorporating,1
sequencewith,1
childlike,1
linesand,1
photorealistic,1
lighted,1
impractical,1
handpaint,1
stylea,1
illustratorsanimatorswith,1
singledigit,1
watercolor,1
ownto,1
pyrotechnic,1
jose,1
martin,1
flickering,1
approximate,1
confirm,1
greatfor,1
replicate,1
arbitrarily,1
labor,1
onscreen,1
sourced,1
river,1
sequenceslike,1
palm,1
handrequired,1
pyrokinesis,1
newfound,1
composite,1
photograph,1
colorcorrected,1
threedimensional,1
animationcritical,1
performancethe,1
devil,1
animatorsor,1
dimension,1
lifelife,1
partial,1
mapping,1
mannequin,1
venturing,1
hairwhich,1
dress,1
nuance,1
fantasticand,1
unmistakably,1
storyboarding,1
texturing,1
cel,1
handpainting,1
flown,1
tophalf,1
reaffirmed,1
inserting,1
twopiece,1
proposal,1
costly,1
revamped,1
thief,1
lessthanideal,1
happenthis,1
aspire,1
overloaded,1
morello,1
shyvana,1
tacticssuch,1
wayand,1
inhibit,1
cursed,1
swordbreaker,1
gnar,1
prechanged,1
betterwhile,1
predictability,1
predictable,1
wildrapidfire,1
undodgeable,1
mitten,1
bloodthirsters,1
sparring,1
takeaway,1
tf,1
disappointment,1
ignoring,1
basedwhich,1
capstone,1
necessitywe,1
gamebreaking,1
gathered,1
postship,1
optionslike,1
sorcererscreated,1
ninepiece,1
mattered,1
meany,1
chembaroness,1
belveth,1
manta,1
mommy,1
neelah,1
stumbled,1
whiplike,1
beautifully,1
zeri,1
essentially,1
floated,1
talwar,1
curved,1
lady,1
anybody,1
whipwielding,1
whipsword,1
recreating,1
snappy,1
layered,1
toolbased,1
twopronged,1
watersword,1
unsheathes,1
jar,1
hip,1
joyfulness,1
iridescence,1
megan,1
bayona,1
refracts,1
rogue,1
unbound,1
yep,1
rite,1
sealed,1
eon,1
hideous,1
inverted,1
delirium,1
harnessed,1
lifeuntil,1
defeated,1
wielding,1
erased,1
bookworm,1
wiry,1
unwritten,1
positivity,1
involuntary,1
annihilates,1
sadness,1
ramayana,1
invincible,1
country,1
rival,1
camavor,1
asia,1
dazzling,1
mythslegends,1
abound,1
pledged,1
kathkani,1
jewelry,1
hasone,1
engraved,1
kneepad,1
clothing,1
slaying,1
nimble,1
trapped,1
underworld,1
viegowho,1
imprisoned,1
continentand,1
rampaging,1
dock,1
lifeand,1
planet,1
reciting,1
parlance,1
hypercarrybut,1
pledge,1
allegiance,1
relieve,1
csing,1
knockup,1
selfishly,1
blake,1
smith,1
allybut,1
spotlight,1
oriented,1
splendor,1
sliding,1
iridescent,1
effervescent,1
demoralizing,1
timewith,1
own,1
how,1
pray,1
align,1
levelup,1
ccg,1
refactor,1
ruleset,1
leaderboard,1
wield,1
children,1
skiptomyluo,1
