word,AllValoAmount
player,383
game,315
valorant,266
map,202
team,179
time,164
rank,147
change,142
skin,139
agent,133
competitive,109
system,105
patch,101
work,100
weapon,98
new,95
take,94
match,91
something,88
feel,87
play,80
help,76
hit,76
act,76
look,74
concept,73
experience,73
design,71
gameplay,69
art,67
data,67
afk,65
sure,65
know,64
many,63
really,62
idea,61
need,61
gun,60
report,59
yoru,59
keep,56
go,56
thing,56
shot,56
year,55
ability,55
invalidation,55
next,54
balance,54
queue,53
use,53
performance,53
level,53
right,53
start,53
win,53
dragon,53
part,52
artist,52
global,51
always,50
working,50
made,50
update,49
come,49
within,49
give,49
different,48
example,48
making,48
number,47
skill,46
lead,45
future,45
goal,45
better,45
point,45
think,45
far,44
back,44
every,44
plan,43
create,43
ranked,43
early,43
looking,43
visual,43
two,42
widget,42
mmr,41
feedback,40
result,40
character,40
process,40
designer,39
able,39
feature,38
behavior,38
good,38
youre,38
playing,38
effect,38
end,37
ingame,37
mean,37
case,37
im,37
understand,37
together,37
important,36
sage,36
bug,36
enemy,36
possible,35
share,35
place,35
content,35
let,35
currently,34
high,34
server,34
direction,34
doe,33
say,33
top,33
question,33
fantasy,33
today,32
launch,32
issue,32
producer,32
line,32
client,32
audio,32
needed,32
vfx,32
didnt,32
sound,32
mode,31
best,31
site,31
however,31
side,31
clarity,31
ban,31
world,31
space,30
current,30
senior,30
league,30
opportunity,30
last,30
continue,30
area,30
tool,29
impact,29
hope,29
improvement,29
try,29
animation,29
specific,28
version,28
based,28
actually,28
account,28
frame,28
month,28
round,28
often,28
tell,28
add,28
chat,28
power,28
never,27
enough,27
everyone,27
isnt,27
state,27
detection,27
model,27
fire,27
unique,27
behind,26
long,26
thought,26
getting,26
used,26
le,26
cant,26
provide,26
bad,26
region,26
youll,26
build,26
approach,26
youve,26
felt,26
happen,26
type,25
improve,25
consider,25
amount,25
note,25
across,25
whether,25
doesnt,25
combat,25
friend,25
element,25
believe,24
day,24
clear,24
show,24
done,24
played,24
trying,24
put,24
ensure,24
creating,24
step,24
gain,24
voice,24
article,24
fun,24
instead,23
said,23
hear,23
people,23
integrity,23
without,23
big,23
allow,23
rating,23
find,23
run,23
testing,23
what,23
track,22
someone,22
wed,22
per,22
overall,22
order,22
multiple,22
event,22
especially,22
using,22
esport,22
core,22
life,22
sometime,22
excited,21
term,21
seen,21
development,21
focus,21
become,21
matchmaking,21
moment,21
single,21
push,21
love,21
started,21
tech,21
engine,21
several,21
material,21
neon,21
range,20
live,20
reason,20
penalty,20
coming,20
along,20
small,20
higher,20
away,20
ever,20
quickly,20
riot,20
main,20
final,20
detail,20
split,20
base,20
toward,20
ask,20
bit,20
word,20
playtest,20
helped,19
soon,19
move,19
key,19
information,19
real,19
talk,19
hard,19
hopefully,19
hand,19
spray,19
greybox,19
bring,18
progress,18
support,18
lower,18
later,18
decision,18
ultimately,18
pretty,18
test,18
week,18
feeling,18
etc,18
great,18
challenge,18
anticheat,18
location,18
created,18
strong,18
tournament,17
might,17
broadcast,17
release,17
post,17
yes,17
added,17
viper,17
smurf,17
running,17
problem,17
head,17
champion,17
ahead,17
saw,17
rest,17
melee,17
headshot,17
meant,17
shape,17
vandal,17
winrate,17
adding,16
potential,16
finally,16
expect,16
target,16
little,16
pas,16
seem,16
body,16
explain,16
regional,16
orb,16
tactical,16
selection,16
list,16
fair,16
situation,16
critical,16
short,16
mind,16
story,16
row,16
certain,16
beta,16
thank,16
texture,16
battlepass,16
everything,16
registration,16
streak,16
found,16
decided,16
given,15
clearly,15
already,15
episode,15
released,15
building,15
footstep,15
understanding,15
rate,15
include,15
break,15
worked,15
arent,15
left,15
v,15
represent,15
theme,15
fit,14
definitely,14
reported,14
punishment,14
please,14
additional,14
reduce,14
climb,14
second,14
fps,14
improving,14
either,14
focused,14
increase,14
lose,14
phase,14
looked,14
large,14
similar,14
throughout,14
fact,14
spot,14
fast,14
initial,14
faster,14
review,14
comms,14
taking,14
ready,14
text,14
unrated,14
turn,14
developer,14
position,14
topic,14
value,14
unreal,14
speed,14
layout,14
wont,13
marino,13
led,13
machine,13
mid,13
drop,13
fight,13
probably,13
longer,13
although,13
fully,13
theyre,13
quality,13
close,13
closer,13
chance,13
read,13
address,13
creative,13
updated,13
rr,13
opponent,13
majority,13
dodge,13
generally,13
effort,13
recent,13
stay,13
rather,13
option,13
knew,13
detect,13
completely,13
view,13
bullet,13
form,13
operator,13
raze,13
cheater,13
perspective,13
input,13
flash,13
changed,13
shader,13
prototype,13
tower,13
environment,12
planned,12
due,12
answer,12
sense,12
directly,12
production,12
receive,12
fix,12
though,12
social,12
sean,12
premium,12
quite,12
community,12
strategy,12
exciting,12
deathmatch,12
kill,12
simply,12
strike,12
available,12
philosophy,12
stage,12
specifically,12
open,12
begin,12
earn,12
simple,12
choice,12
damage,12
sentiment,12
easy,12
disruptive,12
closed,12
happening,12
name,12
source,12
aim,12
variant,12
color,12
survey,12
starting,12
came,12
iteration,12
vanguard,12
cheat,12
special,12
custom,12
narrative,12
reload,12
light,12
took,12
blockout,12
metric,12
fracture,12
exploring,11
maybe,11
avoid,11
measure,11
received,11
universe,11
intended,11
distribution,11
remember,11
ii,11
access,11
highest,11
spent,11
hey,11
video,11
likely,11
eye,11
matter,11
frustrating,11
internal,11
master,11
priority,11
forward,11
structure,11
factor,11
winning,11
affect,11
prevent,11
teammate,11
piece,11
maintain,11
spike,11
previous,11
crosshair,11
inspiration,11
unlock,11
restriction,11
interesting,11
got,11
constraint,11
eg,11
remove,11
spline,11
strength,11
major,11
favorite,11
shooter,11
deliver,11
size,11
onto,11
tracer,11
clean,11
thematic,11
tier,11
cyberpunk,11
risk,11
roster,11
complex,10
exploration,10
toxicity,10
happened,10
series,10
couple,10
image,10
slightly,10
follow,10
bound,10
shooting,10
group,10
thinking,10
significant,10
solution,10
solve,10
common,10
insight,10
actively,10
outside,10
delay,10
competition,10
qualifier,10
loss,10
leaderboard,10
must,10
closely,10
ian,10
fielding,10
ended,10
control,10
stability,10
action,10
icebox,10
scenario,10
cover,10
stop,10
meta,10
ill,10
past,10
taken,10
pick,10
elderflame,10
study,10
screen,10
vision,10
develop,10
spend,10
immediately,10
placement,10
attachment,10
fresh,10
cool,10
evolve,10
cycle,10
ascent,10
defender,10
objective,10
city,10
ui,10
box,10
duelist,10
zeri,10
controller,10
talked,9
punished,9
limit,9
amazing,9
including,9
anything,9
improved,9
call,9
radiant,9
easier,9
seeing,9
whereas,9
setting,9
internally,9
astra,9
battle,9
smurfing,9
identify,9
exactly,9
recently,9
middle,9
outcome,9
wild,9
separate,9
original,9
true,9
hold,9
quick,9
caused,9
ship,9
knife,9
period,9
extra,9
significantly,9
mentioned,9
happy,9
pattern,9
immortal,9
ton,9
promise,9
card,9
hour,9
dev,9
playful,9
rough,9
bunch,9
buddy,9
perception,9
difference,9
buy,9
powerful,9
typically,9
manual,9
perfect,9
lore,9
aiming,9
style,9
realized,9
balanced,9
visually,9
callout,9
random,9
spawn,9
fired,9
confident,9
offense,9
loop,9
edge,9
simulation,9
cheating,9
yall,9
planning,8
composition,8
various,8
manager,8
learned,8
evolving,8
message,8
preeti,8
gold,8
fairly,8
positive,8
went,8
whole,8
via,8
entire,8
spec,8
variety,8
expensive,8
regardless,8
increased,8
engineer,8
radianite,8
relatively,8
least,8
encounter,8
execute,8
optimize,8
diversity,8
caster,8
select,8
finish,8
offer,8
awesome,8
b,8
practice,8
holding,8
rely,8
reflect,8
eventually,8
repeat,8
reference,8
offender,8
necessary,8
timing,8
leave,8
increasing,8
room,8
block,8
display,8
rule,8
keeping,8
schedule,8
stuff,8
na,8
language,8
following,8
pbe,8
capture,8
movement,8
picture,8
sticker,8
score,8
inform,8
angle,8
wait,8
gave,8
tac,8
ultimate,8
banned,8
suspicious,8
cohesive,8
huge,8
began,8
smaller,8
magazine,8
ground,8
built,8
confidence,8
logo,8
judge,8
draw,8
august,8
face,8
launched,8
experienced,8
detected,8
presence,8
epic,8
badge,8
cousart,8
a,8
other,8
learning,7
replay,7
told,7
discover,7
commitment,7
cosmetic,7
usually,7
silver,7
rotating,7
discussion,7
almost,7
cpu,7
prior,7
average,7
fighting,7
latest,7
heard,7
enable,7
pool,7
near,7
deep,7
primary,7
appear,7
ongoing,7
legend,7
consistent,7
success,7
existing,7
automatic,7
path,7
role,7
foundation,7
distance,7
tie,7
visible,7
low,7
known,7
course,7
difficult,7
truly,7
figure,7
person,7
pain,7
accurate,7
hoping,7
alternate,7
giving,7
intentionally,7
exist,7
zero,7
moving,7
wrong,7
complete,7
evaluate,7
peak,7
highlight,7
locked,7
designed,7
health,7
equip,7
subtle,7
correctness,7
reg,7
member,7
require,7
internet,7
disparity,7
learn,7
muzzle,7
full,7
black,7
partner,7
brand,7
compared,7
hello,7
general,7
percentage,7
particular,7
creation,7
attacker,7
provided,7
check,7
visibility,7
confirm,7
latency,7
initiator,7
copy,7
rotation,6
regular,6
interested,6
wide,6
developing,6
reward,6
steven,6
eldredge,6
dynamic,6
negative,6
properly,6
khanolkar,6
dream,6
toxic,6
else,6
unfortunately,6
shown,6
belong,6
joe,6
loved,6
half,6
introduced,6
dedicated,6
maintaining,6
tend,6
worst,6
experiencing,6
watching,6
agree,6
oh,6
sorry,6
crab,6
developed,6
unless,6
absolutely,6
serve,6
foot,6
finding,6
slot,6
international,6
earlier,6
vct,6
cast,6
technical,6
considered,6
larger,6
talking,6
basic,6
determine,6
hrtf,6
volume,6
pushed,6
potentially,6
asking,6
tested,6
vast,6
sit,6
extremely,6
recognize,6
combined,6
shipped,6
reducing,6
scale,6
quicker,6
january,6
attempt,6
putting,6
comment,6
traditional,6
launching,6
allowed,6
pro,6
code,6
werent,6
focusing,6
threat,6
weekly,6
progression,6
iii,6
jump,6
aspect,6
advantage,6
saying,6
conversation,6
star,6
healing,6
ally,6
utility,6
called,6
encourage,6
enter,6
became,6
cluster,6
hearing,6
imagine,6
cue,6
external,6
method,6
kit,6
total,6
fan,6
fixing,6
couldnt,6
connection,6
crouching,6
fixed,6
shift,6
challenging,6
trevor,6
addition,6
gap,6
premade,6
arsenal,6
genre,6
tradeoff,6
inspired,6
recognizable,6
mcsheehan,6
ad,6
dive,6
earliest,6
guide,6
rare,6
stone,6
sentinel,6
mist,6
inside,6
graph,6
kingdom,6
established,6
heavily,6
tone,6
asked,6
brainstorm,6
frenzy,6
distinct,6
personality,6
explore,6
aimed,6
healthy,6
warning,6
journey,6
send,6
safe,6
tree,6
cause,6
integrating,6
button,6
engineering,6
mireles,6
drift,6
breach,6
worth,5
jon,5
walker,5
gifting,5
frequently,5
exact,5
date,5
defense,5
among,5
compete,5
bar,5
refine,5
twitter,5
aesthetic,5
demand,5
monitoring,5
baseline,5
fewer,5
additionally,5
standard,5
hardware,5
brian,5
concern,5
regarding,5
designing,5
watch,5
living,5
anyway,5
noticed,5
committed,5
biggest,5
three,5
north,5
stefan,5
meet,5
wall,5
wouldnt,5
expected,5
teleport,5
attenuation,5
ladder,5
losing,5
front,5
investigating,5
painful,5
rarely,5
targeted,5
punish,5
adjustment,5
confusion,5
motion,5
reliability,5
limited,5
versus,5
effective,5
youd,5
anyone,5
telling,5
force,5
upcoming,5
secret,5
lost,5
heart,5
nuance,5
administer,5
mile,5
realm,5
collaboration,5
expectation,5
releasing,5
four,5
instance,5
meantime,5
evaluation,5
reporting,5
sent,5
xp,5
extended,5
entirely,5
individual,5
highly,5
familiar,5
gather,5
pause,5
compromise,5
artistic,5
upgrade,5
decide,5
smooth,5
reddit,5
ping,5
analysis,5
ensuring,5
history,5
cost,5
op,5
tried,5
stable,5
communication,5
context,5
component,5
blast,5
deal,5
ryan,5
jett,5
havent,5
brought,5
previously,5
coffee,5
sky,5
twice,5
conflict,5
crouch,5
observer,5
audience,5
director,5
fall,5
party,5
folk,5
imagined,5
pillar,5
ip,5
beat,5
indicate,5
isaac,5
firing,5
silencer,5
benefit,5
speaking,5
phantom,5
smoke,5
trust,5
playstyle,5
holographic,5
device,5
energy,5
kind,5
abstract,5
futuristic,5
modeling,5
experiment,5
helpful,5
sal,5
chris,5
ruination,5
free,5
ktac,5
pulled,5
carry,5
displayed,5
perform,5
glitchpop,5
accidentally,5
corporate,5
upon,5
contrast,5
table,5
memorable,5
company,5
surprise,5
electricity,5
cute,5
record,5
old,5
consecutive,5
muted,5
gone,5
leaf,5
ruin,5
dish,5
establish,5
iterate,5
drive,5
mesh,5
identifying,5
qa,5
whenever,5
related,5
vertical,5
branch,5
border,5
charge,5
stake,5
cooldown,5
skye,5
m,5
career,5
goscicki,5
fakeout,5
dimensional,5
bind,4
targeting,4
mostly,4
prioritizing,4
product,4
prioritize,4
reporter,4
attack,4
collection,4
menu,4
delivering,4
depth,4
minor,4
itll,4
naoise,4
population,4
fairness,4
tied,4
adjust,4
shop,4
originally,4
appeared,4
store,4
window,4
graphic,4
catch,4
bigger,4
yeah,4
breeze,4
investigation,4
chunk,4
heavy,4
sara,4
utilize,4
operation,4
experimented,4
involved,4
opted,4
representation,4
welcome,4
participate,4
leading,4
boost,4
combo,4
floating,4
omen,4
id,4
discovered,4
breaking,4
prove,4
accountable,4
consistently,4
necessarily,4
repeated,4
massive,4
dodging,4
meme,4
active,4
frustration,4
remake,4
vote,4
diamond,4
roughly,4
info,4
sort,4
listen,4
harsher,4
notice,4
requirement,4
distinguish,4
enjoyable,4
meaningful,4
killjoy,4
feeding,4
revenue,4
strategist,4
bringing,4
home,4
holiday,4
overview,4
rolled,4
complicated,4
lesson,4
disruption,4
okay,4
shared,4
dealing,4
stand,4
scene,4
introduce,4
possibility,4
pursue,4
straight,4
join,4
radar,4
research,4
waiting,4
basis,4
constantly,4
dig,4
underlying,4
tab,4
andor,4
importance,4
personally,4
commit,4
personal,4
sight,4
counter,4
eucistr,4
spread,4
consideration,4
ive,4
truth,4
essential,4
degree,4
missing,4
zone,4
automatically,4
manually,4
doubt,4
nice,4
discussed,4
foundational,4
confusing,4
reasonable,4
longterm,4
craft,4
earned,4
extreme,4
romleski,4
technology,4
playtesting,4
apply,4
oppressive,4
easily,4
wider,4
monitor,4
removed,4
latched,4
define,4
silhouette,4
opposite,4
user,4
denial,4
responsible,4
peek,4
paint,4
lean,4
sketch,4
rock,4
kick,4
frag,4
noticeable,4
mess,4
otherwise,4
worry,4
knowing,4
crystal,4
fx,4
saved,4
incredibly,4
intensity,4
relic,4
outsource,4
responsibility,4
explained,4
throw,4
beyond,4
glitch,4
projector,4
initially,4
care,4
revision,4
touch,4
breathing,4
showed,4
badass,4
alive,4
late,4
beast,4
	,4
task,4
denis,4
item,4
literally,4
baby,4
entered,4
choose,4
unlucky,4
march,4
alongside,4
unwanted,4
measured,4
tolerance,4
mute,4
violation,4
frequency,4
moderation,4
program,4
communicating,4
successful,4
severe,4
accomplish,4
bottom,4
automated,4
popular,4
momenttomoment,4
broken,4
thumbnail,4
blockin,4
executing,4
continued,4
ie,4
stick,4
corner,4
tactibear,4
software,4
pairing,4
invalidated,4
therefore,4
slow,4
crash,4
inheritance,4
board,4
intel,4
trash,4
reaction,4
package,4
popularity,4
direct,4
picked,4
nonmirror,4
render,4
relate,4
clip,4
pair,4
prism,4
avalanche,4
keyboard,4
proven,4
john,4
rework,4
explode,4
fake,4
she,4
timeline,3
feasibility,3
observing,3
page,3
unknown,3
arcane,3
remain,3
plenty,3
expanding,3
hide,3
wrap,3
creaven,3
matchmaker,3
actual,3
gathered,3
playerbase,3
reiterate,3
subject,3
editor,3
lee,3
ago,3
hype,3
turned,3
equal,3
unstable,3
gpu,3
rendering,3
adjusting,3
optimization,3
leverage,3
modern,3
gathering,3
worse,3
splitting,3
enabling,3
posted,3
beginning,3
theyll,3
expert,3
incorporating,3
fundamental,3
tough,3
immediate,3
intent,3
intention,3
remaining,3
listening,3
resource,3
tilting,3
severity,3
dadafshar,3
earnest,3
reasoning,3
reykjavik,3
infrastructure,3
anticipated,3
represented,3
criterion,3
chose,3
grow,3
geographically,3
limitation,3
qualify,3
weigh,3
indicator,3
resulted,3
count,3
detailed,3
expand,3
coaching,3
val,3
coach,3
walk,3
constant,3
promised,3
frank,3
harder,3
object,3
brain,3
function,3
math,3
kept,3
reset,3
convergence,3
promote,3
demotion,3
protection,3
gaining,3
grind,3
door,3
handle,3
minimal,3
deduction,3
impacting,3
missed,3
escalation,3
revealed,3
purpose,3
allowing,3
delayed,3
keybinds,3
dropped,3
extending,3
abuse,3
particularly,3
surrender,3
rush,3
length,3
accuracy,3
stuck,3
reduced,3
effectiveness,3
harsh,3
band,3
iron,3
bronze,3
buffer,3
lessen,3
implementing,3
won,3
spam,3
farming,3
strive,3
accordingly,3
theyve,3
metzger,3
hundred,3
honestly,3
passionate,3
stock,3
sustainable,3
hitting,3
patience,3
minimize,3
usual,3
super,3
kicked,3
competitor,3
conduct,3
obviously,3
supported,3
ult,3
completion,3
discourage,3
selectively,3
preround,3
engagement,3
feasible,3
alternative,3
prefer,3
trigger,3
validate,3
field,3
nerfed,3
stealth,3
changing,3
deeper,3
existence,3
ranging,3
condition,3
investigate,3
holistic,3
respect,3
included,3
assist,3
meaning,3
blood,3
tip,3
primarily,3
desired,3
lack,3
agency,3
overwhelming,3
wasnt,3
eutrcis,3
simultaneously,3
login,3
anywhere,3
largest,3
everywhere,3
integrate,3
eu,3
curve,3
flat,3
quiet,3
morello,3
gunplay,3
replace,3
wondering,3
reviewing,3
distracting,3
realize,3
combination,3
toggle,3
italy,3
air,3
iterating,3
occasion,3
ignition,3
storytelling,3
enjoyed,3
complexity,3
realtime,3
elite,3
punch,3
pistol,3
prototyping,3
invalidate,3
thousand,3
connect,3
vp,3
compelling,3
comparing,3
configuration,3
theyd,3
likewise,3
redundant,3
principle,3
avoided,3
firstperson,3
thirdperson,3
identity,3
differentiation,3
surface,3
shell,3
refining,3
scope,3
stat,3
covered,3
boundary,3
scifi,3
express,3
brainstorming,3
five,3
mood,3
align,3
arrive,3
mirror,3
plant,3
except,3
spamming,3
thus,3
ammo,3
pushing,3
dpt,3
classic,3
output,3
apart,3
visualize,3
painted,3
ok,3
finished,3
project,3
sol,3
beautiful,3
managed,3
speak,3
normal,3
summary,3
completed,3
inactive,3
hidden,3
displaying,3
background,3
bigham,3
grew,3
colorful,3
offering,3
science,3
carbon,3
punk,3
dystopian,3
brighter,3
lethal,3
attitude,3
copper,3
experimenting,3
standpoint,3
aka,3
creature,3
hadnt,3
anatomy,3
toss,3
becoming,3
dark,3
guy,3
despite,3
write,3
identical,3
implemented,3
encountering,3
methodology,3
telemetry,3
diverse,3
coordinated,3
teamplay,3
introduction,3
harassment,3
prosocial,3
alone,3
indication,3
engage,3
detecting,3
actor,3
occur,3
occurred,3
incremental,3
informed,3
horizon,3
spd,3
unfortunate,3
disconnected,3
bonus,3
tag,3
respective,3
link,3
present,3
ziplines,3
desert,3
tuning,3
pitch,3
sector,3
appreciate,3
refined,3
highlevel,3
central,3
shoulder,3
interest,3
poi,3
achieve,3
offsite,3
travel,3
section,3
kitchen,3
prop,3
bsite,3
substance,3
obvious,3
sticking,3
alert,3
chart,3
cpubound,3
file,3
outline,3
invalidating,3
online,3
mouse,3
press,3
slice,3
destructive,3
public,3
shed,3
human,3
click,3
purchase,3
cypher,3
ecosystem,3
reading,3
grenade,3
counterplay,3
duality,3
headed,3
playspace,3
pose,3
seriously,3
analyst,3
tracking,3
bracket,3
nerf,3
weak,3
according,3
diary,3
scuttle,3
timestamp,3
illustrate,3
comparison,3
land,3
brandon,3
nebula,3
drove,3
triangle,3
nine,3
iconography,3
protect,3
writer,3
newest,3
laugh,3
lightning,3
family,3
illustration,3
sova,3
decoy,3
gatecrash,3
hoped,3
buff,3
brimstone,3
involve,3
refer,3
pickban,2
reinforce,2
workinprogress,2
chamber,2
backlog,2
shortly,2
execution,2
requested,2
continuous,2
serf,2
textvoice,2
afking,2
memory,2
lol,2
insanely,2
outset,2
wish,2
website,2
percent,2
sakura,2
budget,2
identified,2
lowest,2
attacking,2
decrease,2
simulated,2
highstakes,2
whatever,2
prepared,2
coin,2
flip,2
collecting,2
channel,2
tackling,2
approaching,2
malicious,2
combating,2
comfortable,2
emphasize,2
boosted,2
presented,2
participation,2
emea,2
america,2
latam,2
bright,2
alex,2
francois,2
selected,2
distant,2
participating,2
signal,2
forth,2
pronounced,2
unified,2
english,2
rewarding,2
followed,2
heading,2
qualification,2
breakdown,2
official,2
kasra,2
jafroodi,2
solidify,2
supporting,2
unintended,2
barrier,2
fantastic,2
countless,2
hovering,2
nature,2
newly,2
interaction,2
filtering,2
listener,2
weed,2
guideline,2
mainly,2
estimate,2
voil,2
winstreak,2
sitting,2
held,2
raise,2
calculation,2
pulling,2
communicate,2
punishing,2
dodger,2
lea,2
strategic,2
serving,2
decent,2
reliable,2
hitbox,2
satisfaction,2
ran,2
agentspecific,2
considering,2
strict,2
relearn,2
weird,2
alt,2
harassed,2
snippet,2
adapt,2
leaver,2
roll,2
flag,2
matched,2
appropriately,2
investment,2
assured,2
dedication,2
pursuing,2
globally,2
slowing,2
cadence,2
deserve,2
thorough,2
roadmap,2
shipping,2
transparent,2
wrote,2
sync,2
smash,2
cut,2
unlocked,2
conclude,2
forced,2
violate,2
offensive,2
awful,2
issued,2
whove,2
egregious,2
lasting,2
filthy,2
outlook,2
gametogame,2
engaging,2
suck,2
behindthescenes,2
leveraging,2
accelerate,2
placing,2
advance,2
drastically,2
glimpse,2
pee,2
poop,2
experimentation,2
midround,2
business,2
possibly,2
itd,2
runeterra,2
customization,2
sharing,2
queuing,2
efficient,2
trainer,2
ffa,2
implement,2
camera,2
hot,2
handed,2
updating,2
trade,2
landing,2
consistency,2
analytics,2
medium,2
trend,2
broadly,2
readability,2
minimizing,2
digging,2
regularly,2
competing,2
recognition,2
incorporate,2
performed,2
appealing,2
usury,2
green,2
frequent,2
response,2
worthwhile,2
opinion,2
anecdote,2
sharp,2
aware,2
normally,2
somewhere,2
hotfixes,2
objectively,2
overnight,2
night,2
explanation,2
crazy,2
danger,2
optimizing,2
miss,2
killed,2
loud,2
noisy,2
someday,2
incentive,2
panning,2
correct,2
mix,2
stereo,2
headphone,2
statement,2
mistake,2
unintentionally,2
scott,2
computer,2
sorted,2
disable,2
ghostly,2
anymore,2
toggling,2
believed,2
principal,2
register,2
particle,2
tuned,2
gift,2
spicy,2
weekend,2
sport,2
purchased,2
viewer,2
depending,2
earning,2
executable,2
fullscreen,2
windowed,2
healthier,2
sign,2
currency,2
studying,2
moderate,2
quote,2
nicely,2
troll,2
noted,2
fill,2
totally,2
discussing,2
phrase,2
flesh,2
uphold,2
cemented,2
overpowered,2
functionality,2
gameplaywise,2
pew,2
precision,2
professional,2
handling,2
traced,2
mixed,2
faction,2
charging,2
associated,2
animator,2
vein,2
jevremovic,2
kikawa,2
session,2
hammer,2
dropping,2
clue,2
bake,2
ghost,2
onetap,2
contention,2
hip,2
divide,2
accommodate,2
providing,2
interfere,2
red,2
dot,2
born,2
gadget,2
appropriate,2
staying,2
sleek,2
personalized,2
expression,2
chosen,2
paytowin,2
lab,2
grab,2
allin,2
treatment,2
answering,2
describe,2
song,2
alien,2
insane,2
slower,2
unacceptable,2
exception,2
debate,2
explicit,2
defuse,2
clutch,2
pop,2
relying,2
paired,2
loaded,2
reaver,2
scrutiny,2
narrow,2
crew,2
harshest,2
garozzo,2
summer,2
preserving,2
tight,2
flowing,2
tiein,2
leaving,2
desire,2
hypothetically,2
cracked,2
vibe,2
gem,2
mimic,2
flow,2
magical,2
branding,2
polish,2
daytoday,2
writing,2
disabled,2
placed,2
alright,2
decay,2
sweat,2
eight,2
divided,2
performing,2
greater,2
planting,2
tracked,2
reflection,2
artificially,2
persistent,2
bold,2
death,2
grounded,2
deadly,2
imagery,2
forefront,2
cliche,2
evolution,2
bulldog,2
emissive,2
resolved,2
digital,2
gradient,2
trim,2
deepen,2
mixture,2
serious,2
somehow,2
interact,2
moved,2
crafted,2
sweet,2
enjoy,2
ambitious,2
named,2
aspirational,2
precisely,2
convey,2
timur,2
incredible,2
reality,2
solving,2
whiteboard,2
voted,2
indeed,2
sacrifice,2
wield,2
solid,2
argument,2
desk,2
drake,2
pivot,2
brooding,2
officially,2
minute,2
nothing,2
yellow,2
finisher,2
wing,2
funny,2
admit,2
letting,2
asset,2
gimme,2
impatient,2
dramatic,2
aggressive,2
idle,2
flame,2
defining,2
literal,2
surprisingly,2
amp,2
chroma,2
passion,2
chang,2
third,2
responded,2
stale,2
compromising,2
sept,2
randomly,2
lucky,2
mar,2
pseudorandom,2
showing,2
aggregate,2
encountered,2
reduction,2
alarming,2
luck,2
deterministic,2
serial,2
gaming,2
abusing,2
throwing,2
escalating,2
permanent,2
escalate,2
bypass,2
filter,2
mitigate,2
road,2
confidently,2
numerous,2
caught,2
surveyed,2
hasnt,2
conservative,2
typed,2
resulting,2
pilot,2
local,2
lastly,2
committing,2
invested,2
service,2
broaden,2
safer,2
multiplayer,2
addressing,2
cat,2
scalable,2
false,2
flagged,2
benchmark,2
stayed,2
tracker,2
rage,2
receiving,2
none,2
bias,2
six,2
overlap,2
griefing,2
bot,2
acting,2
return,2
friendly,2
lay,2
transparency,2
secondary,2
periodically,2
tomorrow,2
refresher,2
ideal,2
permutation,2
proposed,2
yam,2
hshape,2
layer,2
required,2
tunnel,2
footprint,2
mention,2
bridge,2
flank,2
fine,2
biome,2
ripped,2
hint,2
omega,2
facility,2
partially,2
alpha,2
palette,2
warm,2
blue,2
dollhouse,2
architecture,2
landscape,2
undergoing,2
tradition,2
barely,2
eager,2
spoiler,2
folder,2
lap,2
proposal,2
mechanical,2
fail,2
ideally,2
orientation,2
navigation,2
architectural,2
hierarchy,2
route,2
thrown,2
adhere,2
mural,2
courtyard,2
market,2
howdy,2
array,2
flanking,2
center,2
geometry,2
mechanic,2
oneway,2
teleporters,2
playable,2
defending,2
overwatch,2
connected,2
ignoring,2
earth,2
spectacular,2
evaluating,2
discus,2
bluesky,2
importantly,2
tackle,2
hat,2
perfectly,2
texturing,2
spotlight,2
heat,2
flavor,2
sneak,2
judgement,2
impacted,2
thrilled,2
cpugpu,2
analyzing,2
outlier,2
x,2
upward,2
guarantee,2
dependent,2
child,2
implies,2
invisible,2
organized,2
cache,2
cached,2
july,2
successfully,2
certainly,2
determined,2
emergent,2
integration,2
manage,2
capable,2
juicy,2
root,2
stream,2
stopped,2
tricky,2
class,2
infinite,2
network,2
error,2
jan,2
monitored,2
david,2
milkcow,2
cole,2
driven,2
mechanically,2
nudge,2
fundamentally,2
defendersided,2
excal,2
aligned,2
dug,2
reacting,2
lowered,2
liked,2
cinematic,2
tease,2
phoenix,2
conclusion,2
sequence,2
seemingly,2
acknowledge,2
afkd,2
pregame,2
loophole,2
revamped,2
barred,2
war,2
finalize,2
introducing,2
mastery,2
nerfing,2
resolve,2
breakout,2
discrepancy,2
strongest,2
equipped,2
explored,2
useful,2
stalling,2
proplay,2
commemorate,2
celebrate,2
tear,2
surge,2
save,2
octopus,2
solved,2
spirit,2
nod,2
cake,2
ggez,2
potato,2
title,2
camper,2
processed,2
misleading,2
netcode,2
battlefield,2
rendered,2
failure,2
authoritative,2
glance,2
registering,2
confused,2
spark,2
jiggle,2
peeking,2
continuing,2
sending,2
collaborate,2
jumped,2
tune,2
lamp,2
sickness,2
portion,2
bwang,2
slight,2
achieved,2
inspect,2
tactic,2
span,2
paul,2
arkem,2
chamberlain,2
unlike,2
dna,2
champ,2
tandem,2
colaunch,2
aside,2
wind,2
lim,2
mobile,2
landed,2
manila,2
bandage,2
luo,2
sprint,2
shatter,2
oneshot,2
stronger,2
guardrail,2
taught,2
arm,2
casting,2
settling,2
initiation,2
revolves,2
upfront,2
differentiate,2
unequip,2
invulnerability,2
mask,2
infiltration,2
tore,2
excitement,2
tether,2
stoked,2
galaxy,2
yorubannerpng,2
needle,2
o_o,2
depend,2
consist,2
avoiding,1
strategizing,1
mapsor,1
yay,1
itinitially,1
comprehensive,1
stephen,1
kraman,1
shortest,1
playerfacing,1
collect,1
itemsall,1
healthmore,1
alternating,1
appetite,1
understandtest,1
showcasesupport,1
amazingwill,1
netflix,1
lying,1
claimed,1
stature,1
wow,1
cousin,1
expansive,1
entertainment,1
butdont,1
hyperfocused,1
fuel,1
ranktolevel,1
ratio,1
leveling,1
intend,1
obscure,1
affected,1
comfortably,1
situated,1
shifting,1
rabid,1
acquire,1
featured,1
exclusively,1
bottleneck,1
limiting,1
finance,1
modesas,1
externally,1
removing,1
hitch,1
workload,1
multithreading,1
retaking,1
usage,1
vary,1
unratedcompetitive,1
min,1
fischer,1
fivestacks,1
queueor,1
flex,1
queueis,1
fear,1
prestigious,1
lowering,1
stricter,1
announce,1
hiko,1
freddiepon,1
breeding,1
fallout,1
fortified,1
exoskeleton,1
advise,1
island,1
smurfettes,1
spun,1
actionable,1
met,1
forcing,1
stomach,1
screwing,1
intenttheyre,1
competitively,1
minority,1
accessible,1
mitigated,1
folkspotentially,1
booting,1
worthy,1
prevalent,1
stumble,1
denying,1
diminishing,1
poppin,1
midseason,1
invitational,1
lan,1
seven,1
subsequently,1
viewership,1
brazil,1
scored,1
grant,1
allocation,1
jp,1
kr,1
sea,1
utilizing,1
hub,1
variance,1
travelled,1
atlantic,1
ocean,1
distributed,1
hailing,1
continent,1
producing,1
richardson,1
determining,1
valuing,1
recency,1
difficulty,1
reykjavk,1
challenger,1
championship,1
seeding,1
panregional,1
published,1
tour,1
circuit,1
arabia,1
east,1
africa,1
inclusive,1
prospect,1
analytical,1
relationship,1
leader,1
continuously,1
innovate,1
participant,1
exampleweve,1
sideways,1
tube,1
segment,1
bomb,1
sandbox,1
enriching,1
handandhand,1
creativity,1
dialogue,1
jay,1
watford,1
doable,1
urgent,1
pinpoint,1
occlusion,1
emitter,1
buckle,1
wrinkle,1
highway,1
giant,1
consisting,1
alternatively,1
fluid,1
substantially,1
decoupled,1
swing,1
instantly,1
demote,1
promotion,1
mmrits,1
reach,1
lossall,1
converging,1
converge,1
winloss,1
reached,1
promoted,1
protecting,1
rankthis,1
compromised,1
outperform,1
tldr,1
outperforming,1
swear,1
whew,1
sheer,1
tweak,1
deductionno,1
smallcan,1
repeatedly,1
occasionally,1
deterrence,1
dodgewithout,1
manipulate,1
safety,1
net,1
forgiveness,1
infrequent,1
markwhether,1
wellintentioned,1
harshlywell,1
hughes,1
advisor,1
shortcoming,1
psychologicaldriven,1
unaware,1
resort,1
ammobut,1
static,1
unintuitive,1
brief,1
imply,1
slash,1
viable,1
oomph,1
speedjump,1
bearable,1
deserveswe,1
usefulness,1
automating,1
initiated,1
bubble,1
plainly,1
fwiw,1
shorter,1
macro,1
noting,1
loadin,1
decreasing,1
runningshooting,1
rifle,1
dramatically,1
habit,1
optimal,1
timesand,1
season,1
counterpart,1
hardstuck,1
silverbut,1
platyou,1
wonky,1
rally,1
unhappy,1
ranking,1
derank,1
unforgiving,1
substantive,1
disconnect,1
outright,1
oneanddone,1
todo,1
hoarding,1
spectate,1
annoying,1
matt,1
seeded,1
vo,1
butnever,1
afksthrowers,1
afker,1
mitigation,1
stem,1
penalize,1
regard,1
incrementally,1
overperform,1
legitimately,1
likelier,1
showcase,1
transfer,1
dollar,1
sooner,1
basically,1
private,1
patchline,1
realmlite,1
dec,1
flushed,1
cab,1
oof,1
sting,1
philosophical,1
tooling,1
rigorously,1
logistical,1
beenand,1
beingincredibly,1
breath,1
deploy,1
rollback,1
redeploy,1
plannedsustainably,1
arnar,1
gylfason,1
updatesevery,1
foreword,1
squishy,1
tuesday,1
badly,1
bestoffives,1
fifth,1
midway,1
strikelight,1
frontloaded,1
dense,1
runway,1
erred,1
stretching,1
worstcase,1
nov,1
growing,1
riley,1
yurk,1
finishing,1
interim,1
deployed,1
confines,1
hate,1
speech,1
slur,1
bullying,1
reminded,1
constructivelywe,1
andwait,1
bulk,1
mission,1
promoting,1
unhealthy,1
harvest,1
revisit,1
promising,1
creavan,1
inevitable,1
curious,1
freetoplay,1
applies,1
latter,1
disproportionate,1
skilled,1
prerelease,1
featuresqueues,1
advertised,1
differ,1
expose,1
pausing,1
elegantly,1
rude,1
restroom,1
deck,1
extension,1
caring,1
queueing,1
reluctant,1
accomplishing,1
preserve,1
horsepower,1
bread,1
butter,1
scratch,1
itch,1
prerequisite,1
dm,1
progresswhich,1
validating,1
fidelity,1
viewarms,1
switch,1
originate,1
disadvantage,1
preference,1
rigorous,1
stated,1
weighing,1
mount,1
featurebased,1
lightly,1
restrict,1
occurrence,1
flexibility,1
popping,1
pace,1
inconsistent,1
buttery,1
excuse,1
hoot,1
pulsechecking,1
inspiring,1
namely,1
declining,1
reliably,1
prompted,1
chasing,1
nail,1
timehowever,1
highlighted,1
predictability,1
inaccuracy,1
reliabilityone,1
blend,1
beating,1
acknowledged,1
exceeded,1
punched,1
weight,1
pat,1
contribution,1
spotting,1
inflicted,1
damagethere,1
nondamaging,1
decisiveness,1
evolved,1
whichever,1
sovereign,1
dagger,1
timecan,1
firstsorry,1
seemed,1
wanting,1
request,1
endeavor,1
implementation,1
preemptive,1
october,1
coupled,1
coordination,1
effectively,1
avenue,1
thoughtfully,1
defensive,1
operatorlike,1
etcis,1
nicholas,1
nickwu,1
smith,1
nalatambr,1
krjpseaoce,1
logging,1
highdemand,1
deliberately,1
ddosing,1
playtime,1
school,1
gamebreaking,1
hotfix,1
triage,1
los,1
angelesbased,1
pacific,1
office,1
radius,1
reequip,1
opposed,1
portraying,1
somewhat,1
chaotic,1
voip,1
internalized,1
china,1
korea,1
pc,1
bang,1
professionally,1
appreciated,1
stadium,1
faint,1
dsp,1
compress,1
drawback,1
flatter,1
investigated,1
viewpoint,1
decode,1
spatialization,1
accurateespecially,1
announcement,1
mistakea,1
fundamentalsnot,1
killare,1
wellplayed,1
preoccupied,1
distraction,1
uplike,1
midcombat,1
pack,1
usagewell,1
misled,1
gameswhether,1
unpack,1
nogo,1
highconsequence,1
maximum,1
nofly,1
toiling,1
mine,1
miscreant,1
empty,1
applied,1
drinking,1
reviewed,1
expanded,1
investigatingso,1
react,1
interfering,1
taste,1
oni,1
begged,1
turning,1
individually,1
infinitely,1
feasibly,1
equally,1
invest,1
unfold,1
rising,1
inciting,1
methodshints,1
buried,1
gamewhile,1
asap,1
jason,1
falcone,1
ux,1
hitboxes,1
synchronization,1
celebrating,1
victory,1
selectplaylist,1
produce,1
barebones,1
organizer,1
spectator,1
leveleverything,1
watched,1
gamers,1
viewing,1
entertaining,1
adjacent,1
whalen,1
magus,1
rozelle,1
snr,1
radianttier,1
achievement,1
reearn,1
shotgun,1
inflicting,1
timetable,1
jared,1
berbach,1
nonfull,1
application,1
newsstorefriendlist,1
allinone,1
draft,1
banning,1
exceptional,1
agentfacilitated,1
unsolvable,1
friendship,1
sustained,1
hosted,1
located,1
physical,1
japan,1
uk,1
connectionand,1
precise,1
demanding,1
herewhy,1
buying,1
hurt,1
fund,1
justifies,1
price,1
unbalanced,1
looser,1
stomp,1
skillwise,1
varying,1
yilin,1
scientist,1
kinda,1
shortterm,1
sum,1
monthsadding,1
sharpshooter,1
wizard,1
pledge,1
strived,1
sustain,1
economy,1
otto,1
vandalconceptjpg,1
radically,1
trial,1
groundedidentifiable,1
iteither,1
ballisticlethal,1
laser,1
depict,1
weaponreloading,1
training,1
origin,1
disparate,1
sided,1
mashup,1
identifiable,1
separated,1
confuse,1
marker,1
reinvent,1
wheel,1
overcorrected,1
swung,1
animationsand,1
cuesthat,1
learnable,1
threebeat,1
casebycase,1
muzzleflashconceptsjpg,1
perspectivesort,1
dialect,1
peter,1
zinda,1
recorded,1
obligatory,1
pin,1
foley,1
bodyfalls,1
sounded,1
recognizing,1
noisemaker,1
preferable,1
bestinslot,1
yielded,1
bakedin,1
audible,1
definitive,1
postteam,1
dinner,1
disappoint,1
advocate,1
opt,1
hipfire,1
estate,1
acoglike,1
bulkier,1
disadvantageous,1
projected,1
groundedinreality,1
organically,1
manifest,1
outlined,1
gameplayfirst,1
spit,1
molten,1
ruining,1
appreciationto,1
immerse,1
evolutionary,1
anims,1
emotion,1
feelingyour,1
immersive,1
paytolose,1
nope,1
accidental,1
robotsthe,1
ink,1
alistar_soul_stealer_akjpg,1
coat,1
combed,1
pc_brainstorming,1
improv,1
teamthe,1
willing,1
itkicks,1
ideation,1
adjective,1
whod,1
sht,1
soul_stealer_revolverjpg,1
talented,1
backandforth,1
skinned,1
unfamiliar,1
shouldnt,1
approval,1
reticle,1
readable,1
cement,1
failed,1
louder,1
quieter,1
gameplayrelevant,1
silence,1
delight,1
purely,1
ducked,1
hiding,1
truck,1
worried,1
prioritized,1
soul_stealer_kit_conceptsjpg,1
dptour,1
twiceaday,1
guessed,1
critic,1
fastfluidresponsive,1
soundvfx,1
consultant,1
nerd,1
glimmer,1
volcano,1
interrupt,1
firey,1
evening,1
collaborated,1
crossover,1
ruined,1
occupy,1
offered,1
satisfying,1
signature,1
king_phantom_conceptjpg,1
bump,1
translate,1
sec,1
authoring,1
worki,1
spoke,1
trail,1
animationtwo,1
admire,1
specialmaterial_skinsjpg,1
bay,1
intol,1
forsaken,1
stood,1
representing,1
reloaded,1
search,1
vendor,1
faceted,1
bend,1
water,1
oily,1
brighteyz,1
format,1
higherstakes,1
crushing,1
bitesize,1
valorant_rank_assetjpg,1
warmup,1
platinum,1
exceptionally,1
inversely,1
deduced,1
hone,1
decisively,1
incentivize,1
decisive,1
minimum,1
factoring,1
boosting,1
whoever,1
favor,1
opposing,1
inactivity,1
tinkering,1
accomplishment,1
misunderstanding,1
megamisunderstanding,1
unrelated,1
thankfully,1
misunderstood,1
dubbed,1
megapunk,1
raved,1
fiction,1
subgenre,1
akira,1
cowboy,1
bebop,1
robot,1
josan,1
gonzalez,1
altered,1
deus,1
ex,1
ruiner,1
gloomy,1
oriented,1
coined,1
branched,1
corporatocracy,1
advertisement,1
twist,1
corporation,1
younger,1
overtly,1
megacorp,1
counterculture,1
consumer,1
juxtaposition,1
lifestyle,1
casualness,1
weaving,1
facet,1
altuniverse,1
relied,1
genuine,1
delusion,1
american,1
russia,1
western,1
designcreate,1
factory,1
modular,1
hallmark,1
sci,1
fi,1
grey,1
plastic,1
personalization,1
fresher,1
shelf,1
upgraded,1
aftermarket,1
suit,1
slap,1
cable,1
battery,1
barrel,1
simplifying,1
fiber,1
contribute,1
guidance,1
benefiting,1
decorate,1
universethese,1
slapped,1
onthenose,1
food,1
beverage,1
security,1
unico,1
pomade,1
hair,1
nssdle,1
mon,1
monster,1
burger,1
yummy,1
corporatea,1
handmade,1
spectrum,1
evoked,1
skinline,1
consequence,1
breathes,1
delve,1
testament,1
existed,1
barometer,1
unexpectednessno,1
mutsaev,1
elemental,1
hyped,1
grasp,1
plausible,1
remained,1
snuck,1
worldwide,1
dragonoperatorfirstconceptoldstylejpg,1
gross,1
contender,1
stumped,1
anatomically,1
decorum,1
demurred,1
lacked,1
finishwe,1
yetwe,1
specialized,1
ice,1
folklore,1
trinket,1
quicken,1
heated,1
wyrms,1
wyvern,1
mythical,1
wrongfully,1
assumed,1
educational,1
exercise,1
nonetheless,1
imagination,1
loyal,1
trivial,1
throne,1
whimsy,1
train,1
oddly,1
lowkey,1
casually,1
threatening,1
roar,1
walrus,1
bengal,1
tiger,1
backed,1
chattering,1
lory,1
strip,1
alligator,1
mother,1
cell,1
phone,1
recording,1
befriending,1
camel,1
newlyhired,1
lakhanov,1
daunting,1
dragonfrenzypersonalityexplorationjpg,1
brute,1
temperament,1
dragonjudgepersonalityexplorationjpg,1
clasp,1
tonal,1
derpy,1
loveable,1
endearing,1
fitting,1
dragonoperatorpersonalityexplorationjpg,1
magma,1
poo,1
hayley,1
chenoneill,1
joel,1
kittle,1
enlisted,1
specializes,1
highquality,1
proved,1
unruly,1
winged,1
summon,1
lockstep,1
emerged,1
panic,1
clawing,1
enraged,1
dragon_vandal_reload_explorationgif,1
brood,1
panicky,1
utilized,1
tail,1
scurrying,1
dragon_frenzy_equipgif	dragon_frenzy_equip_alternategif,1
likened,1
rhino,1
obstacle,1
angry,1
mouth,1
crush,1
captured,1
boorishness,1
dragon_judge_reload_explorationgif,1
carried,1
elderly,1
wisdom,1
flowy,1
snort,1
dangerous,1
ember,1
menacing,1
fiery,1
embedded,1
breathed,1
ebb,1
crevice,1
claw,1
poor,1
choked,1
dragonmeleeexplorationsjpg,1
receivedwell,1
negatively,1
hed,1
pencil,1
exhale,1
calling,1
evokes,1
goliath,1
tiny,1
breed,1
fantastical,1
inhabits,1
naming,1
indescribably,1
poured,1
exactwhile,1
randomness,1
wondered,1
surprising,1
influencing,1
jun,1
idealno,1
favored,1
weighted,1
handful,1
mere,1
ticket,1
pervasive,1
cyclical,1
reddittwitter,1
altogether,1
lobby,1
worsen,1
adversely,1
affecting,1
costly,1
april,1
million,1
alleviate,1
deter,1
insult,1
paving,1
commsrelated,1
feedbackspecifically,1
purposely,1
punishedwe,1
similarly,1
dealt,1
endedmore,1
filtered,1
iceberg,1
administered,1
triggered,1
abusive,1
accumulated,1
yearlong,1
chronic,1
reserved,1
ramp,1
justified,1
dished,1
meaningfully,1
atheading,1
incorrectly,1
gradually,1
turkish,1
agentswho,1
oversee,1
incoming,1
strictly,1
behaviorand,1
helpless,1
undermine,1
deterring,1
privacy,1
submitted,1
complement,1
evidence,1
verify,1
behavioral,1
policy,1
americaenglishonly,1
piloting,1
concrete,1
engaged,1
helping,1
grateful,1
teambased,1
downgrade,1
enjoyment,1
mustsolve,1
inhibit,1
cord,1
circumstance,1
foray,1
simplest,1
prolonged,1
ragequitting,1
withthey,1
revealing,1
forgiving,1
severely,1
conversely,1
tank,1
changein,1
cry,1
sizable,1
entering,1
halved,1
stabilized,1
measuring,1
unclear,1
normalized,1
caveat,1
nonafk,1
category,1
intervention,1
penalizedeter,1
broadened,1
clever,1
technique,1
sabotage,1
valorantspecifically,1
mmrand,1
matchmakinghere,1
indepth,1
voiced,1
deepdive,1
everybody,1
matchmakingmatch,1
clicking,1
raised,1
posting,1
concernsfeedback,1
discord,1
author,1
lansford,1
fray,1
hook,1
fissure,1
pinch,1
quadrant,1
novel,1
lengthy,1
lock,1
hallsdoor,1
underover,1
differencesi,1
sold,1
breakthrough,1
hindsight,1
postplant,1
choke,1
standin,1
mini,1
linking,1
arcade,1
cutting,1
neutral,1
minimap,1
paced,1
desirable,1
holdgiving,1
retake,1
striking,1
pitching,1
dual,1
conceived,1
capitalize,1
prompt,1
atop,1
canyon,1
overgrown,1
foliage,1
rift,1
dividing,1
artistically,1
desertification,1
forestation,1
memorizing,1
distinctively,1
theo,1
aretos,1
compositional,1
adequate,1
parameter,1
interpretation,1
mapheres,1
inbox,1
email,1
incubation,1
establishes,1
topdown,1
contain,1
threelane,1
alter,1
extensively,1
dialin,1
sightline,1
opening,1
width,1
coincided,1
directionso,1
lingering,1
silky,1
essentially,1
circulation,1
ascentcompsgif,1
medieval,1
accentuating,1
domed,1
basilica,1
drained,1
canal,1
boathouse,1
squarely,1
finalized,1
elevation,1
simplified,1
talent,1
ambient,1
statue,1
orient,1
garden,1
isle,1
carney,1
legendary,1
garrozzo,1
loose,1
polished,1
multitude,1
fiveplayer,1
gimmick,1
ascender,1
poorly,1
shine,1
withstood,1
capturing,1
king,1
hill,1
proof,1
glass,1
overlooked,1
firmly,1
reverse,1
porous,1
hotzone,1
hallway,1
vent,1
sewer,1
punctuated,1
japanese,1
transformation,1
transformed,1
daily,1
everyday,1
citizen,1
alley,1
goodness,1
shadow,1
rd,1
clarify,1
older,1
district,1
campus,1
anchored,1
raidanite,1
generator,1
separating,1
generate,1
complemented,1
mental,1
connecting,1
meanwhilesee,1
lydia,1
zanotti,1
cold,1
lighting,1
collaborative,1
feat,1
attention,1
rightfully,1
greyboxplaytesting,1
tweaking,1
misconception,1
crafting,1
iconic,1
leadership,1
marked,1
coverage,1
pipeline,1
maya,1
max,1
collision,1
redo,1
reasonably,1
smoothly,1
meshesmeaning,1
pile,1
immensely,1
populate,1
construction,1
minus,1
export,1
unwrap,1
interior,1
impede,1
tiling,1
sheet,1
zbrush,1
painter,1
photoshop,1
forklift,1
asite,1
subordinate,1
noise,1
darkness,1
illuminate,1
commonly,1
peeked,1
motif,1
graffiti,1
height,1
theming,1
understood,1
scream,1
garage,1
container,1
worldbuilding,1
maand,1
secretly,1
bunker,1
glacier,1
storage,1
curving,1
aaron,1
cheney,1
excitingand,1
resultsits,1
organizing,1
controlling,1
plot,1
predictor,1
aggregated,1
sample,1
excluded,1
skew,1
globalinvalidationsummaryflowjpg,1
realizing,1
spanned,1
ripe,1
paid,1
managing,1
calibrating,1
delivered,1
matching,1
analogous,1
exaggerated,1
underneath,1
recalculate,1
mechanism,1
opacity,1
ordering,1
property,1
signaling,1
complicating,1
signify,1
panel,1
improperly,1
waste,1
precious,1
underthehood,1
componentcalled,1
boxto,1
contained,1
prevented,1
prepassed,1
ticked,1
vertex,1
discarded,1
refreshing,1
amortized,1
performant,1
candidate,1
grouping,1
suited,1
documentation,1
universally,1
testrun,1
collected,1
bugsand,1
insidious,1
generated,1
workeven,1
thisis,1
bleeding,1
thread,1
marcus,1
reid,1
inch,1
doubledigit,1
accounting,1
diminished,1
stabilizing,1
september,1
fullyfunctioning,1
modify,1
catastrophic,1
merged,1
isolated,1
commonality,1
manifested,1
valuable,1
eliminate,1
scattered,1
careful,1
robust,1
rinse,1
disabling,1
developerbugfixflowjpg,1
steady,1
drip,1
november,1
largely,1
notable,1
greeted,1
loading,1
c,1
destructors,1
causing,1
swapping,1
hover,1
annoyance,1
cautious,1
betcha,1
department,1
interacting,1
endofgame,1
offnominal,1
modifying,1
alttabbing,1
armed,1
traversed,1
milestone,1
specification,1
prediction,1
estimation,1
fragging,1
importantlygame,1
underpowered,1
gameyour,1
job,1
forit,1
contextualize,1
seek,1
meaningfulyou,1
robotic,1
formulaic,1
guiding,1
principleswhat,1
balance_tac_cycle_imagejpg,1
territory,1
coordinating,1
impossible,1
monthskind,1
consisted,1
balance_inputs_process_imagejpg,1
intervene,1
defenderattacker,1
meeting,1
interpret,1
stateit,1
borderswhen,1
dip,1
upper,1
busted,1
contextualized,1
figuring,1
embed,1
vocal,1
changelist,1
nonmirrored,1
grouped,1
tightened,1
relative,1
forumsanything,1
rocketed,1
naded,1
dead,1
writeup,1
acquired,1
nades,1
continually,1
blow,1
identitykill,1
rocket,1
vacate,1
skeptical,1
dave,1
chase,1
rooftop,1
european,1
mysterious,1
witnessed,1
distorting,1
triggering,1
globe,1
shock,1
protocola,1
covert,1
disastersscrambles,1
unfolding,1
venice,1
remnant,1
detonation,1
harnessing,1
locate,1
morocco,1
activation,1
neutralize,1
disaster,1
overcome,1
foe,1
bethemselves,1
dissonance,1
videogame,1
sophisticated,1
backstories,1
shoot,1
dimension,1
defendattack,1
peel,1
ponder,1
aggressor,1
necrotix,1
aeneia,1
longawaited,1
tide,1
discouraging,1
afktype,1
sucked,1
slipping,1
crack,1
patched,1
encompass,1
nonparticipatory,1
vastly,1
exploit,1
generic,1
occasional,1
heck,1
gamesthe,1
varied,1
ya,1
farmer,1
entry,1
leveled,1
management,1
chatbased,1
goodbye,1
textbased,1
forget,1
tentatively,1
violence,1
valorantthose,1
tolerated,1
listed,1
categorized,1
warrant,1
discern,1
threw,1
verbally,1
harassing,1
harass,1
muting,1
el,1
wrongdoing,1
rolling,1
notified,1
actioned,1
matterin,1
logged,1
notify,1
afraid,1
punt,1
offending,1
extinguish,1
problematic,1
invite,1
unending,1
enthusiasm,1
proud,1
researcher,1
coleman,1
altombre,1
palm,1
insightful,1
nonideal,1
diagnostic,1
highlow,1
datadriven,1
attackerdefenderfavored,1
unfun,1
furthermore,1
sentinelheavy,1
duelistheavy,1
attackerfavored,1
messier,1
mapbymap,1
beall,1
endall,1
correlate,1
aspiration,1
rapidly,1
strengthhealth,1
breadth,1
broad,1
deeply,1
ifwhere,1
planted,1
matchup,1
duel,1
june,1
observed,1
guaranteed,1
proxy,1
merited,1
attackdefense,1
strengthpresence,1
abilityspecific,1
overtuned,1
mustpick,1
stallsupport,1
knowledge,1
fortify,1
fallen,1
heal,1
obsolete,1
compare,1
radiantlevel,1
balancewise,1
dubious,1
convince,1
useless,1
tapping,1
sourcesthe,1
etcand,1
pickanyvariant,1
honest,1
chickenpng		tactibearpng,1
freetoplayers,1
chicken,1
spraytitlecard,1
salty,1
trackour,1
scifantasy,1
artsy,1
edgy,1
battlepassonly,1
bank,1
opcrimsonpng		coffeepng,1
chapter,1
gotta,1
smiling,1
toaster,1
spin,1
froggie,1
toasterpng	vinylpng	froggypng,1
pictured,1
virtually,1
noconstraints,1
quantity,1
exclusive,1
lately,1
melee_hivepng	vandal_hivepng	ares_hivepng,1
nebulous,1
pure,1
serenity,1
luxurious,1
guardian_ruinpng	bucky_chargepng	phantom_serenitypng,1
battlepasses,1
peer,1
tactisquirrel,1
octopusrelated,1
relevant,1
topical,1
memeing,1
abundance,1
guardian,1
overdue,1
jackolantern,1
spooky,1
quarantine,1
surviving,1
washpng,1
searching,1
easter,1
egg,1
chilly,1
mcfreeze,1
snowman,1
gelato,1
cutie,1
rose,1
tactianimal,1
originated,1
infamous,1
anecdotal,1
randomized,1
strat,1
tired,1
rushing,1
die,1
somethingthatshouldhavebeenobviouslikerazeult,1
fate,1
polite,1
contest,1
suggested,1
exampleyou,1
guess,1
taderpng	trashpng,1
spraytospeech,1
postclutch,1
celebratory,1
chant,1
nonverbally,1
practical,1
mic,1
communicationspairings,1
sad,1
casual,1
gg,1
sheriff,1
prosper,1
hack,1
pride,1
bucky,1
pumped,1
cheesy,1
unsuspecting,1
polyfox,1
kevin,1
arguably,1
framebyframe,1
presenting,1
distinction,1
appearing,1
differently,1
presentation,1
pressed,1
blog,1
authority,1
predicting,1
responsive,1
flying,1
snapshot,1
skipping,1
hit_reg_flowjpg,1
hardwareoperating,1
desync,1
delaying,1
hitconfirm,1
hacking,1
meanwhile,1
passed,1
rewinding,1
sake,1
trip,1
plus,1
processing,1
crouchingstrafing,1
self,1
regret,1
furious,1
footage,1
titled,1
hypothetical,1
incorrect,1
correctlyshots,1
accurately,1
spawned,1
gunfight,1
distinguishing,1
tying,1
relationshipeven,1
nonblood,1
headshotvfxjpg	bodyshotvfxjpg,1
greatly,1
attached,1
disagree,1
misbehaving,1
wang,1
prime,1
playersand,1
strange,1
typical,1
unto,1
partnership,1
solidified,1
specialty,1
unnamedgif,1
gemlike,1
powersource,1
parallax,1
cloudy,1
orb_conceptgif	orb_finalgif,1
topped,1
effectwe,1
tunable,1
artistfriendly,1
hodgepodge,1
pink,1
himalayan,1
salt,1
pr,1
avalanche_assetjpg,1
portal,1
fancy,1
cubemap,1
tiled,1
horizontally,1
seamless,1
nausea,1
prone,1
irl,1
early_nebulajpg,1
nowhere,1
productionready,1
marries,1
reme,1
ke,1
jumping,1
actuation,1
tad,1
hopped,1
nodebased,1
conceptual,1
modulate,1
iridescence,1
prism_assetjpg,1
collabs,1
spline_collectionjpg,1
crossteam,1
excite,1
workflow,1
fluidly,1
growth,1
peaking,1
anxious,1
stuffing,1
fridge,1
takeaway,1
gotten,1
preserved,1
demonstrate,1
selfexplanatory,1
surrounding,1
hence,1
threshold,1
anytime,1
award,1
commemorating,1
memorializes,1
host,1
returning,1
stack,1
abridged,1
levelor,1
infused,1
matchmake,1
discrepancyto,1
extent,1
rope,1
narrowing,1
solo,1
actwhich,1
monthsyoull,1
climbed,1
competitiverelated,1
inclient,1
fairer,1
overtime,1
granular,1
teamoriented,1
faithful,1
activity,1
unobtainable,1
everytime,1
feed,1
backend,1
scan,1
findingswhich,1
guest,1
starring,1
banwaves,1
guessing,1
earlyexit,1
reportno,1
correlated,1
innocent,1
correlation,1
invaluable,1
intelligence,1
notatallscary,1
popped,1
topicsbut,1
firstly,1
collectively,1
spending,1
frankly,1
trustworthy,1
cheatresistant,1
fog,1
prohibitive,1
antitamper,1
efficiently,1
valorantthere,1
approachessuch,1
legal,1
avenuesto,1
fogofwar_offjpg	fogofwar_onjpg,1
studio,1
impression,1
pastand,1
assigned,1
seedlike,1
paper,1
bios,1
slowly,1
bam,1
finalfinalfinalipromise,1
armchair,1
woodwork,1
overabundant,1
rioter,1
theory,1
sidebyside,1
mememememe,1
scheming,1
animated,1
netflixgo,1
messaged,1
recall,1
beforegoscicki,1
includedand,1
indie,1
penchant,1
allegedly,1
groundwork,1
gender,1
wellbut,1
kpop,1
heartthrob,1
assassinates,1
moon,1
gifted,1
twin,1
sister,1
aphelios,1
f,1
combine,1
browning,1
faced,1
sourcebut,1
complementary,1
answered,1
endless,1
cosmos,1
doll,1
magic,1
scissors,1
mountain,1
whose,1
fastdont,1
inspector,1
solar,1
konstantin,1
zoonoid,1
maystrenko,1
nancy,1
sojyoo,1
kim,1
lonewingy,1
denominator,1
ego,1
silent,1
banging,1
fed,1
laner,1
lane,1
goon,1
squad,1
embodies,1
rycou,1
mobility,1
electrifying,1
insisted,1
lent,1
realworld,1
philippine,1
filipina,1
characterssomething,1
blackout,1
michael,1
skiptomyluo,1
prickly,1
guardedblunt,1
sarcastic,1
biting,1
brightbut,1
stubborn,1
timespersonality,1
supportive,1
communitiessomething,1
bayanihan,1
filipino,1
culturebut,1
manilla,1
parmcheesy,1
killeen,1
embrace,1
overwhelmed,1
duty,1
withdrawn,1
upbringing,1
combining,1
wholly,1
pitched,1
learnability,1
sitetosite,1
terror,1
finger,1
reliant,1
valorantstyle,1
complain,1
ehhh,1
zap,1
restricting,1
sluggish,1
restricted,1
similarity,1
smashed,1
concerned,1
suke,1
illustrator,1
coherence,1
gauntlet,1
realisticallyand,1
defined,1
youthful,1
tilted,1
smirk,1
mixing,1
aura,1
african,1
futurism,1
golden,1
float,1
vibrant,1
google,1
docbut,1
wave,1
craziest,1
prematurely,1
updatesongoing,1
reconnaissance,1
areare,1
exploiting,1
sliver,1
notion,1
nickwujoined,1
reconinfo,1
localized,1
recon,1
moreintimate,1
hunting,1
themebut,1
frightens,1
searched,1
recurring,1
nightmare,1
bp,1
scared,1
herkesin,1
bir,1
korkusu,1
var,1
lifethese,1
chunky,1
fakeoutan,1
directionally,1
mislead,1
enemiesis,1
damaged,1
debuffs,1
conal,1
fastpaced,1
millisecond,1
disrupting,1
gameplaywhich,1
awesomebut,1
exploding,1
cohesion,1
thematically,1
puddle,1
misdirection,1
prepare,1
dump,1
nearsighted,1
preventing,1
initiate,1
invincible,1
dancing,1
hinder,1
blasting,1
shorty,1
switching,1
jamming,1
unhindered,1
mastermind,1
placesdeep,1
blind,1
destealth,1
claim,1
drifting,1
wrapping,1
ride,1
cosplay,1
af,1
playsall,1
blew,1
hopping,1
lifetime,1
dope,1
fell,1
kayo,1
suppressed,1
econ,1
shook,1
prominent,1
refreshed,1
shake,1
adapting,1
lighter,1
restructuring,1
re,1
welcoming,1
peeled,1
mga,1
kaibigan,1
ko,1
scroll,1
renewed,1
unexpected,1
kicking,1
outpace,1
shocking,1
sliding,1
winter,1
recharge,1
rycoux,1
gamecharacter,1
boyo,1
par,1
moredifferent,1
blabbering,1
d,1
constrained,1
cooking,1
floored,1
rosterbut,1
sparked,1
ignite,1
deception,1
disinformation,1
needing,1
viability,1
payoff,1
conditioning,1
ineffective,1
trick,1
deceptive,1
debuffing,1
leather,1
glove,1
activate,1
teleporting,1
bout,1
teach,1
gear,1
relaunches,1
struggling,1
noticing,1
niche,1
distinctly,1
carved,1
playrate,1
postnerf,1
succeed,1
occupies,1
selfsufficiency,1
impactful,1
barring,1
hiccup,1
bundled,1
speedvalorant,1
slimmest,1
margin,1
refinement,1
h,1
ua,1
cang,1
w,1
o,1
e,1
n,1
st,1
huh,1
thereve,1
sharpen,1
uniquely,1
homogenizing,1
controllersand,1
poison,1
cloud,1
zonal,1
amping,1
bet,1
dare,1
positioned,1
pressure,1
blindside,1
escape,1
proactive,1
setup,1
lever,1
omg,1
alot,1
panned,1
stabilize,1
tourney,1
buffsnerfs,1
stabilization,1
gosicki,1
skipped,1
hinting,1
yoruwho,1
settle,1
viperbannerpng,1
perusing,1
gonna,1
bearer,1
highlighting,1
conjunction,1
bought,1
notebook,1
p,1
soum,1
cosmic,1
grown,1
accustomed,1
agentsclasses,1
teamfocused,1
augment,1
enhance,1
abilitiestools,1
evident,1
crucial,1
perround,1
rethink,1
boundarypushing,1
lurker,1
toe,1
own,1
off,1
when,1
dont,1
inspire,1
lcq,1
suggest,1
tp,1
quit,1
thrive,1
resurrect,1
pickrate,1
reveal,1
sculpt,1
simulate,1
rewind,1
