word,AskRiotAmount
champion,208
game,132
player,124
skin,112
new,79
time,65
champ,58
play,53
event,51
league,51
change,50
team,49
thing,48
riot,45
year,45
item,43
feel,40
need,39
know,36
galaxy,35
yuumi,34
many,32
example,32
every,32
system,32
take,32
different,31
update,31
question,30
work,30
something,30
sure,30
mean,29
really,29
keep,29
go,27
might,27
ranked,27
support,27
give,27
lead,26
account,26
think,26
lane,25
good,25
use,25
mode,25
part,24
look,24
thematic,24
end,24
sometime,24
aram,24
goal,24
long,23
right,23
le,23
making,23
patch,23
back,23
pretty,23
mission,23
mana,22
role,22
tft,22
prestige,21
try,21
made,21
designer,21
next,21
gameplay,21
playing,21
senna,21
vgu,21
power,20
case,20
answer,20
kit,20
ability,20
experience,20
working,19
hope,19
story,19
doe,19
theme,19
didnt,19
let,19
clarity,19
wed,19
youre,19
unique,19
number,19
people,19
place,18
able,18
rift,18
line,18
top,18
transfer,18
boom,18
clash,18
better,17
doesnt,17
already,17
say,17
find,17
love,17
little,17
far,17
issue,17
rank,17
often,16
put,16
across,16
legend,16
character,16
clear,16
popular,16
add,16
legendary,16
trying,16
cant,16
star,16
username,16
bit,15
come,15
without,15
sound,15
help,15
important,15
approach,15
always,15
select,15
gold,15
petal,15
getting,14
lore,14
core,14
best,14
reason,14
create,14
include,14
data,14
probably,14
someone,14
plan,14
two,14
fun,14
though,14
win,14
continue,14
level,14
hard,14
summoner,14
ban,14
match,14
space,13
feature,13
moment,13
bug,13
arent,13
map,13
release,13
got,13
become,12
talk,12
world,12
enough,12
isnt,12
spell,12
enemy,12
amount,12
high,12
said,12
problem,12
whether,12
recent,12
post,12
tell,12
adding,12
fiddlestick,12
future,12
process,12
point,12
region,12
depth,12
position,12
marksman,12
mordekaiser,12
reward,12
jungle,12
adc,12
she,12
design,11
order,11
needed,11
expect,11
higher,11
difficult,11
thought,11
focused,11
hit,11
require,11
looking,11
queue,11
development,11
model,11
director,11
chroma,11
test,11
im,11
spirit,11
choice,11
bot,11
bring,11
soldier,11
form,11
other,11
runeterra,10
base,10
balance,10
winrate,10
last,10
aphelios,10
start,10
likely,10
dev,10
animation,10
currently,10
creating,10
overall,10
read,10
color,10
address,10
definitely,10
vo,10
strategic,10
rate,10
forward,10
actually,10
reroll,10
build,10
ask,10
felt,10
seem,10
version,10
passive,10
happen,10
producer,9
theyre,9
especially,9
ever,9
strong,9
generally,9
huge,9
old,9
wont,9
interesting,9
beyond,9
talked,9
possible,9
factor,9
three,9
word,9
opportunity,9
exciting,9
fit,9
run,9
art,9
blitz,9
product,9
short,9
month,9
move,9
server,9
service,9
teambuilder,9
believe,9
early,9
skill,9
log,9
custom,9
kind,8
result,8
big,8
heard,8
name,8
avoid,8
blitzcrank,8
tool,8
usually,8
individual,8
normal,8
range,8
curve,8
day,8
quickly,8
released,8
ingame,8
never,8
played,8
choose,8
element,8
nunu,8
per,8
damage,8
fantasy,8
couple,8
offer,8
voice,8
silhouette,8
excited,8
option,8
feedback,8
main,8
instead,8
couldnt,8
certain,8
effort,8
particularly,8
lee,8
term,8
decided,8
added,8
meant,8
anything,8
blossom,8
everyone,8
competitive,8
increase,8
health,8
mmr,8
milestone,8
wouldnt,8
throughout,8
ensure,8
trait,8
low,8
unit,8
clap,8
ally,8
dark,8
fiddle,8
fixed,8
splash,8
hold,7
narrative,7
youve,7
hear,7
open,7
true,7
value,7
quite,7
limited,7
impact,7
shouldnt,7
display,7
feeling,7
consider,7
type,7
easier,7
list,7
seen,7
improve,7
later,7
aspect,7
detail,7
project,7
least,7
close,7
fairly,7
planning,7
human,7
identity,7
risk,7
original,7
lancer,7
gave,7
changed,7
done,7
call,7
sin,7
including,7
improvement,7
specific,7
bad,7
longer,7
week,7
exploring,7
report,7
fair,7
person,7
frustrating,7
season,7
scale,7
due,7
aatrox,7
shard,7
lp,7
azir,7
earn,7
honor,7
learn,7
pool,7
nocturne,7
login,7
coming,6
light,6
enjoy,6
missed,6
pantheon,6
super,6
real,6
vowel,6
second,6
decide,6
manaless,6
additionally,6
cost,6
using,6
secondary,6
rest,6
balanced,6
micropatch,6
wait,6
determine,6
launch,6
outside,6
split,6
red,6
recently,6
pbe,6
iteration,6
similar,6
current,6
music,6
direction,6
head,6
past,6
asking,6
samira,6
followed,6
pentakill,6
taking,6
opponent,6
variety,6
totally,6
challenge,6
texture,6
however,6
groove,6
great,6
fact,6
standard,6
large,6
ultimately,6
prioritize,6
soon,6
multiple,6
started,6
complete,6
took,6
schedule,6
button,6
random,6
etc,6
else,6
roll,6
addition,6
effective,6
exist,6
control,6
building,6
banned,6
testing,6
earlier,6
drop,6
playrate,6
primary,6
came,6
check,6
iconic,6
regional,6
upcoming,6
riotiamwalrus,6
interact,6
pack,6
autofill,6
planned,5
client,5
based,5
powerful,5
explore,5
folk,5
pattern,5
safe,5
consistently,5
cast,5
force,5
either,5
tradeoff,5
worth,5
general,5
updated,5
existing,5
challenging,5
information,5
article,5
board,5
wasnt,5
basically,5
used,5
blog,5
platform,5
talking,5
sense,5
priority,5
considered,5
sign,5
understand,5
master,5
popularity,5
enchanter,5
tank,5
single,5
spot,5
shop,5
preseason,5
solo,5
ship,5
push,5
provide,5
finally,5
stay,5
lol,5
lgbtqia,5
depend,5
creative,5
solution,5
showing,5
show,5
toggle,5
anyone,5
universe,5
catalog,5
grow,5
overlap,5
walk,5
distracting,5
fix,5
dragon,5
video,5
okay,5
production,5
older,5
quality,5
teemo,5
tahm,5
kench,5
buff,5
almost,5
friend,5
piece,5
seeing,5
wrong,5
away,5
whole,5
available,5
receive,5
initial,5
legendaries,5
tend,5
taken,5
hasnt,5
moving,5
matchup,5
increasing,5
small,5
strategy,5
class,5
known,5
course,5
rod,5
age,5
counterplay,5
purchase,5
meaning,5
mythic,5
left,5
interested,5
became,5
niche,5
progress,5
exact,5
allow,5
toward,5
keeping,5
personalization,5
winning,5
favorite,5
adjustment,5
midset,5
rp,5
access,5
werent,5
wall,5
id,5
measure,5
breadth,5
yes,5
announcer,5
minion,5
xp,5
everything,4
aka,4
releasing,4
sentinel,4
special,4
rise,4
canon,4
biggest,4
epic,4
common,4
action,4
break,4
otherwise,4
healing,4
return,4
care,4
hitting,4
cooldown,4
particular,4
bar,4
itd,4
yasuo,4
intended,4
bound,4
nerf,4
mastery,4
climb,4
combination,4
impactful,4
twitter,4
rioter,4
discussion,4
note,4
gonna,4
broader,4
required,4
nice,4
cool,4
screen,4
terror,4
recognizable,4
consideration,4
influence,4
knew,4
focus,4
yi,4
katarina,4
turn,4
pentas,4
similarly,4
carry,4
stat,4
side,4
index,4
connection,4
xerath,4
please,4
significantly,4
running,4
visual,4
material,4
floaty,4
dive,4
hand,4
mostly,4
thank,4
went,4
voiceover,4
stop,4
saying,4
rock,4
roster,4
editorial,4
hopefully,4
decision,4
moved,4
behavior,4
several,4
today,4
behind,4
scene,4
entire,4
worse,4
ran,4
submit,4
ticket,4
youd,4
senior,4
bilgewater,4
black,4
average,4
rolled,4
bench,4
rolling,4
impossible,4
previous,4
streak,4
broadly,4
identifying,4
received,4
pick,4
thresh,4
matter,4
alternative,4
gain,4
comp,4
direct,4
represent,4
although,4
reality,4
highest,4
understanding,4
removed,4
loss,4
strength,4
combat,4
slightly,4
led,4
ended,4
reach,4
within,4
announced,4
drastic,4
playerbase,4
globally,4
rotating,4
idea,4
closely,4
together,4
guardian,4
half,4
nature,4
remain,4
pas,4
bard,4
clone,4
agree,4
explain,4
realm,4
xenogenic,4
laner,4
playstyle,4
fill,4
graph,4
rune,4
featured,4
lux,4
experimenting,4
horror,4
continent,4
valorant,4
smurfing,4
what,4
esport,4
vex,3
shadow,3
meantime,3
ascended,3
existence,3
atreus,3
style,3
victory,3
kick,3
awesome,3
sr,3
manager,3
akshan,3
automatically,3
naturally,3
phase,3
compelling,3
theyd,3
ranged,3
grab,3
miss,3
drive,3
pushed,3
additional,3
transformation,3
complex,3
careful,3
leave,3
ax,3
harder,3
quick,3
happened,3
differently,3
learning,3
lower,3
neeko,3
info,3
fall,3
eg,3
crash,3
communication,3
maybe,3
tracker,3
havent,3
promise,3
launched,3
link,3
stuff,3
letting,3
social,3
medium,3
watch,3
accurate,3
alongside,3
life,3
included,3
filled,3
musical,3
ex,3
tone,3
pillar,3
youll,3
soraka,3
heavily,3
reworked,3
live,3
summer,3
reduction,3
potential,3
itll,3
pro,3
entirely,3
lucian,3
audience,3
continuing,3
specifically,3
vary,3
featuring,3
wondering,3
deliver,3
fund,3
maintain,3
shape,3
language,3
designing,3
cat,3
typically,3
deep,3
putting,3
pull,3
bringing,3
storm,3
tricky,3
bellissimoh,3
sweet,3
starting,3
performance,3
emphasis,3
actor,3
slowly,3
kill,3
refresh,3
rework,3
disabled,3
success,3
ton,3
associated,3
smoothly,3
follow,3
successfully,3
appear,3
cause,3
underlying,3
figure,3
reliable,3
unexpected,3
flower,3
isle,3
room,3
wild,3
among,3
imagine,3
scathlocke,3
trade,3
drawn,3
r,3
simply,3
effect,3
selecting,3
develop,3
nothing,3
actively,3
date,3
solid,3
lobby,3
problematic,3
plus,3
increased,3
complexity,3
rather,3
assassin,3
edge,3
returning,3
drink,3
consume,3
heal,3
karthus,3
theyll,3
viable,3
removing,3
principle,3
purpose,3
hybrid,3
handful,3
fate,3
tested,3
mechanic,3
eventually,3
discussed,3
growth,3
isolated,3
mid,3
healthy,3
bigger,3
developing,3
content,3
nearly,3
announce,3
dedicated,3
trust,3
easy,3
updating,3
listening,3
store,3
expectation,3
dynamic,3
depending,3
series,3
technical,3
emperor,3
near,3
guard,3
ghost,3
appearance,3
worry,3
emote,3
amazing,3
exclusive,3
environment,3
nexus,3
literally,3
resonant,3
morde,3
brought,3
forced,3
death,3
magic,3
primarily,3
kalista,3
honored,3
global,3
reddit,3
finding,3
host,3
party,3
hur,3
physical,3
weak,3
regularly,3
rewarding,3
tuning,3
lever,3
thus,3
selection,3
odyssey,3
facing,3
ornn,3
aside,3
carousel,3
free,3
camp,3
jump,3
anticipation,3
horrifying,3
shurima,3
curious,3
land,3
setting,3
send,3
meme,3
kellen,3
gem,3
serve,3
stack,3
smurf,3
autofilled,3
guarantee,3
soul,3
willing,3
september,2
yordle,2
execution,2
spoiler,2
ruined,2
butt,2
pronounce,2
english,2
speech,2
mouth,2
filling,2
calling,2
pace,2
spam,2
harass,2
succeed,2
sustain,2
stake,2
rocket,2
needing,2
rule,2
default,2
melee,2
poke,2
resource,2
heat,2
ui,2
cover,2
rumble,2
significant,2
continuous,2
pressure,2
appropriately,2
versus,2
waiting,2
framework,2
kayn,2
dropped,2
smaller,2
whereas,2
followup,2
happening,2
minute,2
deal,2
jag,2
dozen,2
incredibly,2
feed,2
share,2
function,2
signal,2
sorry,2
scattered,2
drawback,2
stance,2
final,2
living,2
exclusively,2
desire,2
directly,2
introduce,2
pc,2
personality,2
certainly,2
writing,2
truly,2
flute,2
song,2
unsettling,2
darker,2
beginning,2
demacia,2
rage,2
backstory,2
inspiring,2
location,2
personal,2
alternate,2
perhaps,2
oppressive,2
soloduo,2
chasing,2
braum,2
taric,2
ideally,2
third,2
introducing,2
binding,2
twist,2
fantastic,2
threatening,2
blade,2
reworking,2
appeal,2
ad,2
partially,2
punishing,2
burst,2
supportive,2
considering,2
rakan,2
xayah,2
window,2
relationship,2
glad,2
enjoying,2
turning,2
cosmetic,2
ongoing,2
displayed,2
purchased,2
business,2
cold,2
freetoplay,2
supported,2
stick,2
guideline,2
easily,2
identify,2
channel,2
perspective,2
monday,2
theory,2
mechahawk,2
foremost,2
broke,2
recognition,2
shoulder,2
vfx,2
confident,2
limit,2
loud,2
ult,2
importance,2
given,2
kingdom,2
draven,2
catching,2
adjust,2
readability,2
terrible,2
pls,2
recap,2
distinct,2
define,2
modernization,2
missing,2
audio,2
mix,2
fidelity,2
whose,2
touch,2
length,2
greater,2
brief,2
consistent,2
immediately,2
memorable,2
insight,2
mini,2
committed,2
w,2
engage,2
cc,2
disabling,2
inventory,2
managing,2
dependent,2
fail,2
detect,2
dig,2
solve,2
various,2
pause,2
originally,2
press,2
picked,2
population,2
lily,2
lotus,2
port,2
buy,2
hook,2
ionia,2
hop,2
logic,2
charge,2
swap,2
c,2
o,2
d,2
rotation,2
simpler,2
notably,2
candidate,2
diversify,2
appealing,2
ahri,2
skinline,2
unfortunately,2
kept,2
artwork,2
toxicity,2
mental,2
evaluating,2
disruptive,2
leaving,2
site,2
thinking,2
agency,2
sharp,2
counter,2
pregame,2
downside,2
reduced,2
banning,2
completely,2
unable,2
positive,2
opinion,2
scruffy,2
taste,2
battle,2
moba,2
somewhere,2
hundred,2
galio,2
seraphine,2
duo,2
momenttomoment,2
proven,2
violated,2
hextech,2
gunblade,2
statikk,2
shiv,2
flexible,2
despite,2
singed,2
akali,2
user,2
aiming,2
receiving,2
estimation,2
tougher,2
accurately,2
division,2
overly,2
smooth,2
job,2
designed,2
outcome,2
spawn,2
parity,2
wider,2
vision,2
variance,2
instance,2
late,2
vayne,2
situation,2
spike,2
seemed,2
intend,2
collection,2
invest,2
major,2
kindred,2
eye,2
eggo,2
mclego,2
delay,2
poll,2
winner,2
handled,2
prior,2
engagement,2
expand,2
modern,2
engaging,2
fear,2
anymore,2
constantly,2
table,2
learned,2
variant,2
meet,2
token,2
mention,2
june,2
currency,2
worked,2
hooked,2
properly,2
firenrain,2
mercenary,2
scrolling,2
asked,2
shen,2
ashe,2
ezreal,2
wukong,2
kayle,2
competition,2
king,2
must,2
jayce,2
gangplank,2
infinity,2
presence,2
embrace,2
morellonomicon,2
armor,2
benobo,2
contribute,2
lategame,2
spawning,2
property,2
sand,2
count,2
die,2
honorable,2
path,2
box,2
shynkro,2
choncc,2
earned,2
chosen,2
absolutely,2
frustration,2
epilogue,2
pal,2
fully,2
regard,2
bond,2
weekend,2
snow,2
winter,2
immersive,2
period,2
ionian,2
forest,2
elemental,2
improving,2
em,2
reuse,2
yall,2
fire,2
snowy,2
four,2
alcove,2
area,2
comparison,2
bottom,2
difference,2
typical,2
simplified,2
maintained,2
zero,2
remove,2
monster,2
born,2
creativity,2
spent,2
behindthescenes,2
budget,2
ap,2
juggernaut,2
picture,2
destroy,2
gotten,2
exception,2
found,2
highesthonored,2
sion,2
frequently,2
compared,2
auto,2
helping,2
teammate,2
regular,2
forth,2
pure,2
heck,2
full,2
braindead,2
stand,2
positioning,2
target,2
compare,2
relative,2
page,2
deeply,2
reasonable,2
ensuring,2
sufficient,2
safety,2
utilize,2
tried,2
obviously,2
changing,2
forcing,2
successful,2
oneforall,2
mort,2
mark,2
participating,2
pulsefire,2
novelty,2
lately,2
unlock,2
teased,2
kaisa,2
suck,2
taliyah,2
closer,2
actual,2
round,2
odds,2
sector,2
superdense,2
treasure,2
trove,2
chance,2
bunch,2
nightmare,2
ideation,2
nowhere,2
psychological,2
victim,2
dream,2
valoran,2
oldest,2
civilization,2
ruination,2
linked,2
thread,2
cannon,2
trigger,2
choosing,2
accidentally,2
loading,2
save,2
upon,2
harmed,2
internal,2
teamfight,2
besides,2
iron,2
trueelusive,2
spooky,2
begin,2
talent,2
involving,2
tiny,2
ten,2
unless,2
lost,2
nightbringer,2
blue,2
cinematic,2
movie,2
achieve,2
prevent,2
seriously,2
randomness,2
affect,2
balancing,2
ya,2
necessary,2
fighter,2
improved,2
comparable,2
regardless,2
timing,2
task,2
response,2
motivate,2
calltoaction,2
minor,2
forever,2
met,2
password,2
email,2
moshidog,2
tune,2
mist,2
ratio,2
varied,2
jungler,2
cycle,2
answered,2
elsewhere,2
skip,2
conversation,2
clarify,2
trial,2
buggy,2
beta,2
evolve,2
callout,2
indicate,2
viego,2
eternal,2
source,1
gloomy,1
goth,1
kid,1
heart,1
whatif,1
topical,1
selfactualization,1
wilkingham,1
editing,1
linguistics,1
nerd,1
pronounced,1
kn,1
triangulate,1
openemphasized,1
,1
closedcentered,1
,1
speaker,1
shaping,1
reserving,1
gumball,1
center,1
phonetics,1
clip,1
ebb,1
flow,1
correct,1
limiter,1
patternsif,1
excessive,1
allowed,1
nerfing,1
useful,1
farhow,1
calibrate,1
usual,1
fishing,1
expose,1
grit,1
energy,1
compete,1
gate,1
downtime,1
conflict,1
overheats,1
possession,1
learnable,1
stress,1
understandability,1
championits,1
underwhelming,1
swing,1
nerfed,1
correction,1
walked,1
overshot,1
reassess,1
micropatches,1
preestablished,1
ahead,1
construct,1
immediate,1
micropatched,1
easiest,1
probability,1
track,1
reviving,1
informal,1
comment,1
forgotten,1
showed,1
forum,1
planted,1
conveniently,1
loldev,1
boardsmaking,1
boosting,1
offtopic,1
food,1
sneaker,1
dog,1
enthusiast,1
sentiment,1
ideal,1
urgent,1
mustknow,1
status,1
alright,1
weirdly,1
called,1
opposed,1
caring,1
posting,1
wr,1
introductory,1
inside,1
responsive,1
happy,1
revisit,1
brightmoon,1
inform,1
overwhelming,1
determining,1
uniquely,1
describe,1
themnot,1
apparent,1
willumps,1
manifest,1
evolution,1
sung,1
lastly,1
component,1
hidden,1
reimagined,1
sylas,1
middle,1
section,1
tense,1
reimagining,1
string,1
rising,1
lighthearted,1
attitude,1
inspire,1
quest,1
tragic,1
tale,1
heroic,1
deed,1
backstories,1
shaped,1
stylistic,1
home,1
demigod,1
freljord,1
arrangement,1
styling,1
defined,1
originate,1
eccentric,1
daring,1
futuristic,1
gritty,1
serious,1
technology,1
neon,1
dystopia,1
awe,1
conjure,1
classic,1
pentakillingest,1
trivia,1
unsurprisingly,1
rell,1
sample,1
beat,1
impressive,1
score,1
respectively,1
triomaster,1
diamond,1
slip,1
knight,1
vow,1
zekes,1
convergencebut,1
enemytargeted,1
grant,1
targeted,1
tenacity,1
aura,1
dealing,1
fed,1
singlethreat,1
composition,1
matching,1
pusher,1
pushing,1
sanguine,1
operative,1
package,1
struggled,1
lethality,1
broadening,1
laning,1
condition,1
shifting,1
tower,1
defended,1
durable,1
lanesplit,1
historically,1
defenseless,1
caught,1
exceptionally,1
aggressor,1
resistance,1
vein,1
zhonyas,1
hourglass,1
bend,1
worthy,1
firm,1
tuned,1
lgbt,1
forwardfacing,1
generation,1
diverse,1
storyteller,1
el,1
connect,1
empathy,1
encourage,1
highlight,1
storytelling,1
clue,1
keen,1
shortly,1
centered,1
festival,1
nightless,1
eve,1
diana,1
leona,1
exloversenemies,1
budding,1
interest,1
discovering,1
tldr,1
relate,1
universally,1
necessarily,1
pave,1
yuujou,1
non,1
rig,1
retain,1
thistoo,1
undercut,1
onoff,1
pay,1
bill,1
uncertainty,1
undercutting,1
haul,1
belief,1
powerneutral,1
friendly,1
decade,1
meddler,1
measured,1
shortas,1
spectator,1
vetting,1
guiding,1
parent,1
skinit,1
outfit,1
pulled,1
closet,1
tuesday,1
sensibility,1
lux_lux_spacegroove_chromasjpg,1
wheel,1
technique,1
complementary,1
analogous,1
triadic,1
tertiary,1
catalogue,1
proportion,1
imagination,1
piloted,1
literal,1
standpoint,1
created,1
hadnt,1
solidified,1
overarching,1
craftlevel,1
view,1
key,1
blitzif,1
whosthischamp,1
pad,1
combined,1
readable,1
sfx,1
jerky,1
mimic,1
stylized,1
dancey,1
welldefined,1
intuition,1
apply,1
retroactively,1
controversial,1
pointy,1
drill,1
muddies,1
standing,1
pauldrons,1
serum,1
casting,1
psyop,1
camouflage,1
loudest,1
stressful,1
spammed,1
mecha,1
louder,1
identified,1
discus,1
concern,1
discipline,1
ah,1
recognize,1
flashy,1
cutting,1
ponytail,1
kickass,1
rein,1
spicy,1
suffering,1
larger,1
carried,1
concrete,1
repetitive,1
throw,1
goldilocks,1
enjoyable,1
aspirational,1
rocksolid,1
multifaceted,1
refining,1
volume,1
consistency,1
holistic,1
remastering,1
dialogue,1
intelligibility,1
enacting,1
tighter,1
projected,1
mobaready,1
speak,1
quietly,1
longwinded,1
context,1
sensitivity,1
monologue,1
lull,1
holding,1
lessismore,1
culling,1
unnecessary,1
reining,1
recall,1
selfonly,1
selfenemy,1
vus,1
modernize,1
benefit,1
jax,1
importantly,1
overnight,1
invaluable,1
daddy,1
rito,1
arcanum,1
sadly,1
oversight,1
secret,1
teaser,1
unbenched,1
longstanding,1
utilized,1
highlycoordinated,1
weaker,1
discrepancy,1
devour,1
ultimate,1
lesscoordination,1
reliant,1
abyssal,1
voyage,1
shorter,1
riotpetrie,1
aware,1
raised,1
reenable,1
enabled,1
operational,1
orchestrates,1
distributed,1
responsible,1
stored,1
expectedthings,1
unlocked,1
crucial,1
root,1
caused,1
chain,1
misbehaving,1
manually,1
automated,1
owned,1
resolve,1
temporarily,1
upgrading,1
monitor,1
deploy,1
surfacing,1
downstream,1
error,1
causing,1
discovered,1
partnering,1
timewe,1
disrupt,1
revive,1
backend,1
noticeably,1
randomize,1
predetermined,1
specially,1
selected,1
personalized,1
tech,1
stocking,1
sciencecheck,1
aryeila,1
editor,1
grimy,1
city,1
nestled,1
serpent,1
paylangi,1
outsider,1
crammed,1
tightly,1
wooden,1
shanty,1
plant,1
wildlifebut,1
tropical,1
bloom,1
sprout,1
wherever,1
ruin,1
buhru,1
architecture,1
colorful,1
pleasant,1
specimen,1
flytrap,1
thriving,1
coin,1
market,1
florist,1
bet,1
whatever,1
arrive,1
rose,1
noxus,1
dried,1
vine,1
price,1
frivolous,1
citizen,1
wealthiest,1
captain,1
ostentatious,1
garden,1
private,1
residence,1
quay,1
wharf,1
carving,1
bay,1
hello,1
regarding,1
obediently,1
click,1
requested,1
serverauthoritative,1
lockin,1
transactional,1
carefully,1
everytime,1
randomly,1
setmath,1
terminology,1
alwaysfreetoplay,1
empty,1
appeared,1
queuedodged,1
whatsoever,1
mouse,1
hesitantly,1
luck,1
somebody,1
obvious,1
stacking,1
scifi,1
elevate,1
concepting,1
prospective,1
themspirit,1
expression,1
devinsage,1
maintaining,1
backlog,1
crept,1
downloading,1
investigation,1
scalable,1
botley,1
rid,1
apart,1
highlycompetitive,1
temper,1
kabooms,1
worst,1
helpless,1
practicing,1
relentless,1
pursuit,1
qualitative,1
quantitative,1
criterion,1
coupled,1
combating,1
vigilant,1
remembering,1
accept,1
valuable,1
stopping,1
duration,1
quicker,1
possibility,1
restarts,1
devastating,1
newer,1
comfortable,1
disastrous,1
net,1
weighted,1
negative,1
reevaluate,1
pot,1
ingested,1
instantly,1
inworld,1
runeterran,1
suppose,1
factory,1
churning,1
identical,1
potion,1
elixir,1
marketing,1
worldand,1
teenage,1
ekko,1
respond,1
immortal,1
godwarrior,1
nasus,1
towering,1
petricite,1
statue,1
catchall,1
magical,1
mundane,1
pointed,1
rub,1
wound,1
whenever,1
handed,1
tasting,1
fruit,1
punch,1
revolting,1
medicine,1
ofbut,1
botlane,1
perception,1
tough,1
meeting,1
marksmenlike,1
swain,1
heimderinger,1
lanelike,1
veigar,1
ziggs,1
systemic,1
belong,1
begs,1
extent,1
dominating,1
meta,1
daunting,1
offmeta,1
unfamiliar,1
difficulty,1
statement,1
selffulfilling,1
prophecyif,1
reinforce,1
challenged,1
reshape,1
advent,1
fasting,1
unorthodox,1
metabreakers,1
ie,1
violate,1
pointandclick,1
overlapping,1
hurricane,1
nearmandatory,1
shifted,1
restricting,1
turned,1
necessity,1
adap,1
requirement,1
dealer,1
efficient,1
profile,1
anivia,1
twisted,1
ryze,1
whod,1
damagedurabilityhealing,1
seraphsmuramana,1
irrelevant,1
mandatory,1
forsatisfaction,1
riftmaker,1
opened,1
healingdurability,1
survival,1
situationally,1
everfrost,1
underpowered,1
phroxzon,1
ladder,1
transparent,1
elo,1
stated,1
skilland,1
underestimate,1
watching,1
telling,1
truth,1
intentionally,1
adapting,1
via,1
tier,1
longterm,1
isolation,1
knock,1
promote,1
nextyour,1
demotion,1
protection,1
punished,1
unfortunate,1
iamwalrus,1
stronger,1
developer,1
aligned,1
meaningfully,1
baron,1
roam,1
strive,1
slight,1
advantage,1
disadvantage,1
likewise,1
undoubtedly,1
midlaner,1
battlefield,1
utility,1
critically,1
capability,1
powerovertime,1
distinction,1
bully,1
caitlyn,1
hyperscaling,1
kogmaw,1
lategameskewed,1
sync,1
directionally,1
skewed,1
queen,1
investing,1
foundation,1
sufficiently,1
thematicsspirit,1
preclude,1
oneoff,1
cleanly,1
mundo,1
roadmap,1
championwholl,1
dr,1
mundonext,1
vote,1
revealed,1
handle,1
fresh,1
popularwe,1
ip,1
fault,1
approached,1
amongst,1
judging,1
solely,1
alienating,1
afraid,1
swapped,1
goaleven,1
million,1
grown,1
begun,1
headed,1
prioritizing,1
buying,1
specie,1
upgrade,1
brewing,1
shipping,1
mobile,1
tutorial,1
transform,1
independent,1
automation,1
pie,1
merchant,1
guild,1
hub,1
demo,1
collect,1
spending,1
upgraded,1
polish,1
talented,1
joining,1
career,1
timely,1
demise,1
potentially,1
overrated,1
malphite,1
grabgrabgrabgrabgrab,1
vi,1
kassadin,1
fortune,1
jarvan,1
iv,1
hail,1
lonely,1
fell,1
jhin,1
insert,1
joke,1
dunno,1
angel,1
guinsoos,1
rageblade,1
dominant,1
overtaken,1
seraph,1
fat,1
gainz,1
ionic,1
spark,1
battlecast,1
spatula,1
ok,1
analyst,1
trickier,1
posed,1
settle,1
sell,1
noise,1
shuriman,1
knockback,1
passed,1
impassable,1
terrain,1
positioned,1
liked,1
antiassassin,1
followhe,1
shuffling,1
knockbacked,1
reducing,1
displaced,1
casted,1
accommodate,1
meeps,1
functionality,1
draganddrop,1
leveled,1
chart,1
dy,1
army,1
respective,1
surface,1
copy,1
cloneswe,1
copied,1
recreated,1
turret,1
interfere,1
pathing,1
inherited,1
sett,1
movement,1
bos,1
suplex,1
bounding,1
island,1
encounter,1
green,1
teej,1
sugarcone,1
furyhorn,1
fuwa,1
,1
trick,1
hardearned,1
cross,1
whatacoolwitch,1
writer,1
riven,1
deserve,1
chase,1
intention,1
supposed,1
rare,1
intimate,1
lesser,1
lasting,1
meaningfulwhen,1
flash,1
collected,1
except,1
ardent,1
zealous,1
pacing,1
earning,1
slogging,1
chore,1
gearhook,1
correlate,1
strongly,1
goodbye,1
duper,1
companion,1
tab,1
endsitll,1
welcome,1
snowdown,1
arcade,1
honestly,1
lack,1
reskins,1
focusing,1
relocation,1
blitzwhich,1
eventsto,1
beautiful,1
mysterious,1
arena,1
repurpose,1
chop,1
temporary,1
temple,1
p,1
remind,1
catch,1
wind,1
seriousness,1
karadwe,1
endlesspillows,1
ill,1
arrived,1
varying,1
overhauled,1
modernized,1
touchedup,1
massive,1
overhaul,1
essential,1
indicator,1
granted,1
absolute,1
textbook,1
majority,1
objective,1
howwhy,1
act,1
playful,1
friendship,1
boy,1
snowball,1
straightforward,1
argument,1
controlling,1
portion,1
pet,1
offense,1
defense,1
sparked,1
isolate,1
largely,1
armored,1
macewielding,1
badass,1
lord,1
wielder,1
wanting,1
actualize,1
fantasysmash,1
mace,1
indestructible,1
strongest,1
journey,1
urgot,1
evelynn,1
volibear,1
award,1
lulu,1
nami,1
mosthonored,1
ivern,1
synergy,1
oathsworn,1
flip,1
fewest,1
quinn,1
orianna,1
mosttoleast,1
honoring,1
dropping,1
north,1
american,1
jumping,1
european,1
questionits,1
pleasure,1
answering,1
allocate,1
recognized,1
throwing,1
trophy,1
likeminded,1
won,1
recommend,1
checking,1
lfg,1
megathread,1
rteamredditteams,1
website,1
crop,1
frequentlyrequested,1
route,1
freely,1
demon,1
enhanced,1
soulsucking,1
heartthrob,1
switching,1
justice,1
ball,1
nobody,1
entity,1
celestial,1
mortal,1
undeniably,1
muchin,1
aurelion,1
sol,1
dispassionate,1
incurious,1
contributing,1
sick,1
burn,1
disappointingly,1
countless,1
targon,1
century,1
constellation,1
sky,1
asol,1
mad,1
envisage,1
godlike,1
avatar,1
striding,1
heaven,1
nagakabouros,1
laugh,1
dare,1
whisper,1
altogether,1
confuse,1
unusually,1
millennium,1
motivation,1
unlikely,1
grace,1
explanation,1
misconception,1
represented,1
along,1
qiyana,1
lasthit,1
attack,1
maximum,1
herlike,1
dodgingbut,1
nittygritty,1
chaotic,1
tracking,1
failure,1
shield,1
ccd,1
killed,1
attach,1
predict,1
weaving,1
simple,1
slowest,1
squishiest,1
combine,1
albeit,1
proxy,1
rosterboth,1
thematicand,1
thinnest,1
thickest,1
linear,1
outrageously,1
group,1
objectively,1
perfect,1
delivering,1
cooperative,1
leaguethe,1
teamplay,1
coordination,1
excluding,1
state,1
faced,1
perceived,1
deserving,1
existit,1
adequate,1
avenue,1
practice,1
exit,1
detach,1
capitalize,1
squishiness,1
detached,1
interrupted,1
topped,1
healbot,1
gating,1
percent,1
max,1
bypass,1
regularlywhich,1
reskinnexus,1
following,1
indepth,1
waste,1
surrender,1
honest,1
enabling,1
selector,1
itis,1
someday,1
lorebased,1
discover,1
admittedly,1
acknowledged,1
fork,1
duty,1
cosmic,1
court,1
ambition,1
voted,1
official,1
giving,1
voting,1
contest,1
spoil,1
individually,1
established,1
invasion,1
extraction,1
attention,1
wore,1
game_hours_per_modejpg,1
deviate,1
gameplaysuch,1
pve,1
altwincon,1
singularitytakes,1
spend,1
offering,1
eventwhich,1
arurf,1
summerwere,1
hbbong,1
accompanying,1
icon,1
border,1
announcing,1
batch,1
kenadamsnsa,1
hoped,1
constraint,1
avoiding,1
prioritywe,1
endanger,1
external,1
partner,1
impacting,1
onesizefitsall,1
none,1
delight,1
smallbutdedicated,1
unspoken,1
supporting,1
animated,1
arcane,1
promised,1
stepping,1
extra,1
skarner,1
reksai,1
velkoz,1
twitch,1
nautilus,1
trundle,1
exhaustive,1
absence,1
olaf,1
zyra,1
renekton,1
surprise,1
pass,1
previewed,1
concept,1
preview,1
elderwood_ornnjpg,1
astronaut_bardjpg,1
lose,1
ranking,1
consistentlyits,1
peak,1
climbing,1
perform,1
lilac,1
nebula,1
figured,1
repetition,1
gamemany,1
distort,1
dramatic,1
repeatedly,1
ramping,1
reasonably,1
expanded,1
npc,1
guaranteed,1
loot,1
orb,1
twostar,1
rough,1
landed,1
developed,1
momentum,1
beernana,1
strategist,1
shaco,1
chogath,1
monstrous,1
scaryhorror,1
separate,1
physically,1
terrified,1
fearing,1
fleeing,1
fast,1
escape,1
slasher,1
flick,1
haunting,1
mounting,1
breaking,1
psychologically,1
feeding,1
suspensehorror,1
youbut,1
scary,1
killing,1
expanding,1
plenty,1
thoughthe,1
completion,1
westward,1
cultural,1
migration,1
unknown,1
east,1
vastayan,1
tribe,1
oovikat,1
suffered,1
sort,1
catastrophe,1
flee,1
ixtal,1
homeland,1
hecarim,1
ledros,1
existed,1
indication,1
continued,1
anywhere,1
blessed,1
gun,1
ping,1
autoswapped,1
smoking,1
front,1
collective,1
metagame,1
postgame,1
routed,1
loser,1
mom,1
delayed,1
euw,1
unrelated,1
massage,1
plat,1
x,1
y,1
asmr,1
phreak,1
nidalee,1
cleared,1
consecutive,1
size,1
comms,1
surely,1
lit,1
chat,1
tsm,1
doublelift,1
clg,1
sam,1
kobe,1
hartmankenzlers,1
international,1
tactic,1
smartwatches,1
playruneterracom,1
elnuks,1
keyword,1
blocked,1
wave,1
netdeckers,1
trolling,1
teamfighttacticsleagueoflegendscom,1
downgraded,1
minspec,1
nokia,1
monetization,1
ringtones,1
qa,1
reflection,1
afford,1
anyway,1
pretend,1
spongebob,1
bought,1
office,1
april,1
autobattler,1
fighting,1
howd,1
af,1
crafting,1
compellingand,1
brilliantly,1
spinetinglingperformance,1
evocative,1
portrayal,1
sublime,1
acting,1
otherworldly,1
downright,1
weird,1
audition,1
goff,1
stunning,1
record,1
splice,1
enhance,1
unearth,1
bonechilling,1
session,1
yielded,1
selfcontained,1
glue,1
mosaic,1
appropriate,1
sonic,1
parallel,1
creature,1
dry,1
rattling,1
disjointed,1
vaguely,1
humanoid,1
demonic,1
sight,1
occasionally,1
peeking,1
tinkering,1
subtle,1
deeper,1
doubled,1
intensify,1
sinister,1
hint,1
reverb,1
inhuman,1
animal,1
insect,1
woven,1
utilizing,1
anatomical,1
lip,1
lung,1
organic,1
wet,1
gurgly,1
feral,1
macabre,1
breathless,1
driven,1
hunt,1
zimerfly,1
personally,1
canonical,1
rabadons,1
lich,1
bane,1
nugget,1
unremarkable,1
cry,1
proper,1
trickythough,1
impossibleto,1
sword,1
weapon,1
protagonist,1
five,1
remaining,1
darkin,1
artifact,1
doran,1
fella,1
ive,1
chapter,1
tear,1
goddess,1
nottoodistant,1
differ,1
blood,1
moon,1
saturation,1
upped,1
connected,1
immersion,1
believability,1
illustration,1
comic,1
book,1
blockbuster,1
higherdetail,1
costume,1
render,1
invented,1
moody,1
lighting,1
emotional,1
camera,1
distortion,1
lens,1
flare,1
dust,1
mote,1
air,1
film,1
grain,1
believable,1
representation,1
mood,1
punchy,1
textureslike,1
scenarioand,1
pop,1
bright,1
tassel,1
jacket,1
modelwe,1
pose,1
nightbringer_vladimir_splash_cohesionjpg,1
hinder,1
requiring,1
sm,1
verification,1
detection,1
estimate,1
stompy,1
bump,1
suspect,1
implementing,1
discourage,1
conclusively,1
revoking,1
punishment,1
incorrectly,1
awful,1
cautious,1
massively,1
matchmaking,1
dodge,1
aramonly,1
accountsboth,1
opening,1
beemo,1
pictureperhaps,1
lovingly,1
mspaintto,1
showcase,1
artistic,1
training,1
forget,1
masterpiece,1
magnum,1
opus,1
scroll,1
suggest,1
request,1
covered,1
equal,1
equally,1
stretch,1
search,1
outward,1
strike,1
fairest,1
opposing,1
thoughforcing,1
explode,1
duel,1
op,1
carrying,1
cleaver,1
sunfire,1
hydra,1
saw,1
teleport,1
recapture,1
falling,1
tp,1
amp,1
payout,1
plate,1
herald,1
zed,1
widen,1
digging,1
struck,1
history,1
preferred,1
shortterm,1
narrow,1
jungling,1
doubly,1
newish,1
clearing,1
ganking,1
familiar,1
unchanged,1
deciding,1
determined,1
thatd,1
arclight,1
brand,1
execute,1
double,1
doubling,1
unlike,1
augmentation,1
reimagination,1
rarity,1
desirability,1
expensivelooking,1
sparkly,1
method,1
iamcarlos,1
bother,1
basis,1
hour,1
xphitting,1
active,1
grind,1
extremely,1
engaged,1
halfway,1
bonus,1
highly,1
invested,1
progressing,1
reaction,1
gone,1
regret,1
disheartened,1
reaching,1
disheartening,1
six,1
holiday,1
imagined,1
busy,1
compensate,1
structured,1
unstructured,1
riotwrekz,1
troll,1
hence,1
bucket,1
structure,1
takedownsactions,1
warping,1
loving,1
aim,1
flatout,1
essence,1
pulse,1
tweak,1
damagetaken,1
damagedealt,1
periodically,1
experimental,1
shake,1
aoe,1
roughly,1
duplicate,1
affected,1
preparation,1
launching,1
rebuild,1
configuration,1
duplication,1
neither,1
activate,1
secure,1
sustainable,1
multigame,1
wish,1
transition,1
painful,1
inconvenient,1
nowbefore,1
activatesso,1
frankly,1
futureproof,1
autologin,1
allowing,1
unhappy,1
credential,1
locking,1
knowing,1
message,1
recover,1
notification,1
playable,1
positionspecific,1
shown,1
meaningful,1
effectiveness,1
killsadc,1
upping,1
buffing,1
saving,1
adjusting,1
crit,1
potent,1
optimistic,1
preserve,1
prof,1
august,1
whyd,1
attempt,1
complexitydifficulty,1
gender,1
exploration,1
began,1
longerthenaverage,1
anniversary,1
longtime,1
brainstorming,1
lantern,1
nostalgic,1
whove,1
conclusion,1
portrayed,1
sacrifice,1
gaming,1
former,1
banal,1
substantial,1
wholeheartedly,1
agreeevents,1
stale,1
novel,1
housespecific,1
cohesive,1
farm,1
step,1
hearing,1
afterwards,1
urf,1
functional,1
codelike,1
recorded,1
loaded,1
gamecan,1
rapid,1
rgms,1
duct,1
tape,1
bubble,1
gum,1
upkeep,1
total,1
knowinglybasically,1
intentionallybuggy,1
principled,1
occur,1
opt,1
aether,1
shared,1
relaunch,1
redesign,1
turkey,1
latam,1
south,1
na,1
tentatively,1
midoctober,1
simultaneously,1
hoping,1
betaand,1
regionsclash,1
ready,1
prime,1
tbd,1
how,1
a,1
empower,1
involve,1
refer,1
translate,1
playtest,1
refactor,1
mage,1
disable,1
convey,1
upward,1
hover,1
lck,1
pyke,1
zoe,1
subreddit,1
demolitionist,1
