word,AskValorantAmount
player,135
game,78
valorant,72
rank,56
time,55
patch,54
system,45
change,45
team,42
competitive,40
match,40
mmr,39
queue,32
something,30
skin,29
ability,29
play,28
ranked,28
producer,27
feel,27
need,25
know,24
take,24
performance,23
sure,23
agent,22
plan,22
senior,22
region,22
win,22
keep,21
esport,21
working,20
experience,20
skill,20
currently,19
new,19
future,19
help,18
lead,18
account,18
map,17
really,17
mode,17
update,17
broadcast,17
right,17
many,17
thing,17
able,16
think,16
always,15
tournament,15
feature,15
different,15
doe,15
good,15
start,15
better,15
back,15
smurf,15
event,15
youll,15
use,14
mean,14
issue,14
coming,14
level,14
look,14
climb,14
year,14
per,14
early,14
playing,14
combat,14
point,14
regional,14
weapon,14
gun,14
sometime,14
work,13
possible,13
lower,13
isnt,13
far,13
server,13
rating,13
rr,13
believe,12
long,12
share,12
someone,12
high,12
hear,12
higher,12
goal,12
le,12
go,12
cant,12
lose,12
looking,12
allow,12
continue,12
give,12
gameplay,12
designer,11
definitely,11
end,11
tool,11
impact,11
getting,11
current,11
consider,11
hope,11
soon,11
episode,11
say,11
act,11
pas,11
played,11
main,11
last,11
add,11
dodge,11
ban,11
specific,10
ingame,10
today,10
launch,10
range,10
reason,10
result,10
actually,10
im,10
people,10
place,10
data,10
hit,10
number,10
next,10
ever,10
note,10
part,10
matchmaking,10
integrity,10
ensure,10
qualifier,10
variant,10
sound,10
said,9
best,9
behavior,9
term,9
come,9
example,9
day,9
amount,9
line,9
yes,9
fps,9
content,9
client,9
increase,9
question,9
trying,9
put,9
important,9
footstep,9
try,9
leaderboard,9
ian,9
fielding,9
effect,9
exploring,8
potential,8
idea,8
might,8
live,8
report,8
never,8
feedback,8
case,8
seen,8
making,8
create,8
used,8
small,8
enough,8
distribution,8
away,8
strategy,8
improving,8
across,8
seem,8
two,8
become,8
battle,8
smurfing,8
provide,8
bad,8
priority,8
caster,8
audio,8
strike,8
available,8
champion,8
loss,8
hard,8
ship,8
knife,8
unrated,8
score,8
operator,8
adding,7
avoid,7
behind,7
penalty,7
already,7
art,7
character,7
improvement,7
release,7
made,7
intended,7
top,7
reduce,7
everyone,7
little,7
rotating,7
released,7
second,7
month,7
deathmatch,7
whether,7
youre,7
kill,7
doesnt,7
probably,7
however,7
order,7
longer,7
explain,7
master,7
league,7
global,7
especially,7
balance,7
list,7
gain,7
separate,7
hopefully,7
earn,7
damage,7
week,7
crosshair,7
unlock,7
animation,7
what,7
planned,6
space,6
due,6
replay,6
interested,6
answer,6
progress,6
sense,6
based,6
improve,6
steven,6
eldredge,6
support,6
expect,6
belong,6
setting,6
done,6
heard,6
solution,6
radianite,6
within,6
state,6
understand,6
slot,6
international,6
vct,6
select,6
quality,6
riot,6
approach,6
closer,6
winning,6
side,6
hrtf,6
practice,6
fair,6
youve,6
opponent,6
majority,6
short,6
faster,6
rather,6
disruptive,6
chat,6
stability,6
challenge,6
na,6
arent,6
star,6
cluster,6
peak,6
disparity,6
planning,5
instead,5
maybe,5
jon,5
walker,5
gifting,5
excited,5
given,5
version,5
type,5
track,5
fix,5
finally,5
wed,5
including,5
along,5
couple,5
gold,5
silver,5
clear,5
show,5
remember,5
slightly,5
via,5
access,5
tend,5
cpu,5
worst,5
information,5
often,5
agree,5
tell,5
frustrating,5
actively,5
without,5
big,5
friend,5
problem,5
quickly,5
opportunity,5
build,5
detail,5
creating,5
pretty,5
tactical,5
building,5
open,5
updated,5
step,5
core,5
fast,5
let,5
test,5
toward,5
ahead,5
hold,5
situation,5
detection,5
choice,5
model,5
significantly,5
mentioned,5
limited,5
clarity,5
maintain,5
run,5
promise,5
every,5
story,5
restriction,5
option,5
process,5
felt,5
design,5
pause,5
view,5
aim,5
left,5
melee,5
didnt,5
ill,5
difference,5
buy,5
turn,5
observer,5
learning,4
environment,4
complex,4
manager,4
discover,4
frequently,4
exploration,4
punished,4
date,4
though,4
punishment,4
thought,4
additional,4
sean,4
marino,4
preeti,4
khanolkar,4
universe,4
naoise,4
population,4
unfortunately,4
radiant,4
target,4
community,4
easier,4
discussion,4
half,4
highest,4
exciting,4
spec,4
whereas,4
internally,4
drop,4
overall,4
round,4
shooting,4
standard,4
focus,4
thinking,4
enable,4
real,4
pool,4
crab,4
near,4
likely,4
investigation,4
running,4
exactly,4
serve,4
moment,4
finding,4
fully,4
multiple,4
legend,4
ultimately,4
technical,4
competition,4
similar,4
needed,4
considered,4
fact,4
existing,4
chance,4
final,4
recently,4
offer,4
address,4
boost,4
wouldnt,4
single,4
bug,4
volume,4
distance,4
ladder,4
spot,4
low,4
asking,4
begin,4
vast,4
painful,4
offender,4
bit,4
critical,4
reliability,4
necessary,4
hoping,4
love,4
timing,4
find,4
remake,4
vote,4
increasing,4
immortal,4
easy,4
feeling,4
room,4
review,4
row,4
hour,4
mile,4
revenue,4
certain,4
started,4
fire,4
taking,4
dev,4
world,4
weekly,4
pursue,4
spline,4
shot,4
eucistr,4
havent,4
coffee,4
value,4
longterm,4
rotation,3
product,3
feasibility,3
wide,3
prioritize,3
directly,3
learned,3
observing,3
evolving,3
production,3
clearly,3
afk,3
receive,3
message,3
exact,3
received,3
reported,3
happened,3
social,3
collection,3
limit,3
unknown,3
series,3
amazing,3
bar,3
anything,3
hide,3
development,3
creaven,3
led,3
adjust,3
shop,3
follow,3
store,3
window,3
demand,3
unstable,3
entire,3
maintaining,3
machine,3
bound,3
adjusting,3
variety,3
either,3
focused,3
spent,3
watching,3
fight,3
later,3
body,3
fighting,3
increased,3
significant,3
concern,3
regarding,3
splitting,3
bigger,3
sorry,3
solve,3
eye,3
anyway,3
relatively,3
noticed,3
chunk,3
remaining,3
although,3
tilting,3
simply,3
sara,3
dadafshar,3
internal,3
reykjavik,3
biggest,3
infrastructure,3
earlier,3
anticipated,3
optimize,3
head,3
geographically,3
limitation,3
using,3
factor,3
consistent,3
finish,3
middle,3
coaching,3
val,3
coach,3
specifically,3
awesome,3
wall,3
determine,3
discovered,3
selection,3
frank,3
attenuation,3
holding,3
push,3
potentially,3
understanding,3
convergence,3
rate,3
demotion,3
protection,3
difficult,3
truly,3
front,3
must,3
sit,3
true,3
accountable,3
direction,3
investigating,3
figure,3
ask,3
rarely,3
repeat,3
caused,3
recognize,3
dodging,3
teammate,3
closely,3
purpose,3
active,3
generally,3
extra,3
keybinds,3
surrender,3
spike,3
rush,3
leave,3
length,3
sentiment,3
mind,3
alternate,3
previous,3
quicker,3
effort,3
stay,3
etc,3
great,3
together,3
telling,3
lessen,3
upcoming,3
comms,3
lost,3
voice,3
interesting,3
rest,3
metzger,3
strategist,3
exist,3
ended,3
schedule,3
break,3
action,3
complicated,3
icebox,3
disruption,3
happening,3
dealing,3
scenario,3
code,3
remove,3
pbe,3
compromise,3
tech,3
bunch,3
hand,3
advantage,3
registration,3
ensuring,3
assist,3
enemy,3
major,3
typically,3
eutrcis,3
login,3
hearing,3
degree,3
raze,3
anticheat,3
wondering,3
suspicious,3
manually,3
article,3
punch,3
vp,3
other,3
happen,3
pickban,2
regular,2
worth,2
fit,2
various,2
targeting,2
backlog,2
mostly,2
prioritizing,2
bring,2
timeline,2
continuous,2
developing,2
reporter,2
wont,2
please,2
dynamic,2
commitment,2
menu,2
concept,2
compete,2
arcane,2
dream,2
delivering,2
remain,2
quite,2
expanding,2
toxic,2
else,2
minor,2
itll,2
website,2
matchmaker,2
fairness,2
fairly,2
positive,2
call,2
playerbase,2
shown,2
move,2
reiterate,2
post,2
ii,2
editor,2
originally,2
joe,2
lee,2
key,2
sakura,2
aesthetic,2
almost,2
turned,2
introduced,2
gpu,2
prior,2
catch,2
average,2
expensive,2
leverage,2
site,2
worse,2
latest,2
engineer,2
group,2
enabling,2
designing,2
hey,2
posted,2
video,2
yeah,2
talk,2
breeze,2
unless,2
matter,2
flip,2
absolutely,2
incorporating,2
deep,2
least,2
fundamental,2
tackling,2
encounter,2
tough,2
immediate,2
combating,2
primary,2
phase,2
listening,2
resource,2
committed,2
ongoing,2
reasoning,2
utilize,2
decision,2
criterion,2
emea,2
north,2
chose,2
diversity,2
grow,2
forward,2
alex,2
francois,2
operation,2
cast,2
distant,2
participating,2
delay,2
opted,2
close,2
english,2
philosophy,2
structure,2
qualify,2
throughout,2
heading,2
qualification,2
meet,2
read,2
detailed,2
official,2
welcome,2
expand,2
participate,2
leading,2
larger,2
kasra,2
jafroodi,2
talking,2
basic,2
foundation,2
outcome,2
orb,2
creative,2
combo,2
expected,2
id,2
breaking,2
harder,2
affect,2
function,2
tie,2
math,2
kept,2
base,2
rely,2
known,2
estimate,2
prove,2
reflect,2
course,2
original,2
winstreak,2
losing,2
gaining,2
grind,2
held,2
handle,2
calculation,2
extremely,2
minimal,2
person,2
impacting,2
massive,2
targeted,2
missed,2
punish,2
simple,2
escalation,2
meme,2
serving,2
reliable,2
hitbox,2
period,2
satisfaction,2
shipped,2
agentspecific,2
dropped,2
considering,2
extending,2
initial,2
particularly,2
versus,2
piece,2
reducing,2
saw,2
happy,2
scale,2
accuracy,2
stuck,2
pattern,2
alt,2
iron,2
diamond,2
january,2
buffer,2
ton,2
anyone,2
harassed,2
card,2
listen,2
adapt,2
harsher,2
notice,2
requirement,2
meaningful,2
killjoy,2
nuance,2
appropriately,2
investment,2
theyve,2
display,2
hundred,2
realm,2
launching,2
zero,2
honestly,2
expectation,2
slowing,2
keeping,2
sustainable,2
roadmap,2
stuff,2
holiday,2
thank,2
patience,2
got,2
rolled,2
sync,2
wrong,2
lesson,2
releasing,2
four,2
constraint,2
unlocked,2
forced,2
name,2
conduct,2
knew,2
werent,2
issued,2
language,2
word,2
threat,2
progression,2
eg,2
iii,2
completely,2
battlepass,2
gametogame,2
engaging,2
discourage,2
stop,2
highly,2
accelerate,2
familiar,2
capture,2
pee,2
poop,2
preround,2
midround,2
introduce,2
business,2
possibility,2
customization,2
feasible,2
efficient,2
alternative,2
trainer,2
ffa,2
join,2
artistic,2
hot,2
handed,2
testing,2
trade,2
buddy,2
upgrade,2
smooth,2
analytics,2
past,2
readability,2
condition,2
digging,2
holistic,2
underlying,2
andor,2
form,2
meaning,2
taken,2
pick,2
usury,2
cost,2
personally,2
evaluate,2
op,2
overwhelming,2
counter,2
tried,2
simultaneously,2
anywhere,2
largest,2
highlight,2
everywhere,2
hotfixes,2
objectively,2
developer,2
overnight,2
eu,2
ive,2
curve,2
context,2
quiet,2
incentive,2
panning,2
playtest,2
stereo,2
headphone,2
designed,2
position,2
ryan,2
morello,2
scott,2
cheater,2
banned,2
total,2
vanguard,2
reviewing,2
custom,2
elderflame,2
toggle,2
italy,2
connection,2
crouching,2
fixed,2
headshot,2
found,2
crouch,2
visual,2
iterating,2
aiming,2
perspective,2
sport,2
craft,2
location,2
trevor,2
romleski,2
executable,2
fullscreen,2
windowed,2
require,2
currency,2
vision,2
gap,2
arsenal,2
redundant,2
removed,2
indicate,2
relate,2
reinforce,1
avoiding,1
strategizing,1
workinprogress,1
composition,1
mapsor,1
yay,1
chamber,1
bind,1
talked,1
itinitially,1
comprehensive,1
stephen,1
kraman,1
shortly,1
told,1
execution,1
shortest,1
playerfacing,1
requested,1
reward,1
collect,1
itemsall,1
measure,1
serf,1
healthmore,1
helped,1
textvoice,1
toxicity,1
afking,1
alternating,1
attack,1
defense,1
appetite,1
understandtest,1
memory,1
negative,1
page,1
properly,1
showcasesupport,1
among,1
cosmetic,1
amazingwill,1
netflix,1
lying,1
claimed,1
stature,1
wow,1
lol,1
cousin,1
insanely,1
outset,1
expansive,1
depth,1
premium,1
entertainment,1
butdont,1
hyperfocused,1
plenty,1
fuel,1
ranktolevel,1
ratio,1
leveling,1
wrap,1
intend,1
wish,1
obscure,1
usually,1
refine,1
improved,1
affected,1
actual,1
went,1
percent,1
gathered,1
comfortably,1
tied,1
whole,1
situated,1
image,1
shifting,1
subject,1
appeared,1
twitter,1
ago,1
loved,1
rabid,1
acquire,1
seeing,1
hype,1
featured,1
equal,1
exclusively,1
frame,1
dedicated,1
rendering,1
bottleneck,1
mid,1
graphic,1
limiting,1
budget,1
finance,1
added,1
modesas,1
monitoring,1
externally,1
experiencing,1
baseline,1
removing,1
hitch,1
workload,1
identified,1
viper,1
astra,1
optimization,1
lowest,1
regardless,1
multithreading,1
modern,1
gathering,1
fewer,1
attacking,1
retaking,1
usage,1
decrease,1
additionally,1
vary,1
simulated,1
unratedcompetitive,1
hardware,1
min,1
brian,1
fischer,1
fivestacks,1
highstakes,1
queueor,1
flex,1
queueis,1
fear,1
prestigious,1
lowering,1
stricter,1
whatever,1
announce,1
oh,1
hiko,1
watch,1
beginning,1
freddiepon,1
living,1
breeding,1
fallout,1
developed,1
fortified,1
exoskeleton,1
advise,1
prepared,1
theyll,1
island,1
expert,1
coin,1
common,1
smurfettes,1
collecting,1
channel,1
spun,1
actionable,1
insight,1
identify,1
met,1
forcing,1
stomach,1
approaching,1
screwing,1
malicious,1
intenttheyre,1
competitively,1
outside,1
minority,1
intent,1
accessible,1
intention,1
comfortable,1
mitigated,1
foot,1
folkspotentially,1
booting,1
emphasize,1
worthy,1
heavy,1
appear,1
boosted,1
prevalent,1
stumble,1
denying,1
diminishing,1
severity,1
theyre,1
poppin,1
earnest,1
midseason,1
invitational,1
presented,1
execute,1
lan,1
seven,1
represented,1
subsequently,1
three,1
looked,1
viewership,1
participation,1
america,1
brazil,1
scored,1
grant,1
allocation,1
latam,1
jp,1
kr,1
sea,1
bright,1
selected,1
experimented,1
utilizing,1
hub,1
large,1
variance,1
signal,1
travelled,1
forth,1
atlantic,1
ocean,1
distributed,1
pronounced,1
involved,1
hailing,1
continent,1
producing,1
unified,1
representation,1
stefan,1
richardson,1
determining,1
weigh,1
rewarding,1
valuing,1
recency,1
indicator,1
success,1
difficulty,1
resulted,1
followed,1
reykjavk,1
stage,1
challenger,1
automatic,1
championship,1
count,1
seeding,1
panregional,1
published,1
breakdown,1
tour,1
circuit,1
arabia,1
east,1
africa,1
path,1
inclusive,1
prospect,1
role,1
analytical,1
relationship,1
leader,1
solidify,1
continuously,1
innovate,1
supporting,1
participant,1
unintended,1
sage,1
barrier,1
fantastic,1
exampleweve,1
countless,1
sideways,1
tube,1
floating,1
segment,1
hovering,1
split,1
b,1
bomb,1
omen,1
teleport,1
walk,1
constant,1
sandbox,1
nature,1
newly,1
interaction,1
enriching,1
promised,1
handandhand,1
creativity,1
dialogue,1
jay,1
watford,1
doable,1
urgent,1
pinpoint,1
occlusion,1
filtering,1
object,1
emitter,1
listener,1
buckle,1
wrinkle,1
brain,1
highway,1
weed,1
giant,1
consisting,1
alternatively,1
pushed,1
fluid,1
substantially,1
decoupled,1
visible,1
wild,1
swing,1
instantly,1
demote,1
promotion,1
mmrits,1
reset,1
guideline,1
mainly,1
reach,1
lossall,1
tested,1
voil,1
converging,1
eventually,1
converge,1
winloss,1
reached,1
promote,1
promoted,1
sitting,1
protecting,1
rankthis,1
compromised,1
outperform,1
raise,1
door,1
tldr,1
outperforming,1
consistently,1
swear,1
whew,1
necessarily,1
sheer,1
prevent,1
pulling,1
tweak,1
communicate,1
deductionno,1
smallcan,1
repeatedly,1
occasionally,1
deduction,1
deterrence,1
dodgewithout,1
punishing,1
quick,1
repeated,1
dodger,1
pain,1
reference,1
manipulate,1
safety,1
net,1
forgiveness,1
infrequent,1
markwhether,1
wellintentioned,1
harshlywell,1
adjustment,1
lea,1
hughes,1
strategic,1
advisor,1
accurate,1
revealed,1
shortcoming,1
psychologicaldriven,1
unaware,1
resort,1
ammobut,1
decent,1
static,1
unintuitive,1
brief,1
frustration,1
confusion,1
combined,1
imply,1
slash,1
motion,1
allowing,1
viable,1
oomph,1
ran,1
delayed,1
speedjump,1
bearable,1
deserveswe,1
strict,1
abuse,1
usefulness,1
automating,1
initiated,1
bubble,1
plainly,1
fwiw,1
shorter,1
macro,1
noting,1
loadin,1
decreasing,1
runningshooting,1
rifle,1
dramatically,1
relearn,1
habit,1
weird,1
optimal,1
reduced,1
timesand,1
effectiveness,1
season,1
counterpart,1
effective,1
hardstuck,1
silverbut,1
platyou,1
wonky,1
rally,1
recent,1
unhappy,1
ranking,1
harsh,1
derank,1
youd,1
band,1
unforgiving,1
substantive,1
bronze,1
roughly,1
giving,1
info,1
disconnect,1
attempt,1
outright,1
sort,1
oneanddone,1
todo,1
hoarding,1
putting,1
spectate,1
inspiration,1
comment,1
annoying,1
matt,1
seeded,1
vo,1
snippet,1
traditional,1
butnever,1
afksthrowers,1
leaver,1
afker,1
implementing,1
won,1
force,1
spam,1
farming,1
strive,1
mitigation,1
distinguish,1
stem,1
penalize,1
accordingly,1
secret,1
enjoyable,1
regard,1
roll,1
incrementally,1
overperform,1
flag,1
legitimately,1
heart,1
likelier,1
intentionally,1
feeding,1
block,1
matched,1
administer,1
showcase,1
assured,1
dedication,1
transfer,1
dollar,1
sooner,1
basically,1
private,1
pursuing,1
patchline,1
realmlite,1
allowed,1
bringing,1
globally,1
dec,1
flushed,1
control,1
rule,1
cab,1
collaboration,1
oof,1
sting,1
philosophical,1
tooling,1
include,1
rigorously,1
cadence,1
closed,1
beta,1
logistical,1
home,1
beenand,1
beingincredibly,1
passionate,1
moving,1
breath,1
stock,1
hitting,1
deserve,1
deploy,1
rollback,1
redeploy,1
thorough,1
shipping,1
plannedsustainably,1
transparent,1
overview,1
arnar,1
gylfason,1
updatesevery,1
foreword,1
wrote,1
squishy,1
tuesday,1
badly,1
bestoffives,1
fifth,1
pro,1
midway,1
strikelight,1
minimize,1
frontloaded,1
usual,1
super,1
dense,1
runway,1
erred,1
kicked,1
stretching,1
okay,1
shared,1
competitor,1
smash,1
cut,1
worstcase,1
instance,1
conclude,1
meantime,1
nov,1
growing,1
stand,1
scene,1
riley,1
yurk,1
violate,1
offensive,1
awful,1
ready,1
worked,1
finishing,1
interim,1
focusing,1
obviously,1
detect,1
deployed,1
evaluation,1
whove,1
text,1
supported,1
egregious,1
confines,1
lasting,1
hate,1
speech,1
slur,1
bullying,1
reminded,1
constructivelywe,1
reporting,1
following,1
sent,1
cover,1
filthy,1
andwait,1
bulk,1
source,1
xp,1
playful,1
texture,1
mission,1
promoting,1
unhealthy,1
harvest,1
ult,1
outlook,1
completion,1
extended,1
revisit,1
promising,1
creavan,1
inevitable,1
curious,1
suck,1
entirely,1
freetoplay,1
behindthescenes,1
applies,1
latter,1
individual,1
disproportionate,1
leveraging,1
placing,1
skilled,1
selectively,1
prerelease,1
featuresqueues,1
advertised,1
advance,1
drastically,1
differ,1
glimpse,1
gather,1
expose,1
rough,1
experimentation,1
pausing,1
elegantly,1
possibly,1
engagement,1
itd,1
rude,1
restroom,1
deck,1
runeterra,1
extension,1
sharing,1
caring,1
queueing,1
jump,1
queuing,1
reluctant,1
straight,1
accomplishing,1
prefer,1
preserve,1
horsepower,1
bread,1
butter,1
scratch,1
trigger,1
itch,1
prerequisite,1
implement,1
dm,1
progresswhich,1
validating,1
validate,1
fidelity,1
camera,1
viewarms,1
switch,1
originate,1
aspect,1
disadvantage,1
field,1
meta,1
preference,1
nerfed,1
radar,1
rigorous,1
updating,1
stated,1
weighing,1
stealth,1
changing,1
mount,1
color,1
featurebased,1
vfx,1
research,1
complete,1
decide,1
waiting,1
lightly,1
restrict,1
occurrence,1
flexibility,1
popping,1
pace,1
basis,1
inconsistent,1
landing,1
everything,1
buttery,1
excuse,1
hoot,1
constantly,1
pulsechecking,1
consistency,1
survey,1
medium,1
reddit,1
inspiring,1
trend,1
perception,1
namely,1
declining,1
bullet,1
reliably,1
prompted,1
dig,1
deeper,1
saying,1
chasing,1
existence,1
nail,1
ranging,1
conversation,1
broadly,1
timehowever,1
highlighted,1
predictability,1
movement,1
inaccuracy,1
minimizing,1
ping,1
investigate,1
picture,1
reliabilityone,1
blend,1
analysis,1
respect,1
history,1
sticker,1
life,1
tab,1
regularly,1
beating,1
competing,1
acknowledged,1
exceeded,1
punched,1
weight,1
pat,1
included,1
importance,1
recognition,1
contribution,1
spotting,1
healing,1
ally,1
inflicted,1
utility,1
damagethere,1
inform,1
blood,1
streak,1
called,1
tip,1
incorporate,1
nondamaging,1
performed,1
primarily,1
decisiveness,1
starting,1
evolved,1
whichever,1
appealing,1
sovereign,1
green,1
dagger,1
frequent,1
desired,1
commit,1
timecan,1
firstsorry,1
seemed,1
response,1
came,1
wanting,1
request,1
worthwhile,1
endeavor,1
implementation,1
preemptive,1
engine,1
october,1
opinion,1
lack,1
personal,1
agency,1
sight,1
coupled,1
coordination,1
effectively,1
avenue,1
powerful,1
encourage,1
thoughtfully,1
enter,1
anecdote,1
iteration,1
strength,1
sharp,1
defensive,1
angle,1
became,1
operatorlike,1
etcis,1
nicholas,1
nickwu,1
smith,1
wasnt,1
aware,1
nalatambr,1
krjpseaoce,1
logging,1
highdemand,1
deliberately,1
ddosing,1
playtime,1
school,1
spread,1
normally,1
v,1
somewhere,1
gamebreaking,1
hotfix,1
stable,1
integrate,1
triage,1
consideration,1
los,1
angelesbased,1
pacific,1
wait,1
office,1
night,1
explanation,1
favorite,1
crazy,1
radius,1
reequip,1
danger,1
truth,1
opposed,1
optimizing,1
portraying,1
somewhat,1
flat,1
chaotic,1
voip,1
essential,1
miss,1
killed,1
internalized,1
communication,1
china,1
korea,1
loud,1
pc,1
bang,1
gave,1
professionally,1
imagine,1
appreciated,1
noisy,1
stadium,1
someday,1
faint,1
cue,1
external,1
dsp,1
compress,1
drawback,1
flatter,1
investigated,1
viewpoint,1
correct,1
mix,1
decode,1
spatialization,1
statement,1
accurateespecially,1
locked,1
announcement,1
mistakea,1
mistake,1
missing,1
fundamentalsnot,1
killare,1
component,1
wellplayed,1
method,1
preoccupied,1
distraction,1
uplike,1
midcombat,1
blast,1
pack,1
usagewell,1
misled,1
unintentionally,1
deal,1
gameswhether,1
tac,1
shooter,1
unpack,1
topic,1
kit,1
nogo,1
highconsequence,1
gunplay,1
maximum,1
health,1
nofly,1
zone,1
replace,1
ultimate,1
jett,1
toiling,1
mine,1
computer,1
miscreant,1
empty,1
brought,1
fan,1
manual,1
automatically,1
applied,1
previously,1
cheat,1
sorted,1
drinking,1
reviewed,1
doubt,1
expanded,1
investigatingso,1
disable,1
special,1
nice,1
distracting,1
discussed,1
react,1
fixing,1
interfering,1
equip,1
realize,1
taste,1
oni,1
couldnt,1
subtle,1
ghostly,1
begged,1
perfect,1
turning,1
element,1
individually,1
infinitely,1
anymore,1
combination,1
feasibly,1
cohesive,1
equally,1
toggling,1
invest,1
lore,1
sky,1
twice,1
unfold,1
rising,1
air,1
inciting,1
conflict,1
believed,1
methodshints,1
buried,1
gamewhile,1
foundational,1
deliver,1
asap,1
jason,1
falcone,1
principal,1
ux,1
hitboxes,1
register,1
synchronization,1
correctness,1
confusing,1
particle,1
reg,1
tuned,1
gift,1
celebrating,1
victory,1
occasion,1
shift,1
study,1
spicy,1
selectplaylist,1
reasonable,1
produce,1
barebones,1
ignition,1
weekend,1
input,1
organizer,1
spectator,1
audience,1
member,1
storytelling,1
style,1
leveleverything,1
watched,1
enjoyed,1
gamers,1
realized,1
viewing,1
complexity,1
purchased,1
narrative,1
entertaining,1
viewer,1
realtime,1
fantasy,1
adjacent,1
whalen,1
magus,1
rozelle,1
snr,1
director,1
radianttier,1
represent,1
elite,1
earned,1
depending,1
size,1
earning,1
meant,1
challenging,1
achievement,1
reearn,1
extreme,1
pistol,1
shotgun,1
inflicting,1
fall,1
timetable,1
technology,1
prototyping,1
playtesting,1
jared,1
berbach,1
nonfull,1
screen,1
application,1
newsstorefriendlist,1
allinone,1
apply,1
draft,1
banning,1
invalidate,1
exceptional,1
healthier,1
agentfacilitated,1
oppressive,1
unsolvable,1
friendship,1
easily,1
sustained,1
thousand,1
internet,1
hosted,1
located,1
physical,1
japan,1
uk,1
connect,1
connectionand,1
sign,1
precise,1
demanding,1
herewhy,1
buying,1
compelling,1
hurt,1
fund,1
studying,1
justifies,1
price,1
develop,1
spray,1
addition,1
spend,1
unbalanced,1
looser,1
wider,1
stomp,1
moderate,1
balanced,1
comparing,1
configuration,1
party,1
skillwise,1
folk,1
varying,1
theyd,1
premade,1
huge,1
monitor,1
yilin,1
scientist,1
kinda,1
shortterm,1
quote,1
sum,1
nicely,1
troll,1
imagined,1
likewise,1
noted,1
learn,1
fill,1
monthsadding,1
totally,1
off,1
when,1
slow,1
involve,1
lcq,1
callout,1
frag,1
speak,1
occur,1
oneway,1
