word,LoLQuickThoughtsAmount
game,251
player,232
champion,218
change,137
item,135
team,133
time,113
new,107
damage,90
play,90
champ,81
system,74
thing,73
work,68
gameplay,68
high,64
level,60
goal,59
preseason,59
many,58
power,58
point,56
patch,54
league,53
good,53
think,53
early,53
balance,49
position,47
different,47
etc,47
jungle,46
though,46
look,45
playing,45
skin,45
lane,43
rift,42
counterplay,42
next,42
back,41
week,41
really,41
need,40
choice,40
use,39
event,39
skill,37
help,37
design,37
lucian,37
looking,36
current,36
lead,36
hit,35
far,35
update,34
part,34
feel,34
ability,34
year,34
rune,34
tft,34
take,33
bit,33
class,33
mechanic,33
without,33
experience,32
last,32
example,32
right,32
better,32
theme,32
every,31
pro,31
win,31
case,31
feedback,31
strong,31
mobility,31
option,31
future,31
range,31
burst,30
mythic,30
ranked,30
fighter,30
overall,29
reward,29
term,29
summoner,29
got,28
low,28
long,28
le,28
two,28
making,28
mode,28
start,28
working,28
amount,27
often,27
always,27
go,27
clear,27
improvement,27
enemy,27
mean,27
w,27
spell,27
rate,27
opportunity,26
clash,26
rather,26
coming,26
something,26
number,26
pick,26
small,26
bot,26
state,25
support,25
give,25
result,25
mmr,25
live,24
powerful,24
assassin,24
tool,24
data,24
test,23
line,23
effect,23
tank,23
role,23
seeing,23
doesnt,23
top,23
project,23
mission,23
average,23
played,23
per,22
impact,22
eg,22
issue,22
direction,22
specific,22
pretty,22
might,22
designer,22
content,22
aram,22
queue,22
ally,22
behavior,22
sure,21
buff,21
exciting,21
lower,21
idea,21
weakness,21
day,21
instead,21
pbe,21
comeback,21
whether,21
season,21
adding,21
keep,21
thought,21
second,21
people,21
sometime,21
increase,20
continue,20
end,20
bounty,20
irelia,20
needed,20
feature,20
mid,20
higher,19
kill,19
combat,19
taking,19
riot,19
try,19
winning,19
toward,19
didnt,19
using,19
strategy,19
cooldown,19
miss,19
currently,18
create,18
minute,18
particular,18
kit,18
fight,18
isnt,18
core,18
come,18
talk,18
risk,18
challenge,18
release,18
approach,18
weak,18
strategic,18
enough,18
getting,18
happy,18
improve,18
post,18
focus,18
avoid,18
complexity,18
let,17
follow,17
best,17
removing,17
longer,17
past,17
close,17
process,17
done,17
token,17
know,17
hope,17
shop,17
potential,17
detail,17
lol,17
type,17
health,16
actually,16
quickly,16
launch,16
analysis,16
understand,16
possible,16
im,16
important,16
unique,16
stack,16
solo,16
significantly,16
tuning,16
made,16
plan,16
world,16
slightly,16
snowball,16
sona,16
mana,15
become,15
excited,15
doe,15
icon,15
objective,15
never,15
little,15
strike,15
problem,15
find,15
place,15
target,15
match,15
require,15
speed,15
r,15
passive,15
rammus,15
galaxy,15
other,15
durability,14
base,14
increased,14
include,14
expect,14
meta,14
combo,14
across,14
quick,14
scaling,14
everyone,14
ship,14
love,14
thank,14
opponent,14
theyre,14
generally,14
great,14
region,14
big,14
nerf,14
split,14
build,14
medium,14
detection,14
penalty,14
fun,13
trying,13
satisfying,13
youre,13
key,13
especially,13
extra,13
viable,13
job,13
specifically,13
losing,13
progress,13
share,13
however,13
based,13
outcome,13
ultimate,13
diversity,13
intended,13
add,13
value,13
month,13
pattern,13
stat,13
pas,13
pushing,13
satisfaction,13
a,13
giving,12
arent,12
legend,12
variety,12
mind,12
usually,12
likely,12
addition,12
strength,12
testing,12
rank,12
chance,12
space,12
version,12
grant,12
large,12
push,12
death,12
added,12
already,12
available,12
influence,12
put,12
seen,12
mechanical,12
appeal,12
amumu,12
gain,12
ap,12
matchmaking,12
bring,12
jungler,12
balanced,12
ll,12
what,12
believe,11
quite,11
overly,11
hard,11
able,11
full,11
gold,11
move,11
gat,11
least,11
main,11
development,11
provide,11
cover,11
worth,11
finally,11
offer,11
allow,11
deal,11
probably,11
movement,11
access,11
wont,11
landed,11
enchanter,11
area,11
recent,11
systemic,11
shift,11
mark,11
fairly,11
return,11
action,11
deliver,11
followup,11
vgu,11
significant,11
select,11
increasing,10
adjustment,10
said,10
carry,10
order,10
spot,10
soon,10
run,10
cant,10
check,10
havent,10
within,10
earn,10
including,10
thinking,10
seem,10
light,10
ensure,10
changed,10
initial,10
difference,10
versus,10
previously,10
show,10
hitting,10
group,10
bonus,10
away,10
e,10
used,10
camp,10
refund,10
successful,10
night,10
unit,10
magic,9
due,9
clarity,9
fantasy,9
bigger,9
element,9
running,9
healthy,9
monitoring,9
tactical,9
forward,9
existing,9
playtesting,9
today,9
advantage,9
depth,9
knowledge,9
wed,9
beyond,9
interested,9
course,9
particularly,9
list,9
exactly,9
side,9
control,9
quality,9
break,9
reduction,9
chemtech,9
internal,9
playstyle,9
upcoming,9
smaller,9
sort,9
general,9
v,9
engagement,9
prowler,9
claw,9
factor,9
cost,9
akshan,9
nexus,9
counter,9
planning,9
monster,9
flex,9
interest,9
revenue,9
survey,9
autofill,9
report,9
roster,8
reduce,8
relative,8
letting,8
moment,8
talking,8
positive,8
difficult,8
tell,8
gone,8
multiple,8
wide,8
tried,8
tune,8
similar,8
present,8
outlier,8
creating,8
maybe,8
led,8
youve,8
aggressive,8
almost,8
wait,8
either,8
happen,8
feeling,8
larger,8
open,8
earned,8
behind,8
felt,8
goredrinker,8
steraks,8
building,8
teamfight,8
hextech,8
late,8
defense,8
sr,8
afk,8
stage,8
attack,8
causing,8
short,8
standard,8
benefit,8
missed,8
scale,8
ban,8
bad,8
choose,8
philosophy,8
normal,8
learn,8
moonstone,8
fix,8
focused,8
expected,8
recently,8
bug,8
chosen,8
punishment,8
following,7
sustain,7
defensive,7
someone,7
frustrating,7
resource,7
reducing,7
map,7
extremely,7
keeping,7
snowballing,7
complex,7
single,7
fit,7
mage,7
user,7
prototype,7
ever,7
relatively,7
form,7
understanding,7
optimization,7
together,7
perfect,7
category,7
visual,7
fully,7
despite,7
claim,7
overhaul,7
necessary,7
dash,7
character,7
sentiment,7
keystone,7
reduced,7
answer,7
debonair,7
additionally,7
minion,7
loss,7
improved,7
final,7
presence,7
saw,7
inspiration,7
decision,7
wider,7
track,7
question,7
finding,7
revive,7
demand,7
regular,7
performance,7
marksman,7
cast,7
art,7
dev,7
previous,7
respond,7
easier,7
meaningful,7
success,7
graph,7
rocketbelt,7
liandrys,7
locket,7
sleep,7
functionality,7
yone,7
lp,7
withagainst,7
adjust,7
hp,7
blitz,7
spirit,7
situation,6
limit,6
engage,6
cause,6
ahead,6
certainly,6
reasonable,6
given,6
eye,6
say,6
entire,6
common,6
spend,6
phase,6
later,6
output,6
huge,6
hour,6
master,6
highly,6
reason,6
deep,6
information,6
broad,6
effectively,6
youd,6
hear,6
folk,6
friend,6
title,6
faster,6
topic,6
fine,6
comp,6
relevant,6
heavily,6
vision,6
xp,6
impactful,6
tend,6
ad,6
risky,6
interesting,6
anything,6
werent,6
moving,6
dance,6
note,6
step,6
four,6
elemental,6
active,6
profile,6
tower,6
alternative,6
popular,6
tahm,6
kench,6
couple,6
force,6
starting,6
depending,6
granting,6
grind,6
battle,6
adc,6
cool,6
notable,6
laner,6
shipped,6
appealing,6
playtest,6
iteration,6
buffed,6
enhance,6
repeatedly,6
winrate,6
confident,6
fall,6
fewer,6
moved,6
aiming,6
touch,6
sense,6
competitive,6
taken,6
duration,6
stay,6
server,6
primary,6
possibility,6
normally,6
correct,6
harvester,6
lillia,6
fate,6
renewer,6
improving,6
finished,6
account,6
aspect,6
acquired,6
spending,6
client,6
pain,6
thematic,6
seeding,6
reporting,6
correctly,5
baron,5
survivability,5
enjoy,5
threat,5
delivering,5
enjoyable,5
source,5
dealing,5
window,5
adjusting,5
reach,5
allowing,5
easy,5
affect,5
achieve,5
ill,5
additional,5
niche,5
method,5
qiyana,5
looked,5
total,5
estimate,5
consideration,5
whereas,5
mostly,5
individual,5
learning,5
stronger,5
personalization,5
positioning,5
leading,5
throughout,5
path,5
realize,5
lack,5
free,5
fair,5
meant,5
juggernaut,5
gave,5
bunch,5
exploration,5
wild,5
came,5
default,5
fundamental,5
consider,5
darius,5
shouldnt,5
front,5
watching,5
soul,5
frustration,5
found,5
address,5
negative,5
scope,5
timer,5
reset,5
extreme,5
went,5
melee,5
solid,5
half,5
rework,5
promising,5
considering,5
pvp,5
count,5
required,5
legendary,5
opposed,5
na,5
completely,5
minor,5
laning,5
historically,5
putting,5
ask,5
interaction,5
pyke,5
stun,5
tier,5
succeed,5
shield,5
identify,5
helpful,5
critical,5
major,5
nerfed,5
along,5
room,5
near,5
hook,5
pressure,5
scoundrel,5
whole,5
else,5
haste,5
basic,5
fixed,5
applied,5
responsive,5
bought,5
accessibility,5
covering,5
yasuo,5
avoiding,5
moderate,5
cc,5
hold,5
measure,5
shifting,5
hardbinding,5
pickrate,5
ludens,5
tempest,5
anguish,5
chemtank,5
clearly,5
professional,5
remove,5
updated,5
roughly,5
noting,5
upgrade,5
becoming,5
slam,5
algorithm,5
trait,5
perform,5
deliberately,5
context,5
released,5
blossom,5
secondary,5
notification,5
deliberate,5
m,5
tooltip,5
resist,4
tuned,4
turret,4
squishy,4
fast,4
portion,4
zed,4
poor,4
favorite,4
board,4
offensive,4
threshold,4
affected,4
necessarily,4
poorly,4
sweet,4
pacing,4
life,4
continuing,4
myth,4
true,4
ensuring,4
analyze,4
aoe,4
heard,4
reminder,4
pulled,4
mastery,4
everything,4
usability,4
identity,4
quest,4
designing,4
matter,4
lee,4
punished,4
plus,4
boot,4
edge,4
harder,4
ekko,4
ashe,4
reliable,4
clearer,4
nasus,4
fiora,4
worse,4
gage,4
subclass,4
started,4
messed,4
foundation,4
longterm,4
tradeoff,4
stridebreaker,4
unless,4
worked,4
knew,4
location,4
contribute,4
regardless,4
overpowered,4
balancing,4
appropriate,4
launched,4
utility,4
teleport,4
couldnt,4
please,4
shipping,4
date,4
itll,4
definitely,4
sharing,4
healing,4
changing,4
unchanged,4
weekly,4
double,4
effort,4
preference,4
viability,4
became,4
dominant,4
enjoyed,4
section,4
tournament,4
fresh,4
hoping,4
onto,4
series,4
real,4
brought,4
stuff,4
rule,4
omnistone,4
hey,4
discover,4
blink,4
immediately,4
identified,4
resulted,4
discussed,4
removed,4
charge,4
casting,4
valuable,4
reported,4
read,4
hasnt,4
alternate,4
whenever,4
dominate,4
coordinated,4
earlier,4
solve,4
jag,4
sustained,4
decide,4
community,4
perfectly,4
wouldnt,4
exceptionally,4
exact,4
heal,4
encourage,4
max,4
rough,4
timing,4
ping,4
director,4
meddler,4
perspective,4
closer,4
ideal,4
expectation,4
response,4
smite,4
leash,4
priority,4
unhealthy,4
prioritize,4
aimed,4
eventually,4
rotation,4
slow,4
view,4
wrong,4
samira,4
eclipse,4
turbo,4
iron,4
solari,4
iterate,4
color,4
typically,4
among,4
generically,4
imperial,4
purchased,4
targeted,4
picked,4
older,4
addressing,4
disruptive,4
spring,4
nature,4
popularity,4
evaluate,4
addressed,4
pc,4
vfx,4
soaring,4
length,4
framework,4
volibear,4
judge,4
whove,4
call,4
period,4
trigger,4
exploring,4
degree,4
responsible,4
act,4
slight,4
inting,4
gameruining,4
devour,4
noon,4
sugar,4
rush,4
trolling,4
actual,4
she,4
armor,3
dive,3
deeper,3
ton,3
beneficial,3
showcase,3
recall,3
dying,3
ideally,3
skirmish,3
shorter,3
tldr,3
commit,3
notably,3
preventing,3
frequently,3
adjusted,3
postlaunch,3
dealer,3
reasonably,3
land,3
expression,3
concern,3
basically,3
rest,3
closely,3
yuumi,3
supporting,3
asked,3
recommendation,3
generated,3
potentially,3
everfrost,3
cycle,3
essential,3
conflict,3
took,3
theorycrafting,3
member,3
skilled,3
decisionmaking,3
scenario,3
hopefully,3
name,3
awesome,3
grow,3
lose,3
received,3
showed,3
crystal,3
certain,3
lesson,3
learned,3
story,3
journey,3
ended,3
proud,3
serious,3
meantime,3
pop,3
finish,3
slayer,3
phroxzon,3
seemed,3
exist,3
sin,3
hell,3
flip,3
nothing,3
leaf,3
disadvantaged,3
favor,3
agency,3
prevent,3
mitigate,3
fairness,3
drive,3
dragon,3
understandable,3
tanky,3
riven,3
diverse,3
separate,3
archetype,3
determined,3
comfortable,3
chose,3
shifted,3
purchase,3
built,3
overlap,3
fog,3
scryers,3
bloom,3
terrain,3
falling,3
anytime,3
engaged,3
swing,3
stabilize,3
punish,3
guaranteed,3
dynamic,3
skewed,3
curve,3
ax,3
stable,3
drake,3
shape,3
problematic,3
ahri,3
substantial,3
broadly,3
spread,3
spent,3
december,3
designed,3
winloss,3
urf,3
word,3
roll,3
commitment,3
optimize,3
pass,3
intense,3
tiebreaker,3
unexpected,3
center,3
usual,3
twice,3
comparison,3
incredibly,3
fortune,3
watch,3
rise,3
biggest,3
loved,3
forth,3
novel,3
pull,3
banned,3
highest,3
skip,3
ranged,3
immediate,3
reaction,3
tree,3
evaluating,3
angle,3
mindshare,3
spin,3
taste,3
opt,3
entirely,3
announced,3
care,3
presented,3
decided,3
easily,3
tracking,3
playerbase,3
ult,3
repeat,3
ive,3
familiar,3
telling,3
climb,3
reshape,3
flexibility,3
onhit,3
appear,3
intentionally,3
obvious,3
duel,3
remain,3
begin,3
bullet,3
consistent,3
spike,3
roaming,3
alone,3
constraint,3
clearing,3
conversation,3
incredible,3
style,3
ex,3
protect,3
cap,3
block,3
planned,3
physical,3
dr,3
substantially,3
blade,3
smooth,3
discussion,3
tested,3
spawn,3
blog,3
developer,3
represented,3
insight,3
wasnt,3
producer,3
trimming,3
mobile,3
escape,3
flow,3
creep,3
targeting,3
principle,3
newer,3
useful,3
execute,3
dodge,3
setting,3
complete,3
compared,3
jhin,3
initially,3
farming,3
manage,3
optimal,3
included,3
mordekaiser,3
ease,3
jungling,3
weaker,3
buffing,3
kindred,3
size,3
pusher,3
caused,3
promise,3
hardbound,3
duskblade,3
sunfire,3
thresh,3
ivern,3
indicator,3
followed,3
solution,3
mandate,3
shurelyas,3
legendaries,3
slot,3
determine,3
aphelios,3
removal,3
narrow,3
structure,3
undermine,3
tab,3
tech,3
theyve,3
comprehensive,3
acceptable,3
reliant,3
missing,3
sett,3
fiddle,3
axis,3
facing,3
aim,3
taunt,3
powerball,3
gained,3
intend,3
needing,3
silhouette,3
similarity,3
panel,3
inventory,3
fiddlestick,3
proportion,3
consistently,3
usage,3
wall,3
someday,3
moba,3
temp,3
proc,3
heavy,3
committed,3
similarly,3
animation,3
assessing,3
technical,3
reliability,3
hoped,3
confidence,3
buildateam,3
providing,3
desire,3
rolling,3
peak,3
info,3
mentioned,3
involve,3
intentional,3
therefore,3
rp,3
muting,3
afking,3
tweak,3
participation,3
prestige,3
column,3
reflect,3
smurf,3
forcing,2
downside,2
struggle,2
killed,2
secure,2
smart,2
epic,2
intensity,2
root,2
toning,2
must,2
reaching,2
staying,2
condition,2
variable,2
succeeded,2
andor,2
button,2
intent,2
raising,2
anticipate,2
glad,2
crown,2
purchasable,2
helped,2
replacing,2
although,2
limitation,2
spreadsheet,2
compare,2
macro,2
composition,2
barackprobama,2
peek,2
monitor,2
article,2
absolutely,2
display,2
progression,2
differentiation,2
product,2
dig,2
craft,2
investment,2
won,2
poro,2
shelly,2
iconic,2
nashor,2
dropping,2
worldwide,2
spicy,2
history,2
ie,2
latter,2
draven,2
door,2
catch,2
struggling,2
granted,2
practice,2
carrying,2
activate,2
peel,2
teamwork,2
determining,2
implication,2
facet,2
careful,2
meet,2
ok,2
kinda,2
highreward,2
murder,2
illaoi,2
honestly,2
called,2
handful,2
teamfighting,2
three,2
supposed,2
tailored,2
underused,2
silvermere,2
old,2
maw,2
survive,2
sit,2
waiting,2
save,2
stealth,2
flanking,2
adapt,2
zone,2
deficit,2
manifest,2
minimum,2
competing,2
luck,2
actively,2
defending,2
several,2
investigation,2
investigating,2
stake,2
friendly,2
guaranteeing,2
meaningfully,2
settled,2
editor,2
rewarded,2
rovient,2
converted,2
orb,2
bank,2
spellbook,2
coop,2
ai,2
pointsmin,2
respect,2
incentivized,2
shortest,2
proportional,2
farm,2
sacrifice,2
attention,2
listening,2
tomorrow,2
lck,2
lpl,2
business,2
pickedbanned,2
closest,2
pickban,2
pocket,2
barely,2
dominance,2
quote,2
technically,2
seed,2
talon,2
dk,2
air,2
plenty,2
reworked,2
annie,2
fear,2
petrie,2
lulu,2
ending,2
scheduled,2
introduce,2
brand,2
damaging,2
dealt,2
rulebending,2
delivered,2
synergy,2
simply,2
straightforward,2
puzzle,2
figuring,2
audience,2
successfully,2
influential,2
kleptomancy,2
remained,2
consumables,2
tough,2
discovered,2
suit,2
budget,2
sneak,2
store,2
hence,2
predict,2
challenger,2
somewhere,2
diamond,2
watched,2
original,2
flash,2
identifying,2
repeated,2
stop,2
gut,2
nudge,2
ecosystem,2
mastered,2
showing,2
oldest,2
ladder,2
suck,2
retain,2
serve,2
reevaluate,2
aside,2
cut,2
nearly,2
believed,2
dramatically,2
combined,2
skirmishing,2
crit,2
occasionally,2
limited,2
bound,2
analyst,2
bodyblock,2
dominating,2
wheel,2
simple,2
avenue,2
endgame,2
culling,2
blast,2
freaking,2
grappling,2
reviving,2
hunting,2
killing,2
dangerous,2
worstinmarksmanclass,2
unreliable,2
crowd,2
id,2
worthy,2
optimized,2
turn,2
unknown,2
execution,2
wind,2
fail,2
iterating,2
summarized,2
grouping,2
kda,2
truly,2
captain,2
harassed,2
ratio,2
tied,2
aura,2
tiny,2
accelerando,2
penalizing,2
subsequent,2
crescendo,2
batch,2
walk,2
travel,2
hot,2
hand,2
whose,2
tap,2
flat,2
round,2
experienced,2
field,2
spare,2
warping,2
sound,2
paired,2
face,2
offered,2
originally,2
offering,2
pushed,2
freedom,2
kassadin,2
breaking,2
apply,2
cheated,2
referred,2
mental,2
oneanddone,2
dodging,2
channel,2
preparing,2
guarantee,2
accessible,2
blue,2
evelynn,2
signal,2
disadvantage,2
commonly,2
kayn,2
friday,2
ganking,2
warning,2
widen,2
reliance,2
scuttle,2
applying,2
omnivamp,2
percent,2
stress,2
drag,2
equal,2
reading,2
diana,2
primarily,2
regard,2
boosting,2
purpose,2
sylas,2
camille,2
patchbypatch,2
straight,2
directly,2
zac,2
ceiling,2
uninteractive,2
skillful,2
attrition,2
trade,2
translating,2
various,2
approaching,2
usable,2
effective,2
enable,2
correction,2
unfiltered,2
immortal,2
shieldbow,2
vayne,2
kraken,2
khazix,2
leblanc,2
riftmaker,2
aatrox,2
garen,2
red,2
trend,2
broaden,2
achieved,2
itd,2
unrealistic,2
historical,2
dozen,2
richest,2
nocturne,2
six,2
underdelivering,2
synergistic,2
strongly,2
frostfire,2
nunu,2
battlesong,2
gravitate,2
bursty,2
pipeline,2
middle,2
underpowered,2
degrade,2
akali,2
jinx,2
buy,2
unclear,2
circumstance,2
ruin,2
establish,2
widely,2
focusing,2
crossing,2
ongoing,2
reworking,2
settle,2
flesh,2
performing,2
meaning,2
undermining,2
typical,2
voli,2
expand,2
ip,2
streak,2
slowly,2
intact,2
broadening,2
distinctive,2
properly,2
changelist,2
slowing,2
division,2
combination,2
ranking,2
accurate,2
tone,2
expanded,2
disruption,2
vast,2
majority,2
somewhat,2
background,2
contrast,2
rendering,2
purely,2
par,2
pin,2
enjoying,2
matched,2
fluffy,2
attract,2
home,2
apm,2
punishing,2
azir,2
guide,2
proxy,2
technology,2
non,2
pay,2
company,2
generate,2
launching,2
price,2
star,2
suggesting,2
piece,2
hex,2
daynight,2
neutral,2
pre,2
challenging,2
developing,2
prototyping,2
capture,2
constraining,2
bard,2
mainly,2
bugfixes,2
surviving,2
mr,2
burn,2
desired,2
filter,2
page,2
indicate,2
ready,2
extended,2
crash,2
ingame,2
efficiency,2
happiness,2
revised,2
whatever,2
feasible,2
adopted,2
anyone,2
representative,2
breadth,2
mix,2
prediction,2
provided,2
metric,2
advance,2
brief,2
mixed,2
slower,2
hotfix,2
expecting,2
min,2
tight,2
bond,2
noticeable,2
remaining,2
written,2
scifi,2
automated,2
contain,2
frequency,2
sudden,2
regularly,2
feeding,2
detected,2
leaver,2
strictly,2
ruining,2
ramp,2
offense,2
otherwise,2
scene,2
capitalize,2
coordination,2
self,2
tongue,2
lash,2
summer,2
promo,2
acquisition,2
trailer,2
vault,2
guardian,2
reboot,2
visibility,2
doubling,2
social,2
rely,2
vary,2
package,2
simplifying,2
restriction,2
tenacity,2
ghost,2
table,2
intingafking,2
genuinely,2
streamer,2
head,2
accurately,2
rapid,2
incorrect,2
natural,2
rating,2
smurfing,2
skew,2
realized,2
mecha,2
esport,2
suggest,2
introducing,1
accomplish,1
necessitates,1
surrounding,1
regeneration,1
agreethere,1
reassure,1
sizable,1
highkill,1
outweigh,1
oneshot,1
rewarding,1
triple,1
shuriken,1
noticed,1
abrupt,1
confusing,1
die,1
decisionsshowcase,1
ultimately,1
living,1
energy,1
gamechanging,1
fastpaced,1
rein,1
contributed,1
knockon,1
sideeffects,1
alive,1
proactively,1
wellknown,1
emerge,1
subset,1
passing,1
thousand,1
passed,1
press,1
overnerf,1
sweeping,1
unkillable,1
rendered,1
obsolete,1
snoozefest,1
carefully,1
galaxysmash,1
shoulder,1
zooming,1
explain,1
busting,1
validate,1
shattered,1
queen,1
understood,1
suggested,1
nullify,1
anticipated,1
goto,1
occupying,1
collaborative,1
iterative,1
crunch,1
math,1
counterpart,1
ballpark,1
singletarget,1
contextualize,1
combine,1
qualitative,1
holistic,1
join,1
requirement,1
develop,1
synthesize,1
encompasses,1
expert,1
drafting,1
cohesive,1
mystery,1
implies,1
evolve,1
ya,1
d,1
howdy,1
gracing,1
impressive,1
activity,1
participate,1
celebrating,1
sick,1
invades,1
tenth,1
teamed,1
rocked,1
freljord,1
served,1
cold,1
celebrate,1
bonkers,1
grouped,1
sorted,1
overflow,1
greatly,1
simplified,1
relationship,1
language,1
bronze,1
invaluable,1
helping,1
chanceso,1
accomplishment,1
representation,1
accomplished,1
heapload,1
completing,1
explode,1
poroyalty,1
em,1
shell,1
herald,1
aka,1
obtain,1
mejais,1
soulstealer,1
superior,1
multikills,1
flashing,1
rock,1
flashy,1
spoil,1
hint,1
msi,1
sink,1
teeth,1
alongside,1
achievable,1
leaning,1
counterintuitive,1
potent,1
water,1
popoff,1
incentivize,1
leadswisely,1
fed,1
greedy,1
counterjungling,1
deserved,1
cash,1
shutdown,1
coin,1
encounter,1
supported,1
misplay,1
victorythey,1
conversely,1
punishes,1
theory,1
accordingly,1
hardshould,1
slippery,1
immobile,1
leverage,1
victory,1
visualization,1
activation,1
overprioritize,1
intuitive,1
andmost,1
importantlyfunction,1
peace,1
heck,1
gist,1
xin,1
zhao,1
unpunishable,1
murderer,1
defensiveskewed,1
highrisk,1
washed,1
reliablelowrisk,1
singlehandedly,1
swift,1
payoff,1
durable,1
okay,1
exaggerating,1
vi,1
diver,1
consolidated,1
blending,1
distinguishing,1
f,1
dehomogenize,1
considered,1
overhauling,1
sword,1
occult,1
killedinthebox,1
invulnerability,1
shaky,1
everywhere,1
antiburst,1
viego,1
yi,1
ol,1
dashy,1
kind,1
hybrid,1
physicalmagic,1
bleed,1
soak,1
clam,1
leisurely,1
finesse,1
outside,1
incidentally,1
tempting,1
poach,1
override,1
write,1
contentious,1
contest,1
warding,1
pan,1
observed,1
facecheck,1
agree,1
tapping,1
frustrate,1
agreed,1
turning,1
clawed,1
deactivation,1
chainsecured,1
status,1
produce,1
definition,1
disfavored,1
springboard,1
optimistic,1
creativity,1
rally,1
lethal,1
tempo,1
glacial,1
augment,1
aery,1
opened,1
minimal,1
meeting,1
ear,1
finetune,1
send,1
shortterm,1
observation,1
plant,1
object,1
eliminate,1
retaining,1
midtolate,1
sidelaning,1
flank,1
universal,1
washing,1
bruiser,1
malmortius,1
adequate,1
midscope,1
janna,1
fallen,1
lately,1
upon,1
defining,1
caveat,1
analyzing,1
examining,1
belief,1
midlate,1
deleting,1
anythingits,1
touchy,1
oneshotted,1
hyperbolic,1
partly,1
weigh,1
directional,1
se,1
motivation,1
gametime,1
efficient,1
hyper,1
eligible,1
detailed,1
gruelling,1
stomp,1
midlaner,1
seek,1
easiest,1
encouraged,1
fanswhile,1
leaguefocused,1
paying,1
spoiler,1
makebreak,1
damwon,1
kia,1
edward,1
gaming,1
surprise,1
neverending,1
bloodbath,1
wildcard,1
marinating,1
misrepresented,1
overshot,1
innovated,1
comment,1
yes,1
stomped,1
quarter,1
tl,1
competition,1
blizz,1
playins,1
riotmadnessheroo,1
trading,1
maokai,1
zilean,1
breath,1
reminded,1
beryl,1
keria,1
innovating,1
sotere,1
dfm,1
ascend,1
mega,1
hype,1
riotphlox,1
senna,1
executioner,1
scalability,1
hydrozenith,1
octane,1
storyline,1
exception,1
everyday,1
cryin,1
instills,1
skepticism,1
nami,1
truexy,1
pdt,1
showdown,1
edg,1
p,1
nov,1
gonna,1
fool,1
biweekly,1
corner,1
boost,1
youll,1
beat,1
artillery,1
creative,1
clever,1
notice,1
shied,1
outputit,1
bending,1
rulesbending,1
damagefocused,1
initiate,1
suboptimal,1
poke,1
forfeiting,1
equivalent,1
intellectual,1
garner,1
minigames,1
distract,1
fleet,1
footwork,1
percentage,1
deferred,1
jump,1
crucial,1
incorporated,1
poked,1
loyal,1
roulette,1
ezreal,1
syndrome,1
essence,1
flux,1
passively,1
poking,1
mystic,1
shot,1
introduction,1
heart,1
tinkering,1
risked,1
left,1
safely,1
decent,1
altogether,1
unsealed,1
constantly,1
formerly,1
utilize,1
contentthink,1
holistically,1
oh,1
paid,1
task,1
oppressive,1
resident,1
replay,1
showcased,1
drawback,1
predicted,1
abuseryou,1
imagine,1
poppy,1
demonstrative,1
rinse,1
shed,1
deeply,1
tldrwe,1
empower,1
stale,1
routine,1
unintended,1
magnitude,1
grander,1
boundary,1
demonstrate,1
projecting,1
yeah,1
sum,1
joining,1
posting,1
azubk,1
bandage,1
toss,1
beginning,1
worldbeater,1
scraped,1
higherskilled,1
bordering,1
unfortunate,1
abandon,1
champand,1
resolving,1
delicate,1
undertaking,1
tricky,1
reckon,1
refer,1
homogenous,1
ambitious,1
uncertain,1
validating,1
trust,1
unlikely,1
revisit,1
obligation,1
relearn,1
gotta,1
explore,1
arrived,1
getgo,1
pitched,1
spiderman,1
frontline,1
threaten,1
backline,1
gank,1
sitting,1
duck,1
seriously,1
highmmr,1
expro,1
advise,1
lowermmr,1
finetuning,1
lategame,1
troubled,1
flexible,1
maintained,1
noteworthy,1
band,1
asking,1
former,1
boiled,1
draft,1
mixeddamage,1
offset,1
sololane,1
centered,1
gate,1
hed,1
spam,1
qe,1
loose,1
wacky,1
restore,1
hilarious,1
tariclulu,1
unlimited,1
pump,1
independence,1
dearly,1
independently,1
third,1
reinvent,1
bully,1
earlygame,1
warp,1
spellspamming,1
highlymobile,1
lastly,1
threatening,1
experiencebased,1
itembased,1
till,1
heading,1
sticking,1
independent,1
gunslinger,1
twin,1
enso,1
slain,1
selfsufficient,1
builtin,1
reactive,1
dp,1
answerof,1
excite,1
pouring,1
discovering,1
optimizing,1
substance,1
resurrect,1
proceed,1
instantly,1
quadra,1
march,1
drove,1
owes,1
loud,1
deserve,1
resetting,1
reload,1
samurai,1
deflects,1
applies,1
supporty,1
person,1
hero,1
lived,1
connect,1
severely,1
thatthe,1
cooperative,1
selfish,1
territory,1
hunt,1
tying,1
padding,1
riff,1
henry,1
ford,1
squishies,1
marksmanassassin,1
briefly,1
roamed,1
violated,1
testin,1
attempting,1
contesting,1
feelsbad,1
endlessly,1
autotargeted,1
botsupport,1
functional,1
revisiting,1
replace,1
stacking,1
incentive,1
hymn,1
valor,1
aria,1
perseverance,1
injured,1
ambient,1
permanently,1
striking,1
duo,1
hefty,1
mess,1
lanedestroying,1
god,1
brick,1
swim,1
polish,1
chatted,1
crushing,1
struggled,1
autowin,1
gigachad,1
statcheck,1
dicier,1
maxcharge,1
five,1
zipping,1
dashing,1
whack,1
healed,1
shoved,1
convinced,1
reassess,1
reluctant,1
zerocounterplay,1
decently,1
hurt,1
stung,1
leftover,1
instae,1
unforgiving,1
qcooldownreducing,1
dancer,1
wooshing,1
prancing,1
pointes,1
wham,1
spruced,1
playable,1
transitioning,1
mmorpg,1
handing,1
responsibility,1
retrospective,1
author,1
voice,1
fearless,1
brightmoon,1
production,1
codebear,1
wonderful,1
engaging,1
mmo,1
crept,1
choosing,1
attribute,1
situational,1
contextual,1
tristana,1
gasp,1
untargeted,1
simultaneously,1
rare,1
precious,1
excitement,1
exceptional,1
via,1
norm,1
established,1
cheating,1
compound,1
unconstrained,1
trim,1
instance,1
longtime,1
reader,1
touched,1
subject,1
defined,1
overcome,1
staple,1
pointing,1
leave,1
layer,1
shoot,1
skillshot,1
interrupting,1
windup,1
super,1
blitzcrank,1
sion,1
universally,1
immunity,1
clunky,1
accessed,1
invading,1
trinket,1
ambush,1
waveclear,1
connected,1
ward,1
broader,1
splitpushing,1
hyperscaling,1
appreciate,1
executing,1
expose,1
property,1
immobility,1
steam,1
kited,1
advantaged,1
samey,1
lost,1
transform,1
neargodlike,1
boy,1
pair,1
attacking,1
esoteric,1
onboard,1
writing,1
tuesday,1
rationale,1
forgiving,1
pace,1
considerably,1
misstep,1
setback,1
respawn,1
bright,1
nonbuff,1
approximately,1
pool,1
crab,1
reintroducing,1
minus,1
completion,1
leashing,1
particle,1
decrease,1
welcoming,1
newcomer,1
processing,1
manager,1
guestwriting,1
morgana,1
viably,1
intimidating,1
unfamiliar,1
rolejust,1
offrole,1
drastically,1
kitsitemsrunes,1
buffnerf,1
calculation,1
forced,1
jungleviableavailable,1
examplewell,1
mainrole,1
floor,1
yetter,1
internally,1
exert,1
outlet,1
skirmisher,1
safe,1
rotating,1
allinning,1
preserve,1
dueling,1
global,1
shen,1
operate,1
happening,1
rotate,1
disengaging,1
stalemate,1
forever,1
separately,1
turnaround,1
thoroughly,1
verify,1
mistake,1
explanation,1
text,1
misrepresent,1
choicehence,1
highlighted,1
bold,1
galeforce,1
dropped,1
draktharr,1
elise,1
kennen,1
nidalee,1
cassiopeia,1
karthus,1
malzahar,1
syndra,1
taliyah,1
twisted,1
veigar,1
zoe,1
zyra,1
angush,1
strikebreaker,1
jayce,1
divine,1
sunderer,1
olaf,1
pantheon,1
reksai,1
renekton,1
udyr,1
aegis,1
braum,1
leona,1
skarner,1
soraka,1
maximum,1
compromising,1
unviable,1
pressing,1
rundown,1
arbitrary,1
assume,1
dramatic,1
recolor,1
doubleups,1
labeled,1
snapshot,1
unlabeled,1
bar,1
misleading,1
mf,1
tankier,1
dip,1
fill,1
widened,1
offbuild,1
comparable,1
farthest,1
liandrysludens,1
favoring,1
legit,1
orianna,1
velkoz,1
turned,1
confined,1
road,1
worst,1
generic,1
sejuani,1
malphite,1
strange,1
killer,1
underperforming,1
zhonyas,1
cosmic,1
serpent,1
fang,1
patternlevel,1
difficulty,1
painful,1
difficulttoexecute,1
mitigated,1
insufficient,1
promote,1
invis,1
powerwin,1
strengthen,1
expressive,1
skewing,1
gunblade,1
mustbuy,1
conqueror,1
nimbus,1
cloak,1
strengthening,1
overview,1
met,1
gap,1
uniqueness,1
assessed,1
greatest,1
ionian,1
gauntlet,1
compete,1
cape,1
conventional,1
groundwork,1
laid,1
taper,1
totally,1
upgraded,1
recommended,1
exposing,1
teaching,1
modern,1
anticipating,1
recovered,1
appropriately,1
radar,1
influentialpowerful,1
lighttouch,1
minimap,1
expectedly,1
reception,1
buying,1
starter,1
streamlined,1
entrant,1
freed,1
veteran,1
healthiest,1
incombat,1
began,1
stabilized,1
noise,1
outofposition,1
mathematical,1
timetokill,1
theoretical,1
creeping,1
symptom,1
messing,1
finishing,1
realistic,1
seraphine,1
rell,1
applicable,1
offtarget,1
justify,1
bundle,1
smoother,1
winstreaking,1
opening,1
bringing,1
freshened,1
classic,1
collaborated,1
aged,1
speedy,1
linear,1
taunting,1
highpoint,1
highspeed,1
powerneutral,1
sfx,1
combod,1
puncturing,1
leap,1
knocked,1
collision,1
aftershock,1
refreshing,1
forgotten,1
teased,1
involved,1
polished,1
patience,1
hood,1
hiccup,1
rollout,1
inflated,1
seasonal,1
january,1
divisional,1
promotion,1
inflation,1
recapping,1
succeeding,1
accessing,1
summarize,1
hotfixes,1
prepping,1
posted,1
surprisingly,1
acting,1
interface,1
updated_iconsjpg,1
readability,1
foreground,1
confusion,1
spelltheifs,1
hailblade,1
distinguishable,1
plastic,1
weapon,1
advanced,1
requested,1
pot,1
audit,1
refresh,1
bell,1
spectrum,1
sub,1
elaborate,1
ninja,1
teddy,1
bear,1
simpler,1
phd,1
thesis,1
disrupted,1
el,1
research,1
warwick,1
sensitive,1
kaisa,1
precise,1
kalista,1
teach,1
lux,1
aware,1
lantern,1
differently,1
singed,1
lilia,1
impacting,1
loot,1
bill,1
funding,1
maintenance,1
realistically,1
diversify,1
portfolio,1
dark,1
amongst,1
purchaser,1
wearing,1
theming,1
stretch,1
preemptive,1
sheen,1
aligned,1
celestial,1
darkstar,1
restrictive,1
useless,1
variance,1
opposite,1
communicated,1
elderwood,1
paper,1
goodbad,1
solvable,1
unfun,1
everybody,1
rushing,1
adaptability,1
model,1
slated,1
funnel,1
square,1
bullshit,1
steal,1
sufficiently,1
unfair,1
controlled,1
thematically,1
stasis,1
terrible,1
created,1
awkward,1
standing,1
concept,1
compile,1
regen,1
fire,1
immobilize,1
detonates,1
lifesteal,1
mikaels,1
crucible,1
sharpening,1
limiting,1
unchooseable,1
ineffective,1
guinsoos,1
knife,1
stand,1
visually,1
browsing,1
cannot,1
quickblade,1
selling,1
selection,1
beneath,1
alwaysaccessible,1
steady,1
crazy,1
poring,1
thread,1
schedule,1
dedicating,1
resolve,1
unforeseen,1
shortly,1
qa,1
engineer,1
artist,1
plate,1
asap,1
mindful,1
geographical,1
distance,1
isp,1
connection,1
disconnected,1
variability,1
pingpacket,1
downtime,1
financial,1
log,1
navigate,1
interactivity,1
lock,1
clicking,1
login,1
load,1
automatically,1
logged,1
awareness,1
hub,1
responsiveness,1
loading,1
screen,1
disconnect,1
toolsets,1
november,1
theyd,1
reveal,1
audio,1
placeholder,1
reused,1
modify,1
signature,1
traitability,1
sign,1
focal,1
assuming,1
arguably,1
varied,1
overbuffing,1
discovery,1
eventual,1
blank,1
canvas,1
paralysis,1
indecision,1
infinite,1
developed,1
answered,1
resonant,1
aspiration,1
deadly,1
themed,1
duckling,1
mismatch,1
excellent,1
introduced,1
preparation,1
brainstorm,1
review,1
refine,1
upside,1
attached,1
knowing,1
explored,1
assist,1
teammate,1
participating,1
wish,1
shared,1
personalizationcosmetics,1
marketing,1
communication,1
broken,1
handled,1
organization,1
chat,1
moderation,1
cross,1
maintainable,1
newupdated,1
extent,1
neither,1
personality,1
assessment,1
fleshing,1
faction,1
representing,1
male,1
gender,1
compelling,1
creation,1
snowbally,1
tankiness,1
correlation,1
known,1
expertise,1
actionable,1
demonstration,1
whetherhow,1
fare,1
champvgu,1
wasted,1
unenjoyable,1
intersect,1
absence,1
phrase,1
floating,1
op,1
effigy,1
reacted,1
growth,1
misestimation,1
mastering,1
nuanced,1
nerfing,1
personally,1
largest,1
undertaken,1
imbalanced,1
underneath,1
unbiased,1
narrative,1
featured,1
prominently,1
chart,1
comparing,1
horizontal,1
vertical,1
median,1
assumedly,1
reflecting,1
except,1
china,1
draw,1
video,1
april,1
september,1
globe,1
confused,1
noisiest,1
passion,1
mile,1
hesitate,1
respectful,1
absolute,1
special,1
offpeak,1
manually,1
manual,1
implemented,1
ultrahigh,1
tightly,1
insanely,1
behaving,1
reached,1
deployed,1
temporary,1
diving,1
delayed,1
stopped,1
tweet,1
httpstwittercomriotmeddler,1
classchamp,1
enabled,1
outing,1
walking,1
timeframe,1
speaking,1
skinevent,1
fantastic,1
overusing,1
resonating,1
standardize,1
cater,1
symbol,1
updating,1
ago,1
format,1
cleaning,1
unnecessarily,1
wordy,1
sentence,1
adopting,1
assumed,1
attempt,1
unify,1
hindered,1
integrate,1
heel,1
behavioral,1
strict,1
classifying,1
literally,1
severe,1
idling,1
reconnecting,1
receive,1
automatic,1
assigning,1
receiving,1
upgrading,1
treading,1
caught,1
occasional,1
fixing,1
revamping,1
thatll,1
greater,1
granularity,1
severity,1
anyrank,1
unrestricted,1
weighted,1
serf,1
captaingameplay,1
preview,1
secret,1
famous,1
semiglobal,1
marque,1
playmaking,1
dependent,1
eat,1
personal,1
abyssal,1
voyage,1
knock,1
arrival,1
trick,1
thick,1
stacked,1
timeline,1
upheaval,1
splitworlds,1
parity,1
matchup,1
smallerscope,1
weighting,1
orange,1
population,1
distribution,1
translate,1
levelthe,1
twitter,1
modified,1
recap,1
riotscruffy,1
alternating,1
motion,1
brightness,1
central,1
sufficient,1
acquiring,1
apology,1
downgrade,1
refunding,1
accountlevel,1
yesno,1
flag,1
twitch,1
prime,1
refunded,1
equates,1
liked,1
prominent,1
concrete,1
rebooted,1
publishing,1
asset,1
performed,1
visibilitypriority,1
unfortunately,1
bottom,1
reluctantly,1
continued,1
sg,1
lasting,1
thin,1
dressed,1
benefited,1
hellfiredemonsangels,1
west,1
monthly,1
basis,1
quadrupling,1
korea,1
pairing,1
tentatively,1
postgame,1
picture,1
resulting,1
feedingafking,1
sabotaging,1
dedicate,1
combing,1
intafk,1
conclusion,1
unacceptable,1
skirt,1
penalized,1
crossgame,1
afkingquitting,1
overrelying,1
raw,1
interpret,1
dc,1
failed,1
surrender,1
vote,1
quitting,1
feed,1
experiment,1
releasing,1
committing,1
exploitative,1
gaining,1
traction,1
observe,1
checkpoint,1
frame,1
enhancing,1
mixing,1
goldxp,1
wave,1
burning,1
environmental,1
freshness,1
generating,1
infernal,1
destruction,1
pathing,1
cone,1
alcove,1
cloud,1
whirlwind,1
chip,1
predator,1
lowering,1
unflinching,1
velocity,1
cced,1
doubled,1
splitting,1
incoming,1
zeal,1
pd,1
rfc,1
shiv,1
hurricane,1
producing,1
figured,1
intingpseudo,1
define,1
impossible,1
crushed,1
dy,1
deciding,1
pretending,1
c,1
teamfightsobjectives,1
detect,1
constant,1
figure,1
behaviorinfluencing,1
honor,1
socialrecognition,1
replacement,1
trialing,1
surfaced,1
component,1
notified,1
triggered,1
aggregate,1
notify,1
deploy,1
false,1
reexamine,1
stance,1
cautious,1
falsely,1
unjust,1
controlling,1
selfsabotage,1
retrospect,1
prioritized,1
expense,1
drop,1
accidentally,1
twoweek,1
troll,1
undeserved,1
investigate,1
listed,1
outline,1
flatten,1
prefer,1
uneven,1
capacity,1
influencepower,1
decreased,1
strongest,1
indirectly,1
thisll,1
calibration,1
matchmake,1
silver,1
rolled,1
record,1
swap,1
submitted,1
policy,1
stripped,1
blocked,1
premade,1
abuse,1
academia,1
projection,1
passprestige,1
heavier,1
sheer,1
kingdom,1
exclusive,1
related,1
sale,1
fund,1
missionsloot,1
pivoted,1
partway,1
worldsnight,1
dawn,1
buyer,1
factored,1
acquire,1
event	,1
tokens	tokens,1
bundle	average,1
dayweekly,1
wins	average,1
game	average,1
academia						,1
arcade						,1
project						,1
						,1
dawn						,1
kingdoms						,1
launch						,1
fix					,1
	,1
event						,1
premium,1
progressing,1
compsexperiences,1
unlock,1
depend,1
align,1
levelup,1
emote,1
represent,1
deepdive,1
cinematic,1
xerath,1
afford,1
resonate,1
negate,1
suffer,1
spellcast,1
breakpoint,1
frontliner,1
eternal,1
