word,LoLSlashDevAmount
champion,536
game,474
player,415
new,254
team,223
time,222
league,218
play,188
riot,163
item,158
change,148
really,147
system,144
champ,134
thing,132
year,128
queue,126
feel,125
balance,119
update,118
udyr,116
eternal,115
look,109
patch,107
goal,100
next,97
good,97
every,97
work,96
ranked,94
different,93
back,91
made,90
something,90
two,89
vfx,87
skin,87
position,86
spell,85
mode,85
power,84
go,84
making,83
take,83
gameplay,83
last,81
experience,81
world,81
know,80
example,80
many,79
level,78
let,76
launch,76
early,74
client,74
better,73
think,72
unique,72
always,70
youre,69
say,68
tft,68
end,67
win,67
right,66
start,66
give,66
mean,65
need,63
rate,63
pretty,62
match,62
select,61
matchmaking,61
feedback,60
design,60
didnt,60
le,59
part,59
find,59
ability,58
tier,58
best,58
keep,58
stance,58
big,57
idea,56
visual,56
effect,56
people,56
create,56
approach,55
run,55
week,55
damage,54
bit,54
looking,54
element,53
legend,53
needed,52
add,52
come,52
top,52
playing,51
might,50
help,50
started,49
working,49
expect,49
use,48
got,48
sure,48
long,48
trait,48
current,47
hard,47
doesnt,47
little,47
everyone,47
competitive,47
enemy,47
great,46
improvement,46
continue,46
without,45
small,45
try,45
mmr,45
story,45
felt,44
actually,44
day,44
youll,44
high,44
everything,44
version,43
exciting,43
getting,43
second,43
build,43
hit,43
framework,43
group,43
fun,42
post,42
region,42
important,42
enough,42
reward,42
number,42
season,41
using,41
though,41
animation,41
main,41
future,41
moment,41
clash,41
across,41
galaxy,41
improve,40
possible,40
forward,40
based,40
series,40
strong,39
feature,39
far,39
data,39
today,39
rift,39
spirit,39
board,39
volibear,39
pro,39
pick,38
issue,38
option,38
already,38
place,38
clear,38
share,38
skill,38
character,37
artist,37
show,37
target,37
sett,37
fight,36
line,36
model,36
development,36
isnt,36
lead,36
excited,36
move,36
counter,36
three,35
teamfight,35
doe,35
within,35
full,35
fiddlestick,35
single,34
able,34
im,34
overall,34
primary,34
vgu,34
behavior,34
support,34
rank,34
autofill,34
decided,34
dev,34
nexus,34
become,33
cant,33
impact,33
report,33
put,33
star,33
major,33
attack,33
meta,33
wasnt,33
blitz,33
gold,33
theyre,32
powerful,32
wed,32
never,32
human,32
bring,32
event,32
final,32
played,32
ingame,31
saw,31
case,31
four,31
instead,31
used,31
higher,31
quite,30
together,30
least,30
arent,30
talk,30
bug,30
type,30
state,30
direction,30
rise,30
similar,29
opportunity,29
coming,29
focus,29
said,29
base,29
added,29
often,29
blog,29
specific,29
hope,29
process,29
progress,29
average,29
probably,29
area,29
creating,29
core,29
theme,29
explain,29
kit,29
went,29
bot,29
month,29
scripting,29
summoner,29
other,29
point,28
meant,28
problem,28
toward,28
note,28
art,28
designer,28
bad,28
provide,28
challenge,28
quickly,28
buff,28
nilah,28
what,28
roster,27
quality,27
especially,27
almost,27
seen,27
clarity,27
hand,27
result,27
balancing,27
diversity,27
thought,26
love,26
finally,26
progression,26
plan,26
gain,26
running,26
strategy,26
stat,26
sometime,26
space,25
ensure,25
mind,25
reason,25
choice,25
cast,25
sense,25
entire,25
live,25
learned,25
addition,25
memory,25
account,25
anticheat,25
release,25
performance,25
comp,25
annie,25
giving,24
currently,24
step,24
fix,24
away,24
style,24
mastery,24
test,24
include,24
stuff,24
concept,24
amount,24
viable,24
wittrock,24
origin,24
preseason,23
wont,23
given,23
later,23
past,23
question,23
mechanic,23
found,23
life,23
silhouette,23
multiple,23
super,23
combat,23
thank,23
presence,23
cheater,23
fighter,22
ever,22
done,22
youve,22
perfect,22
worked,22
consistent,22
allow,22
opponent,22
demon,22
ban,22
laugh,22
health,21
rather,21
huge,21
adding,21
push,21
werent,21
kind,21
adjustment,21
read,21
code,21
throughout,21
satisfying,21
form,21
flex,21
premade,21
solo,21
ended,21
key,21
longer,21
dragon,21
lane,21
real,21
tournament,21
map,21
track,21
developer,21
prototype,21
basically,20
moving,20
wait,20
rp,20
someone,20
behind,20
learning,20
tactic,20
changed,20
fighting,20
milestone,20
beyond,20
audience,20
random,20
tried,19
anything,19
shop,19
sound,19
detail,19
chance,19
address,19
couple,19
standard,19
feeling,19
initial,19
bear,19
piece,19
course,19
drop,19
minute,19
nerf,19
cc,19
mid,19
storm,19
hex,19
carousel,19
thinking,18
order,18
bunch,18
longterm,18
faster,18
figure,18
thematic,18
trying,18
lower,18
whole,18
else,18
color,18
directly,18
recall,18
action,18
shape,18
beginning,18
exploring,18
normal,18
variety,18
cool,18
recent,18
couldnt,18
animal,18
took,18
youd,18
left,18
speed,18
voice,18
slightly,18
created,18
check,18
elite,18
experiment,18
cheat,18
wrekz,18
she,18
common,17
came,17
break,17
project,17
free,17
testing,17
worth,17
increase,17
hold,17
stop,17
late,17
side,17
significant,17
completely,17
body,17
looked,17
deep,17
immediately,17
led,17
fewer,17
rest,17
v,17
however,17
placement,17
carry,17
kill,17
anime,17
guardian,17
decision,17
lp,17
fiddle,17
exploration,16
large,16
consider,16
whether,16
keeping,16
upgrade,16
ship,16
secondary,16
easy,16
likely,16
favorite,16
simple,16
sharing,16
video,16
offer,16
global,16
exactly,16
including,16
identify,16
hopefully,16
close,16
role,16
per,16
due,16
melee,16
knew,16
arm,16
fit,16
updated,16
happen,16
runeterra,16
originally,16
machine,16
screen,16
balanced,16
compared,16
ton,16
spatula,16
considered,15
death,15
outlier,15
personal,15
special,15
focused,15
believe,15
larger,15
remember,15
healthy,15
available,15
hey,15
narrative,15
certain,15
ultimate,15
crash,15
fact,15
unlock,15
app,15
earlier,15
delay,15
ran,15
wouldnt,15
smaller,15
complete,15
professional,15
hitting,15
starting,15
server,15
content,15
maplenectar,15
maybe,14
happy,14
tool,14
eye,14
texture,14
matter,14
size,14
tell,14
effort,14
pbe,14
response,14
channel,14
turn,14
generally,14
term,14
difficult,14
quick,14
closer,14
freljord,14
became,14
fantasy,14
required,14
connection,14
true,14
passive,14
bonus,14
lightning,14
learn,14
launched,14
percentile,14
extremely,14
seem,14
seeing,14
understand,14
fire,14
call,14
shift,14
cost,14
highest,14
underpowered,14
op,14
stage,14
earn,14
universe,14
twisted,14
bootstrap,14
disable,14
forge,14
existing,13
old,13
master,13
open,13
rule,13
updating,13
bigger,13
eventually,13
medium,13
along,13
product,13
scene,13
disruptive,13
positive,13
released,13
ask,13
reading,13
metric,13
cause,13
party,13
additional,13
strategic,13
auto,13
extra,13
represent,13
purpose,13
explore,13
head,13
playstyle,13
motion,13
biggest,13
allowed,13
overpowered,13
graph,13
treeline,13
nullarbor,13
mana,13
mech,13
interesting,12
building,12
following,12
senior,12
emote,12
name,12
exception,12
indicator,12
general,12
modern,12
list,12
pas,12
community,12
usually,12
talking,12
person,12
please,12
consistently,12
short,12
either,12
taking,12
soon,12
intent,12
population,12
popular,12
advantage,12
guy,12
basic,12
caitlyn,12
composition,12
improved,12
half,12
afk,12
recently,12
spent,12
god,12
creature,12
category,12
information,12
rune,12
frustrating,12
pool,12
skilled,12
essence,12
carnival,12
knight,12
lonewingy,12
healing,12
finish,12
climb,12
achievement,12
appear,12
require,12
ancient,12
ui,12
studio,12
light,11
juggernaut,11
access,11
weak,11
particular,11
original,11
mostly,11
leave,11
detection,11
punishment,11
regular,11
honor,11
although,11
care,11
fair,11
double,11
understanding,11
aram,11
aspect,11
pattern,11
realized,11
easier,11
iteration,11
enjoy,11
kept,11
answer,11
nothing,11
nearby,11
among,11
combination,11
heard,11
band,11
actual,11
jump,11
bringing,11
third,11
cef,11
chromium,11
article,11
friend,11
ready,11
variance,11
achieve,11
yuumi,11
percentage,11
regardless,11
beta,11
meddler,11
success,11
layer,11
spike,11
six,11
condition,11
force,11
movement,11
adapt,11
experienced,11
mage,11
autofilled,11
algorithm,11
script,11
cheating,11
silver,11
kilmourz,11
ranged,11
starter,11
joy,11
gave,10
shouldnt,10
deal,10
front,10
spot,10
reduce,10
follow,10
receive,10
potential,10
individual,10
talked,10
lack,10
word,10
expectation,10
focusing,10
meaningful,10
deliver,10
expected,10
significantly,10
bar,10
simply,10
increased,10
liked,10
resource,10
soft,10
face,10
anyone,10
remain,10
piano,10
lose,10
window,10
application,10
teemo,10
status,10
began,10
split,10
niche,10
pace,10
representation,10
determine,10
weapon,10
difference,10
blossom,10
successful,10
fast,10
round,10
novel,10
literally,10
scuttle,10
phase,10
unit,10
controlled,10
riotpastabomb,10
l,10
class,9
plus,9
low,9
f,9
specifically,9
wild,9
cover,9
built,9
veigar,9
magic,9
occasionally,9
factor,9
prioritize,9
r,9
removing,9
definitely,9
improving,9
stronger,9
hear,9
stay,9
planning,9
truly,9
integrity,9
ultimately,9
happening,9
roll,9
fill,9
expand,9
interest,9
antler,9
animate,9
genre,9
aoe,9
situation,9
incredibly,9
introduced,9
blue,9
priority,9
notice,9
easily,9
precision,9
stuck,9
capture,9
slower,9
slow,9
web,9
mb,9
lockout,9
begin,9
yes,9
crazy,9
paint,9
monster,9
engagement,9
releasing,9
putting,9
draw,9
attention,9
highlight,9
theyll,9
circle,9
water,9
onto,9
rough,9
tech,9
eight,9
return,9
ideal,9
wider,9
assassin,9
gone,9
lol,9
cohesive,9
mission,9
ally,9
synergy,9
buy,9
botting,9
five,9
voli,9
chase,9
hextech,9
lockin,9
bpatches,9
contain,9
ashlesh,9
okay,8
sit,8
ago,8
graphic,8
audio,8
exact,8
solve,8
visible,8
reality,8
callout,8
calling,8
havent,8
whenever,8
behavioral,8
solution,8
targeting,8
accurate,8
total,8
path,8
deeper,8
decrease,8
confident,8
rework,8
proxy,8
mountain,8
develop,8
animator,8
drawing,8
freljordian,8
expression,8
energy,8
active,8
shared,8
asking,8
scale,8
minor,8
clearer,8
piltover,8
various,8
range,8
practice,8
context,8
helped,8
count,8
chat,8
conversation,8
penalty,8
shield,8
upon,8
none,8
moved,8
throw,8
several,8
nearly,8
etc,8
walk,8
curve,8
picked,8
dark,8
upcoming,8
known,8
iconic,8
ult,8
avoid,8
obvious,8
load,8
frustration,8
sample,8
sitting,8
protect,8
mentioned,8
fully,8
urf,8
elemental,8
meet,8
accurately,8
teammate,8
showing,8
frequently,8
scripter,8
diamond,8
loss,8
e,8
arctic,8
giant,8
turned,8
box,8
hp,8
plugin,8
zed,8
filter,8
whip,8
kinda,7
honestly,7
called,7
separate,7
sword,7
necessary,7
reduction,7
outside,7
unlike,7
affect,7
tweak,7
void,7
shipping,7
engineer,7
seven,7
production,7
social,7
constantly,7
apply,7
journey,7
leona,7
language,7
majority,7
helping,7
told,7
tough,7
oh,7
exclusive,7
reach,7
lost,7
reporting,7
instance,7
tracking,7
compelling,7
environment,7
taken,7
complex,7
intended,7
leveling,7
mix,7
spread,7
additionally,7
seriously,7
primarily,7
depth,7
lore,7
proportion,7
man,7
straight,7
ice,7
wind,7
demigod,7
leading,7
function,7
picture,7
visually,7
sharp,7
claw,7
familiar,7
figuring,7
control,7
view,7
home,7
introducing,7
music,7
included,7
represented,7
b,7
alone,7
technical,7
decade,7
score,7
room,7
program,7
meaning,7
method,7
page,7
previous,7
regional,7
red,7
section,7
naturally,7
experimental,7
extreme,7
hierarchy,7
cut,7
ionian,7
writer,7
changing,7
itd,7
broadly,7
yasuo,7
continued,7
perfectly,7
mark,7
threshold,7
shadow,7
yordle,7
legendary,7
parity,7
soraka,7
weekend,7
finished,7
january,7
aim,7
ecosystem,7
seeding,7
negative,7
identified,7
adc,7
developed,7
stable,7
pantheon,7
fall,7
present,7
limited,7
kalista,7
marksman,7
myth,7
dream,7
image,7
trend,7
decide,7
winning,7
battle,7
loot,7
dp,7
cloud,7
bottom,7
component,7
reported,7
dodge,7
splash,7
interested,7
terrifying,7
black,7
stimhack,7
normally,7
bronze,7
sorcerer,7
creative,7
neeko,7
cybernetic,7
arurf,7
ok,6
irelia,6
tanky,6
fiora,6
weakness,6
everywhere,6
darius,6
whereas,6
tradeoff,6
chose,6
unless,6
stack,6
watching,6
closely,6
older,6
hitbox,6
appropriate,6
noise,6
adjust,6
preserve,6
entirely,6
challenging,6
solid,6
newer,6
cannot,6
helpful,6
alternative,6
useful,6
objective,6
saying,6
green,6
listen,6
risk,6
challenger,6
confidence,6
abuse,6
field,6
soloduo,6
strength,6
knowledge,6
boosting,6
combined,6
globally,6
winrate,6
fairly,6
topic,6
recap,6
straightforward,6
attempt,6
boy,6
slowly,6
magical,6
inspiration,6
knowing,6
ill,6
awaken,6
spiritual,6
typically,6
itll,6
ive,6
classic,6
brain,6
modeling,6
musical,6
scientist,6
degree,6
traditional,6
seventh,6
heart,6
click,6
breakdown,6
sort,6
webassembly,6
worker,6
particularly,6
experiencing,6
frequency,6
structure,6
maintain,6
enabled,6
safe,6
rolling,6
lee,6
popularity,6
awesome,6
armor,6
travel,6
ionia,6
explored,6
aesthetic,6
conflict,6
ornn,6
broadlyappealing,6
humanoid,6
highly,6
ladder,6
designing,6
officially,6
inspired,6
senna,6
noting,6
stun,6
concern,6
scroll,6
must,6
smurf,6
providing,6
iron,6
dominant,6
banned,6
nerfing,6
reference,6
theyd,6
totally,6
ahri,6
talented,6
recognize,6
parameter,6
announced,6
latest,6
permanent,6
sled,6
king,6
gonna,6
muting,6
impossible,6
assessment,6
enable,6
inside,6
aiming,6
reaction,6
reveal,6
depending,6
accomplishment,6
platform,6
swing,6
driver,6
history,6
harder,6
thirdparty,6
showcase,6
refer,6
protecting,6
shuffling,6
cutting,6
yeah,6
positioning,6
asset,6
pit,6
ap,6
glacial,6
rote,6
phantom,6
berserker,6
syndra,6
despite,6
inferno,6
designed,6
guardiansorcerer,6
discount,6
usermode,6
crowstorm,6
living,6
highpoly,6
painting,6
hero,6
motto,6
snowdown,6
iii,6
splashing,6
kidnapping,6
lighting,6
urumi,6
steraks,5
grant,5
foundation,5
fundamental,5
impactful,5
dash,5
dance,5
waiting,5
shifted,5
purchase,5
cage,5
readability,5
resonance,5
wrong,5
remove,5
pain,5
brand,5
choose,5
constant,5
tend,5
catch,5
date,5
insight,5
projectile,5
act,5
unfortunately,5
member,5
passionate,5
shifting,5
punishing,5
incredible,5
reflected,5
prevent,5
evaluate,5
heavily,5
availability,5
dig,5
dynamic,5
vision,5
lowest,5
hovering,5
accuracy,5
division,5
duo,5
imbalanced,5
actor,5
hour,5
finding,5
natural,5
engaging,5
forced,5
identity,5
warrior,5
shaman,5
correct,5
physical,5
id,5
combine,5
connected,5
palette,5
duration,5
idle,5
hook,5
ground,5
interact,5
chain,5
adjusted,5
piltovan,5
reflect,5
arrangement,5
plenty,5
performing,5
tricky,5
cpu,5
campaign,5
stability,5
addressing,5
cycle,5
session,5
button,5
computer,5
software,5
repeat,5
ember,5
handle,5
integrate,5
monitor,5
gotten,5
sin,5
jungle,5
clean,5
introduce,5
discussed,5
max,5
casting,5
experimented,5
primal,5
hair,5
admit,5
managed,5
diving,5
appealing,5
contrast,5
heavy,5
broad,5
thus,5
culture,5
jhin,5
summary,5
animated,5
amumu,5
ezreal,5
sfx,5
clearly,5
aka,5
consideration,5
tank,5
hecarim,5
grab,5
ahead,5
curious,5
bucket,5
ensuring,5
recognizable,5
removed,5
greater,5
zyra,5
vladimir,5
lasting,5
unclear,5
cosmetic,5
network,5
loading,5
excitement,5
barrier,5
zaun,5
notification,5
luck,5
welcome,5
overly,5
systemic,5
summer,5
draft,5
aggressive,5
becoming,5
via,5
miss,5
evolve,5
emotional,5
thousand,5
bond,5
apart,5
seek,5
vayne,5
shit,5
beautiful,5
streak,5
identifying,5
usual,5
pure,5
minion,5
spawn,5
standing,5
anywhere,5
turret,5
lobby,5
weird,5
possibility,5
interface,5
rare,5
growth,5
buying,5
serve,5
value,5
suddenly,5
tale,5
transparency,5
satisfaction,5
somewhere,5
promo,5
protection,5
hot,5
input,5
utilized,5
utilizing,5
war,5
encounter,5
technology,5
competition,5
raw,5
legitimate,5
anyway,5
imagine,5
intend,5
achieved,5
locked,5
autobattler,5
shorter,5
northern,5
entity,5
ramping,5
lock,5
technique,5
architecture,5
c,5
frozen,5
rig,5
playtest,5
losing,5
nine,5
convince,5
train,5
edge,5
frankly,5
grievous,5
rely,5
orange,5
expansion,5
azir,5
mystic,5
frontline,5
massive,5
rating,5
zoe,5
blademaster,5
shen,5
mechpilot,5
spending,5
beat,5
shard,5
wolverine,5
johnodyin,5
unnatural,5
demonic,5
airship,5
stallion,5
partnership,5
partner,5
loved,5
abr,5
gortok,5
heal,5
south,5
subclass,4
supposed,4
determined,4
save,4
fine,4
hello,4
w,4
passion,4
missing,4
communication,4
bright,4
relative,4
commitment,4
received,4
asu,4
thresh,4
lantern,4
potentially,4
alright,4
signal,4
secret,4
worry,4
behave,4
chroma,4
influence,4
continually,4
organized,4
participate,4
maintaining,4
addressed,4
rapidly,4
healthiest,4
lastly,4
flip,4
connect,4
revisit,4
expanding,4
otherwise,4
stand,4
hype,4
tie,4
phoenix,4
related,4
air,4
blend,4
personality,4
beast,4
matchup,4
optimal,4
flexible,4
cooldown,4
white,4
hed,4
uniquely,4
reminder,4
guard,4
wide,4
physically,4
folk,4
orchestral,4
gear,4
established,4
wholly,4
captured,4
perform,4
reducing,4
recording,4
tackling,4
reliability,4
embedded,4
browser,4
usage,4
frequent,4
benefit,4
million,4
remaining,4
worldwide,4
reduced,4
spec,4
alongside,4
shipped,4
april,4
unable,4
moba,4
suck,4
reset,4
discovered,4
effective,4
detected,4
connectivity,4
subject,4
seemed,4
trick,4
hell,4
somehow,4
corner,4
produce,4
andor,4
permanently,4
avatar,4
dramatically,4
skillshot,4
appearance,4
organic,4
electricity,4
refining,4
whose,4
struggle,4
source,4
landscape,4
necessarily,4
killed,4
enter,4
meantime,4
cute,4
khazix,4
playrate,4
resonant,4
survey,4
pvp,4
lillia,4
lucian,4
yone,4
renekton,4
link,4
except,4
guide,4
nerfed,4
bracket,4
international,4
encourage,4
noticeable,4
respond,4
properly,4
distance,4
tiny,4
realistic,4
flashy,4
accomplished,4
elsewhere,4
broken,4
shan,4
hai,4
garen,4
opening,4
transformation,4
taunt,4
em,4
relatively,4
kick,4
landing,4
staying,4
dedicated,4
continuing,4
agent,4
join,4
isle,4
allowing,4
fairness,4
meeting,4
june,4
aggregate,4
measure,4
consecutive,4
censer,4
dramatic,4
pickban,4
buffing,4
validate,4
timing,4
worst,4
pressure,4
kayle,4
opted,4
pushing,4
editorial,4
rioter,4
night,4
aside,4
weeb,4
torn,4
soul,4
kindred,4
emotion,4
correctly,4
angle,4
urge,4
incorporate,4
limit,4
interaction,4
period,4
compare,4
cross,4
volume,4
carefully,4
conclusion,4
solved,4
bardle,4
royale,4
surviving,4
defeat,4
randomly,4
cart,4
race,4
charge,4
catapult,4
ocean,4
dealing,4
na,4
matched,4
upgraded,4
hidden,4
rich,4
slight,4
intuitive,4
poor,4
contextual,4
placed,4
pull,4
roadmap,4
answered,4
mundo,4
equal,4
timeline,4
gate,4
wall,4
modify,4
busy,4
valorant,4
price,4
ritual,4
xerath,4
approximately,4
perception,4
willing,4
record,4
horrifying,4
grouped,4
daily,4
girl,4
letting,4
previously,4
vanguard,4
exist,4
discovering,4
render,4
job,4
relationship,4
karma,4
chart,4
shot,4
developing,4
assist,4
disabled,4
trust,4
simultaneously,4
vo,4
eldritch,4
dive,4
strike,4
fade,4
spark,4
killing,4
spectrum,4
hearing,4
cameron,4
desk,4
jordan,4
collecting,4
director,4
ted,4
vastaya,4
consisted,4
bard,4
money,4
sickness,4
portal,4
decisionmaking,4
mordekaiser,4
animating,4
brought,4
publishing,4
internal,4
chess,4
drew,4
army,4
lag,4
collaboration,4
braum,4
spend,4
income,4
sell,4
walking,4
wound,4
disarm,4
fate,4
card,4
zephyr,4
tldr,4
manage,4
missed,4
quicker,4
sejuani,4
thatd,4
immediate,4
poppy,4
frontliner,4
protector,4
takedown,4
epic,4
replayability,4
twin,4
enso,4
fourarmed,4
ax,4
honey,4
badger,4
rakan,4
evil,4
mom,4
scarecrow,4
setup,4
dangerous,4
syndicate,4
convrgence,4
bilgewater,4
rekindling,4
roughly,4
emporium,4
d,4
config,4
unranked,4
mograph,4
keboom,4
painterly,4
handpainted,4
fairytale,4
discus,4
randomness,4
outcome,4
asian,4
overhaul,3
risky,3
smart,3
riven,3
diverse,3
worse,3
teamfighting,3
archetype,3
viego,3
serious,3
ol,3
defensive,3
forget,3
explained,3
consistency,3
inaccurate,3
sustainability,3
guideline,3
broke,3
tertiary,3
enhance,3
importance,3
anymore,3
sad,3
flair,3
approaching,3
selected,3
loop,3
uptodate,3
sent,3
fixed,3
reddit,3
gather,3
youtube,3
constructive,3
hadnt,3
subreddit,3
overwhelming,3
sending,3
partnering,3
monitoring,3
promised,3
verbal,3
advanced,3
kda,3
committed,3
reviewing,3
muscle,3
discrepancy,3
boost,3
invest,3
steady,3
decline,3
distribution,3
root,3
envelope,3
difficulty,3
dynamically,3
reevaluating,3
paper,3
peak,3
absolutely,3
portfolio,3
basis,3
guarantee,3
broader,3
unified,3
annual,3
ryan,3
mireles,3
jason,3
goofy,3
wing,3
complicated,3
sculpt,3
amplified,3
associated,3
bone,3
characteristic,3
wildness,3
bird,3
fashion,3
express,3
empowered,3
completed,3
indicate,3
wrap,3
channeling,3
justin,3
riotearp,3
albers,3
mystical,3
affected,3
forever,3
horn,3
heading,3
nature,3
swapping,3
historically,3
defined,3
lor,3
restrictive,3
mixed,3
background,3
define,3
settled,3
wrote,3
official,3
harlan,3
ear,3
stood,3
arcane,3
utilization,3
sec,3
announce,3
successfully,3
culprit,3
noticed,3
pc,3
copy,3
text,3
lcs,3
stream,3
cooler,3
consumption,3
taxing,3
javascript,3
specialized,3
launching,3
suggestion,3
native,3
eog,3
collect,3
engine,3
pushed,3
establishing,3
temporarily,3
referring,3
leaving,3
intentional,3
offender,3
afking,3
clicking,3
engage,3
modification,3
reached,3
indepth,3
cup,3
brawler,3
strongly,3
believed,3
managing,3
breaking,3
stick,3
discipline,3
obviously,3
pillar,3
traveling,3
wandering,3
influenced,3
dude,3
headed,3
linked,3
tundra,3
perhaps,3
young,3
deeply,3
resonate,3
research,3
perceived,3
varies,3
aurelion,3
sol,3
ought,3
drive,3
playerbase,3
certainly,3
nonhuman,3
monstrous,3
fan,3
appreciate,3
adorable,3
scruffy,3
determining,3
strive,3
react,3
cat,3
recognition,3
gun,3
diana,3
ideally,3
facing,3
glance,3
hitboxes,3
convey,3
tail,3
filling,3
mecha,3
kingdom,3
opened,3
sequence,3
glowing,3
upward,3
strict,3
send,3
cody,3
codebear,3
germain,3
quiet,3
infrastructure,3
buildateam,3
entry,3
iterate,3
tab,3
captain,3
compete,3
grind,3
cadence,3
middle,3
highmmr,3
fourpart,3
july,3
msiworlds,3
reliable,3
dealt,3
onetime,3
optimized,3
ardent,3
lategame,3
begun,3
playable,3
tighten,3
viewer,3
perspective,3
increasing,3
caused,3
utility,3
pulled,3
viability,3
direct,3
aphelios,3
ashe,3
kennen,3
fronttoback,3
equally,3
memorable,3
blade,3
grey,3
suggested,3
compromise,3
office,3
trickster,3
crop,3
gearhook,3
exclusively,3
favor,3
definition,3
underperforming,3
radar,3
continuously,3
experimenting,3
p,3
grandmaster,3
grouping,3
powerhouse,3
causing,3
stale,3
nightmare,3
acceptable,3
rarely,3
katarina,3
ranging,3
workinprogress,3
refresher,3
engaged,3
survival,3
flaming,3
nocturne,3
cheering,3
near,3
claim,3
cannon,3
blitzcrank,3
angel,3
wave,3
mute,3
extend,3
tied,3
central,3
individually,3
snowball,3
efficiency,3
rpg,3
godlike,3
unsatisfying,3
reactive,3
linear,3
augment,3
enchanter,3
refined,3
scratch,3
laid,3
picking,3
quicksilver,3
illustrate,3
user,3
hundred,3
surface,3
critical,3
rethink,3
pack,3
jungler,3
skirmisher,3
sleep,3
cold,3
happened,3
combo,3
slay,3
dr,3
thatll,3
outro,3
tune,3
compromising,3
relevant,3
explicitly,3
visibility,3
imbalance,3
swap,3
gap,3
suffered,3
punished,3
actively,3
implement,3
establish,3
breadth,3
promotion,3
demotion,3
tomorrow,3
iterative,3
executing,3
behalf,3
performant,3
intense,3
provider,3
undetected,3
requirement,3
winter,3
crude,3
firstly,3
automation,3
evade,3
vector,3
generated,3
ranking,3
statistical,3
resulting,3
wonder,3
platinum,3
automated,3
ingredient,3
utilize,3
somewhat,3
merge,3
tear,3
child,3
lowering,3
mechanical,3
attacking,3
install,3
escape,3
witness,3
won,3
existed,3
sensitive,3
apparent,3
wouldve,3
detect,3
headless,3
burden,3
spoiler,3
morning,3
wondering,3
repeatedly,3
ai,3
intro,3
flexibility,3
economy,3
increment,3
static,3
bench,3
upper,3
luckily,3
bet,3
surrender,3
fairy,3
desire,3
tactical,3
title,3
loud,3
operating,3
request,3
susceptible,3
immune,3
horror,3
collection,3
mood,3
unstoppable,3
tested,3
slowed,3
shown,3
invisible,3
particle,3
downward,3
sinking,3
instantly,3
talent,3
preview,3
ip,3
jaw,3
creation,3
retired,3
andrei,3
principal,3
contributor,3
row,3
lux,3
smile,3
sticky,3
warning,3
camera,3
spin,3
hexagon,3
switch,3
finishing,3
touch,3
trimmed,3
painted,3
clapping,3
massively,3
ten,3
highlevel,3
outline,3
o,3
victory,3
qa,3
purchased,3
born,3
faction,3
sacrificing,3
typical,3
rewarding,3
afford,3
breakpoint,3
discover,3
hush,3
gauntlet,3
glove,3
beam,3
positional,3
zzrot,3
backend,3
leak,3
detailed,3
median,3
decent,3
glory,3
pursuing,3
transparent,3
reaching,3
efficient,3
trading,3
lesson,3
taliyah,3
aimed,3
bpatch,3
plant,3
lissandra,3
amazing,3
maximize,3
voidassassin,3
disadvantage,3
entering,3
xayah,3
demolitionist,3
championspecific,3
skillexpressive,3
pop,3
landed,3
knocked,3
capsule,3
similarly,3
fourcost,3
gradually,3
vast,3
write,3
kitchen,3
kernel,3
hardware,3
muchneeded,3
grappler,3
punch,3
grappling,3
visceral,3
outlet,3
ezpz,3
answering,3
burst,3
ruined,3
liveservice,3
investing,3
internally,3
storytelling,3
freedom,3
agree,3
vary,3
ekko,3
accomplish,3
eu,3
december,3
novelty,3
sr,3
notably,3
initially,3
sylas,3
crasher,3
rekindled,3
flame,3
comment,3
indication,3
considering,3
simulation,3
provisional,3
diary,3
midsupport,3
login,3
kim,3
storyboard,3
frame,3
custom,3
shading,3
noble,3
sojyoo,3
sandwichtown,3
kathkan,3
laner,3
lasthit,3
everybody,3
where,3
depend,3
keyword,3
ad,2
xin,2
zhao,2
highreward,2
sweet,2
payoff,2
nasus,2
mobility,2
handful,2
goredrinker,2
gage,2
blending,2
tailored,2
overhauling,2
occult,2
realize,2
default,2
reasonably,2
yi,2
comfortable,2
durability,2
hybrid,2
finesse,2
offensive,2
overlap,2
override,2
oldest,2
sparkle,2
tackle,2
correction,2
spaghetti,2
marinara,2
dressed,2
catalog,2
modified,2
modernized,2
evaluation,2
twitter,2
publish,2
sadly,2
reply,2
thread,2
shaco,2
actionable,2
vague,2
adjusting,2
theming,2
scope,2
hate,2
unanimous,2
encouraged,2
leader,2
endeavor,2
deserve,2
timtammonster,2
disappointed,2
kicking,2
ruin,2
upping,2
accordingly,2
widespread,2
review,2
aware,2
sentiment,2
filled,2
revival,2
hoped,2
restricting,2
robust,2
viewpoint,2
amplify,2
inability,2
resolve,2
investigating,2
drastic,2
blind,2
public,2
subset,2
rotating,2
entered,2
stancechanging,2
autoattackmeleefocused,2
intact,2
reinvent,2
portrayal,2
portrayed,2
digging,2
ooyoo,2
namgung,2
stoked,2
recreate,2
wore,2
blocking,2
polishing,2
north,2
table,2
sustainable,2
mastering,2
pose,2
birdlike,2
mimic,2
swipe,2
afraid,2
leaned,2
nod,2
inception,2
duel,2
awakened,2
stylized,2
flat,2
dear,2
replaced,2
softer,2
deepen,2
differentiator,2
tone,2
enhanced,2
communicate,2
press,2
enhancement,2
applying,2
activation,2
arc,2
bounce,2
oracle,2
excellent,2
diligence,2
draconic,2
shoulder,2
concepting,2
mention,2
prepare,2
composer,2
scherzo,2
inventor,2
underneath,2
unexpected,2
differentiate,2
clock,2
expanded,2
orchestra,2
flourish,2
variation,2
family,2
individuality,2
spicy,2
chord,2
hodges,2
material,2
tip,2
tempo,2
crucial,2
whatever,2
gravitated,2
sink,2
repeated,2
enjoyed,2
tag,2
fifth,2
sixth,2
cleanup,2
november,2
driving,2
explaining,2
frontend,2
prepatch,2
watch,2
percent,2
chromiumbased,2
format,2
minicomputer,2
programming,2
writing,2
written,2
valuable,2
schedule,2
joining,2
leaver,2
dodging,2
reform,2
timer,2
wasted,2
displayed,2
followed,2
evaluating,2
sophisticated,2
certainty,2
regard,2
poll,2
stashu,2
awe,2
mad,2
tiger,2
brutally,2
allmelee,2
execution,2
greatest,2
shine,2
delivering,2
differently,2
brainstormed,2
whichever,2
pitch,2
grow,2
variant,2
recast,2
immense,2
centered,2
deity,2
lean,2
realm,2
rope,2
corresponding,2
hone,2
belt,2
denote,2
strayed,2
lifestyle,2
silence,2
damned,2
isolation,2
inbetween,2
endless,2
peace,2
prowess,2
training,2
age,2
heritage,2
anivia,2
resemble,2
lend,2
beneath,2
tribe,2
lately,2
shake,2
relatable,2
extent,2
rock,2
eastern,2
jarvan,2
subtly,2
appeal,2
samira,2
aatrox,2
velkoz,2
lacking,2
darker,2
buffed,2
bound,2
conveyed,2
fancy,2
proper,2
defining,2
lanky,2
carried,2
bow,2
assume,2
shoot,2
planned,2
exampleits,2
dodgeable,2
pallette,2
dump,2
nice,2
noon,2
excess,2
bell,2
chaotic,2
faded,2
howling,2
abyss,2
homeguards,2
lunar,2
transformed,2
poster,2
approached,2
goodbye,2
ongoing,2
patient,2
operation,2
occasional,2
closed,2
formation,2
rush,2
scheduling,2
unlucky,2
participation,2
teamplay,2
persistent,2
weekly,2
august,2
september,2
msi,2
lck,2
lpl,2
lec,2
reflection,2
whisper,2
fraction,2
lowered,2
optimization,2
playoff,2
evolved,2
caring,2
pursuit,2
hasnt,2
kiting,2
crossing,2
safer,2
overbuff,2
scenario,2
recognized,2
varus,2
healthier,2
kaisa,2
candidate,2
fortune,2
wukong,2
camille,2
scaling,2
vlad,2
forcing,2
likewise,2
emerge,2
justice,2
producer,2
company,2
besides,2
jared,2
rosen,2
brother,2
overcome,2
inner,2
fresh,2
editor,2
pass,2
fulfilling,2
gem,2
lim,2
understood,2
profile,2
exchange,2
object,2
letter,2
fail,2
door,2
overperforming,2
patchtopatch,2
fly,2
discussing,2
pointing,2
combating,2
bouncing,2
guiding,2
tightened,2
estimated,2
janna,2
criterion,2
flag,2
loosening,2
justify,2
touched,2
oneoff,2
promising,2
speaking,2
extended,2
tuning,2
invited,2
alpha,2
overdue,2
forest,2
manaenergy,2
deathmatch,2
destroy,2
blow,2
prize,2
square,2
paired,2
hill,2
guess,2
poro,2
breathing,2
statikk,2
shock,2
bf,2
mega,2
kr,2
highlighting,2
persist,2
postgame,2
occur,2
investment,2
gameruining,2
lookout,2
philosophy,2
replace,2
retained,2
refine,2
principle,2
consequence,2
existence,2
generating,2
outplay,2
earned,2
earning,2
twist,2
trinity,2
unintuitive,2
purchasing,2
conflicting,2
bloat,2
trade,2
riskreward,2
saving,2
unnecessary,2
effectively,2
contribute,2
counterplay,2
output,2
recommended,2
rec,2
overwhelm,2
recommendation,2
analysis,2
expert,2
capability,2
swain,2
nunu,2
rotation,2
plea,2
dust,2
fray,2
warm,2
dreaming,2
purple,2
masked,2
holding,2
tug,2
accelerating,2
slam,2
excite,2
sorry,2
february,2
ruining,2
simulating,2
outperform,2
investigation,2
actioned,2
switching,2
locking,2
interdivision,2
seemingly,2
limitation,2
informed,2
victorious,2
teambased,2
recognizing,2
unfiltered,2
inform,2
keyboard,2
statistic,2
formally,2
multigame,2
hammer,2
functional,2
ride,2
external,2
ticket,2
ridiculous,2
promise,2
subscription,2
verification,2
collective,2
adobe,2
recruit,2
installing,2
device,2
iv,2
distributing,2
restore,2
functionality,2
commonly,2
hunt,2
baby,2
independent,2
interpreted,2
abundance,2
featuring,2
maokai,2
career,2
couldve,2
issued,2
gotta,2
equipped,2
implemented,2
awkwardly,2
evident,2
caught,2
accusation,2
consciousness,2
sixteen,2
suffer,2
swiftly,2
mouth,2
surprise,2
underlying,2
mirror,2
wake,2
admittedly,2
importantly,2
technically,2
smurfing,2
vibrant,2
indicated,2
counterpart,2
suspension,2
slowing,2
pilot,2
suite,2
protocol,2
opposed,2
unto,2
adapted,2
queued,2
resulted,2
coop,2
lefty,2
remained,2
observe,2
mankind,2
empowering,2
analyst,2
applicable,2
manual,2
suggest,2
featureful,2
increasingly,2
attempting,2
promoting,2
recommend,2
itemization,2
restriction,2
esport,2
prepared,2
comparatively,2
involved,2
farm,2
net,2
sauce,2
careful,2
incentive,2
shooter,2
internet,2
pr,2
loaded,2
wanna,2
fog,2
ambient,2
closing,2
vulnerability,2
host,2
surreal,2
cure,2
slip,2
terror,2
veil,2
honorable,2
ferocious,2
grotesquehorror,2
stopped,2
thunder,2
sneak,2
savage,2
threat,2
pleased,2
targeted,2
pulling,2
earth,2
erosion,2
rainbow,2
arch,2
mesh,2
spawning,2
rushing,2
bolt,2
flash,2
shockwave,2
cracked,2
layering,2
drum,2
producing,2
treated,2
disturbing,2
beefy,2
acting,2
projection,2
bass,2
bloodthirsty,2
grabbed,2
mask,2
motif,2
pant,2
vastly,2
twopart,2
optimizing,2
lagging,2
onemake,2
thingwas,2
greenlight,2
jumped,2
royal,2
australian,2
obsessively,2
anton,2
snow,2
matthew,2
cao,2
strongest,2
richard,2
henkel,2
interview,2
canada,2
partake,2
mass,2
quantity,2
maple,2
syrup,2
poutine,2
van,2
roon,2
medler,2
ryze,2
barber,2
gifted,2
musician,2
skateboarder,2
remarkably,2
handy,2
compass,2
resides,2
phone,2
leaping,2
playtesting,2
held,2
interjects,2
personalization,2
orientation,2
lefttoright,2
distribute,2
leverage,2
digitally,2
illustrator,2
meanwhile,2
faith,2
email,2
missile,2
cheer,2
checkpoint,2
janky,2
optimistic,2
absolute,2
pt,2
pursue,2
formed,2
intimidating,2
smooth,2
custombuilt,2
optimize,2
town,2
drag,2
arrive,2
grabbing,2
practical,2
chad,2
tahm,2
exponentially,2
baron,2
alternate,2
cleaning,2
responsive,2
selling,2
showed,2
adaptability,2
foot,2
pve,2
backing,2
paid,2
smoothly,2
rougher,2
triple,2
deathcap,2
disarmed,2
prevented,2
chalice,2
goddess,2
cloak,2
shroud,2
stillness,2
titanic,2
hydra,2
voidling,2
gunblade,2
mr,2
herald,2
ya,2
boot,2
freeze,2
painful,2
compounded,2
oftentimes,2
fundamentally,2
passed,2
ambitious,2
midset,2
malphite,2
nail,2
blender,2
leg,2
thrown,2
taught,2
countered,2
warden,2
crit,2
jeweled,2
karthus,2
cleave,2
orb,2
sivir,2
preventing,2
fivecost,2
ignore,2
clever,2
chasing,2
swung,2
inflation,2
enjoying,2
hood,2
sensitivity,2
theyve,2
standout,2
service,2
holistically,2
intentionally,2
feeding,2
relation,2
confusion,2
organization,2
pivot,2
pilotsorcerer,2
spam,2
backed,2
shell,2
puzzle,2
rumble,2
fizz,2
backline,2
standpoint,2
destruction,2
stattrackers,2
celebrate,2
featured,2
unlockable,2
perk,2
hemoplague,2
ambassador,2
blocked,2
discussion,2
unlocked,2
destroyed,2
bank,2
faq,2
qiyana,2
protected,2
precise,2
retrieve,2
privilege,2
beef,2
goulash,2
portion,2
downright,2
enthusiastic,2
api,2
aimbots,2
aaa,2
online,2
multiplayer,2
doubt,2
halfbreed,2
son,2
snowballed,2
robot,2
butler,2
vastayan,2
tax,2
oneshot,2
punchy,2
fist,2
boi,2
traditionally,2
named,2
bos,2
father,2
lie,2
seth,2
lived,2
nittygritty,2
spooky,2
dense,2
info,2
ambush,2
fear,2
scare,2
victim,2
coin,2
invoke,2
jumping,2
experimentation,2
geometry,2
puppet,2
facial,2
ghost,2
flowing,2
creepy,2
mysterious,2
revealed,2
blink,2
distortion,2
label,2
singleplayer,2
representing,2
handing,2
empower,2
reimagine,2
indie,2
bespoke,2
completable,2
immersive,2
leaf,2
wherever,2
widerange,2
storydriven,2
turnbased,2
burning,2
tide,2
directed,2
joe,2
comic,2
platformer,2
handanimated,2
setting,2
redesign,2
oneforall,2
queueing,2
controlling,2
alwayson,2
casual,2
pacing,2
debated,2
disappear,2
tt,2
championbased,2
minimize,2
tooltip,2
reliably,2
shielding,2
empress,2
sona,2
manipulative,2
alignment,2
delaying,2
discounted,2
bundle,2
yearround,2
figured,2
accountable,2
restricted,2
mastered,2
reworked,2
newcomer,2
wildly,2
surge,2
token,2
preferred,2
wear,2
reflecting,2
grade,2
akali,2
winnable,2
midtop,2
hurt,2
supportmid,2
assigned,2
climbing,2
assignment,2
degenerate,2
simultaneous,2
introduction,2
noob,2
exploit,2
threepart,2
dispelling,2
asked,2
helper,2
masterchallenger,2
looping,2
trained,2
seung,2
eun,2
fluid,2
imagination,2
brush,2
filtering,2
brushstrokes,2
manually,2
curly,2
linesits,2
struggled,2
lining,2
imperfect,2
threestar,2
disabling,2
swapped,2
revamp,2
hotfix,2
nancy,2
bill,2
woman,2
physic,2
flan,2
mythical,2
monsterslaying,2
ascetic,2
stranger,2
southeast,2
prison,2
outfit,2
oyster,2
sea,2
serpent,2
prayer,2
possessed,2
begging,2
whirlpool,2
a,2
up,2
allin,2
involve,2
inspire,2
strat,2
heck,1
gist,1
unpunishable,1
murderer,1
defensiveskewed,1
highrisk,1
washed,1
reliablelowrisk,1
singlehandedly,1
murder,1
swift,1
durable,1
exaggerating,1
illaoi,1
vi,1
diver,1
consolidated,1
distinguishing,1
messed,1
dehomogenize,1
underused,1
silvermere,1
killedinthebox,1
maw,1
invulnerability,1
shaky,1
antiburst,1
dashy,1
stridebreaker,1
physicalmagic,1
survive,1
bleed,1
soak,1
clam,1
leisurely,1
incidentally,1
poorly,1
tempting,1
poach,1
sirhaian,1
passionfueled,1
modernize,1
updatesor,1
updatesare,1
geared,1
sprucing,1
elevating,1
explosion,1
quickcast,1
preupdate,1
tight,1
scoping,1
reign,1
busyness,1
unneeded,1
voidy,1
prevail,1
stride,1
blood,1
olden,1
curse,1
mummy,1
underdeliver,1
mindful,1
distinction,1
recolor,1
whereif,1
matching,1
touchup,1
appearbut,1
leaguevfx,1
approved,1
oversight,1
leaguepbe,1
rleaguepbe,1
incorrect,1
allencompassing,1
elicit,1
opinion,1
consensus,1
dissent,1
trending,1
loudest,1
insulting,1
constructively,1
insult,1
extracurricular,1
harming,1
angry,1
discouraged,1
hesitate,1
largely,1
tilted,1
reinforcing,1
playersit,1
failed,1
fallen,1
nonpremade,1
sport,1
dedicate,1
tuned,1
tying,1
frustrated,1
witheven,1
occurring,1
honored,1
embarking,1
underway,1
prove,1
mettle,1
implementing,1
decay,1
fairer,1
rediscover,1
abused,1
belong,1
acknowledge,1
pun,1
expansive,1
firm,1
maximum,1
winprediction,1
accommodation,1
duosthis,1
volatility,1
autofillsecondary,1
importantlygame,1
min,1
diverged,1
ironic,1
makeup,1
opt,1
reconcile,1
booster,1
boostee,1
seller,1
unhealthy,1
compatible,1
detriment,1
attempted,1
merging,1
revisiting,1
disparity,1
vanish,1
eradicated,1
betweenteam,1
withinteam,1
competitiveness,1
grouporganized,1
reinvesting,1
flexclash,1
realistically,1
nonranked,1
readily,1
accessible,1
aspiration,1
integrated,1
hoping,1
stock,1
perfecting,1
span,1
checkin,1
citizen,1
assumed,1
faade,1
turd,1
hunched,1
propeller,1
refocus,1
hurdle,1
proofing,1
evolution,1
thicc,1
beach,1
koingyeal,1
koing,1
jang,1
connectedbecause,1
confusing,1
reverence,1
inherent,1
stabbing,1
lunge,1
iced,1
winged,1
awakening,1
luis,1
bloois,1
agua,1
deer,1
boundary,1
casesbear,1
versatile,1
championexactly,1
hardedged,1
vfxi,1
colored,1
ram,1
communicated,1
skiesing,1
furthermore,1
mauling,1
wellknown,1
translate,1
newdyr,1
explorationswe,1
extensive,1
skinsso,1
dragonslayershe,1
hint,1
dragony,1
udy,1
summoning,1
honing,1
ortho,1
nicely,1
wouldnot,1
composing,1
fudge,1
lotta,1
sheriff,1
alexander,1
temple,1
emphasize,1
dreamer,1
harmonious,1
harmony,1
neutralityuncertainty,1
advancement,1
dissonance,1
percussion,1
rhythmic,1
zither,1
string,1
extension,1
wealthy,1
aristocratic,1
ornament,1
tradition,1
society,1
vestigial,1
trapping,1
melodically,1
pair,1
intricacy,1
inquisitive,1
fiercely,1
intelligent,1
lyrical,1
purposeful,1
unhurried,1
righteous,1
reframed,1
grain,1
harmonic,1
shook,1
tipping,1
needle,1
theorist,1
emmanuel,1
gunlap,1
lagumbay,1
sheet,1
pleasure,1
instrument,1
becauselets,1
realnot,1
download,1
arranged,1
performed,1
orchestration,1
challengerlevel,1
simplified,1
retaining,1
arranger,1
pianist,1
characterdriven,1
practicing,1
memorize,1
leap,1
relax,1
ostinato,1
rushed,1
triplet,1
marking,1
ninth,1
fourth,1
eighth,1
tldrwe,1
cefaka,1
architectureto,1
twofold,1
upgrading,1
startup,1
outofmemory,1
minspec,1
investigate,1
unlicensedoutofdate,1
circumstance,1
representative,1
legitimately,1
attentionthe,1
freed,1
multitask,1
processor,1
netflix,1
pentakill,1
fastestgrowing,1
discord,1
playlist,1
song,1
instruction,1
emulates,1
efficiently,1
reusing,1
adopted,1
synchronously,1
factory,1
talkative,1
handling,1
stalled,1
freezing,1
andlast,1
leastwere,1
proved,1
lolz,1
highfrustration,1
celebrating,1
barackprobama,1
tunneling,1
articlewell,1
prong,1
afkleave,1
incur,1
penalized,1
bump,1
offending,1
block,1
perpetrate,1
deterred,1
megadelays,1
popup,1
expire,1
maximumlevel,1
timebased,1
afkyou,1
demonstration,1
reformed,1
doinked,1
intermittent,1
rolled,1
equitable,1
winwin,1
meat,1
outdated,1
stash,1
chelluck,1
manbearphoenixs,1
thrilled,1
wayyyy,1
scrolled,1
agoall,1
intrigued,1
dancing,1
asap,1
blast,1
firstblooding,1
unsuspecting,1
unfair,1
potion,1
sleeve,1
butt,1
weathered,1
paced,1
longerranged,1
biggerandscarier,1
waxed,1
waned,1
maul,1
tea,1
carved,1
variancehigh,1
ding,1
highpower,1
castin,1
churning,1
mediumlowimpact,1
jawdropping,1
visibly,1
animalshamanxmartialartist,1
vacuum,1
frejlord,1
turtle,1
monkey,1
se,1
embrace,1
summarize,1
aimedranged,1
withstand,1
sorted,1
heighten,1
superbuff,1
dozen,1
kitting,1
vetting,1
passively,1
unused,1
charged,1
forgotten,1
awkward,1
superverison,1
recasting,1
cd,1
assumption,1
constraining,1
constraint,1
differentiated,1
craziest,1
glad,1
beastmode,1
timeand,1
outset,1
humble,1
monk,1
limb,1
battleready,1
posse,1
druid,1
mma,1
keyed,1
invoker,1
meleefeel,1
organize,1
denoted,1
featherstrinkets,1
typestrong,1
muscular,1
bodybuilder,1
handsknuckles,1
signify,1
walker,1
strengthen,1
bead,1
necklace,1
tattoosmarkings,1
cleaner,1
shamanistic,1
wood,1
street,1
tattoo,1
universal,1
attachment,1
hairy,1
likewe,1
powerfulfeeling,1
indicative,1
dana,1
luery,1
griddlebones,1
shaw,1
waaaarghbobos,1
instinct,1
practiced,1
icy,1
forefront,1
belief,1
obstacle,1
undoing,1
tensionphysical,1
beck,1
intensely,1
returned,1
homeland,1
linking,1
ideavolibear,1
exert,1
tap,1
enveloped,1
watchful,1
untrue,1
warrioranimalshamanmartialartistmonk,1
noticing,1
neverending,1
yearssome,1
majorly,1
interval,1
kicker,1
queen,1
explicit,1
surveying,1
attractive,1
edgy,1
fashionable,1
skillful,1
humansits,1
fiction,1
revolves,1
playersin,1
equation,1
evidence,1
jinx,1
western,1
punk,1
china,1
questiondo,1
esoteric,1
dragonthemed,1
covered,1
earthso,1
locationswe,1
persian,1
conquistadorera,1
spanish,1
cultural,1
relate,1
straightup,1
humanish,1
semihuman,1
pyke,1
anatomically,1
urgot,1
reksai,1
skarner,1
science,1
zac,1
anatomy,1
nonmonstrous,1
disagree,1
album,1
bronzies,1
explainer,1
doodle,1
yetter,1
wheel,1
drawback,1
deets,1
con,1
behindthescenes,1
livetweeted,1
wronglike,1
skinsnot,1
neutral,1
objectiveswere,1
mistake,1
unbreakable,1
vow,1
foremost,1
minimal,1
audiovisual,1
flashiness,1
noisy,1
bfgs,1
shrouded,1
darkness,1
moon,1
recognizability,1
generic,1
complicate,1
arrow,1
staff,1
shotgun,1
knee,1
bulky,1
innocent,1
charging,1
wellits,1
saturated,1
cue,1
highduration,1
windup,1
welldefined,1
comet,1
poorlythe,1
implies,1
dodgeability,1
drastically,1
bold,1
upholding,1
blurring,1
meaningfully,1
sacrifice,1
disciplinelike,1
oncan,1
overflowing,1
refresh,1
damaging,1
timeless,1
coolness,1
clearness,1
altered,1
peashooter,1
leeway,1
noticeably,1
paytowin,1
paytolose,1
scrollingdown,1
whistle,1
overshoot,1
delicate,1
peruse,1
leisure,1
coven,1
nightbringer,1
dawnbringer,1
border,1
curtain,1
surprising,1
fox,1
wellyou,1
fullfox,1
humanfox,1
nearpermanent,1
solar,1
eclipse,1
bop,1
spammed,1
abandoning,1
crocodile,1
spamming,1
distracting,1
stayed,1
lovely,1
eternity,1
stabler,1
chipping,1
award,1
clashthemed,1
hud,1
segue,1
surveyed,1
specify,1
inviting,1
pending,1
invite,1
forming,1
subside,1
deciding,1
conqueror,1
respectively,1
broadening,1
participant,1
kickoff,1
governs,1
presencewhich,1
bansas,1
barely,1
borderlineop,1
identifier,1
pocket,1
segment,1
absence,1
excels,1
abundant,1
somewhatoverlooked,1
seasoneven,1
preventative,1
neat,1
fervor,1
unilaterally,1
solidified,1
stylewhich,1
minimizing,1
mandatory,1
manifest,1
vgud,1
policy,1
patchesto,1
demonstrate,1
pickedbanned,1
maximizing,1
damning,1
peeling,1
sheer,1
hermore,1
minutebut,1
assessing,1
manner,1
marksmanbot,1
marksmanbottom,1
skew,1
midtolate,1
frontrunners,1
goto,1
jayce,1
midgame,1
sporting,1
metaespecially,1
playseemed,1
unwise,1
jax,1
stretch,1
remembered,1
heel,1
heroeswere,1
dominance,1
innovative,1
differ,1
installment,1
crafting,1
tuesday,1
kin,1
stained,1
wtf,1
speciala,1
delicious,1
animeand,1
versus,1
kanmei,1
akana,1
eviltheyre,1
shade,1
embracing,1
hiding,1
stare,1
pointedly,1
pondered,1
leapt,1
grown,1
boast,1
magically,1
flu,1
actuallyhas,1
embody,1
reconciliation,1
cassiopeia,1
incarnation,1
temptation,1
embodies,1
prank,1
younope,1
shepherd,1
grove,1
storyline,1
delegating,1
thomas,1
wilkingham,1
cunningham,1
edit,1
fitting,1
weebiest,1
dandere,1
tsundere,1
yandere,1
kakkoii,1
kawaii,1
restaurantstyle,1
blushing,1
notion,1
obscured,1
paul,1
zeronis,1
kwon,1
waist,1
worthy,1
derivative,1
leaguestyle,1
af,1
seamlessly,1
hop,1
x,1
boring,1
quest,1
novely,1
zara,1
berry,1
championing,1
reputation,1
stomp,1
tally,1
microforwarding,1
forth,1
smooch,1
measurable,1
underperformance,1
holistic,1
gravitate,1
prone,1
subjective,1
bias,1
predominantly,1
encouraging,1
raise,1
awareness,1
wip,1
unapproachable,1
respecting,1
stem,1
intercede,1
hypercarry,1
highlighted,1
creep,1
hesitant,1
buffheavy,1
correcting,1
overshot,1
safeguard,1
buffswhich,1
subsequent,1
buffswe,1
trundle,1
amongst,1
warranted,1
overpoweredunderpowered,1
problematic,1
flagged,1
catching,1
graf,1
talon,1
loosened,1
protargeted,1
nonpro,1
counted,1
resurrecting,1
snapshot,1
numerically,1
unchecked,1
emerged,1
nowadays,1
tightening,1
enthusiast,1
dialogue,1
covering,1
pls,1
temporary,1
polish,1
rowdy,1
fastpaced,1
mapfrom,1
finalizing,1
firstpass_nexusb_riverjpg,1
paranoia,1
nearsighted,1
ulted,1
adaptive,1
regen,1
vulnerable,1
surrounded,1
bestofthree,1
horizon,1
escort,1
nearest,1
defend,1
fastest,1
navigate,1
designated,1
fend,1
victoryscuttle,1
racing,1
beware,1
banana,1
dummy,1
blessing,1
allied,1
siege,1
rocket,1
aid,1
sieging,1
periodically,1
aboard,1
zap,1
mow,1
hefty,1
outofcombat,1
cdr,1
elder,1
execute,1
blitzspecific,1
fastiteration,1
twopatch,1
newlyadded,1
muted,1
spice,1
foundational,1
welldesigned,1
estimating,1
lay,1
misplay,1
comeback,1
miniature,1
ascent,1
hardtonotice,1
gametogame,1
adaptationmage,1
nuanced,1
overshadow,1
acquire,1
navigating,1
prospective,1
scared,1
impenetrable,1
growing,1
roadblock,1
believing,1
falling,1
epically,1
relearn,1
overlapping,1
confused,1
undermine,1
situational,1
sash,1
pickable,1
lich,1
bane,1
peppered,1
stinger,1
sheen,1
pickaxe,1
elegant,1
accumulated,1
confer,1
negate,1
pathfor,1
diverting,1
offense,1
fed,1
shopping,1
finalized,1
recommendeditemsjpg,1
wanting,1
guided,1
handmade,1
curated,1
thornmail,1
randuins,1
omen,1
analyze,1
allitemsjpg,1
fewest,1
invested,1
logical,1
layout,1
road,1
revealing,1
forging,1
voted,1
overview,1
adapting,1
fullscale,1
lessened,1
miniexpansions,1
yearone,1
announcing,1
mat,1
longing,1
blooming,1
midrange,1
frolicking,1
eep,1
possibly,1
shy,1
startle,1
prance,1
darting,1
blurry,1
hazy,1
awake,1
zzzzzzzzzz,1
ah,1
ddid,1
asleep,1
skittering,1
mesomething,1
dormant,1
subdued,1
temper,1
rising,1
anger,1
steel,1
figurefrom,1
yank,1
subconscious,1
whoawhat,1
stepped,1
thrillseekers,1
danger,1
stringing,1
stylish,1
firing,1
whirlwind,1
bullet,1
hopping,1
sliver,1
madman,1
scheduled,1
junglerwhat,1
wit,1
sensational,1
ultraheavy,1
buckle,1
thorn,1
yanking,1
plumbing,1
briefly,1
faring,1
equalize,1
accounting,1
preference,1
eliminated,1
activated,1
veteran,1
measured,1
prediction,1
formerly,1
highestpopulated,1
sidered,1
calibration,1
notified,1
tweaking,1
configuration,1
fledged,1
rounding,1
waste,1
juneearly,1
cautious,1
teed,1
restrictionsover,1
loosen,1
false,1
legacy,1
diluting,1
ironing,1
ball,1
hippocratic,1
responsibility,1
mayve,1
repressed,1
trauma,1
mirageofpenguins,1
databased,1
screaming,1
disgustingly,1
polymerized,1
sesquiennial,1
newsletter,1
artistic,1
cartesian,1
coordinate,1
rendered,1
euclidean,1
plane,1
remind,1
excommunicated,1
shrieking,1
manifestation,1
incurable,1
rage,1
whimsically,1
catalogue,1
mount,1
defense,1
everincreasing,1
tenaciously,1
flinging,1
adversary,1
teeth,1
machiavellian,1
finite,1
biomass,1
einstein,1
predicted,1
fabricate,1
painfully,1
extracted,1
lifestream,1
moderate,1
technologically,1
advancing,1
opposition,1
circumvented,1
reshape,1
longevity,1
pump,1
brake,1
strap,1
spare,1
ethical,1
catastrophe,1
forum,1
magstripe,1
reader,1
pay,1
mechanically,1
nearinstantaneous,1
lifespan,1
ethernet,1
cable,1
imperfection,1
craft,1
collectively,1
circumvent,1
methodology,1
private,1
market,1
usd,1
license,1
amusing,1
photoshop,1
sugarcoat,1
wrench,1
driven,1
underground,1
migratory,1
search,1
resort,1
stealing,1
procedurally,1
acquisition,1
intrepid,1
frigid,1
fascinating,1
futile,1
reentering,1
hibernation,1
anew,1
spring,1
metaphysical,1
perceive,1
layman,1
reentry,1
sum,1
fluctuating,1
sized,1
distinct,1
nearconstant,1
cycling,1
supply,1
stolen,1
recorded,1
former,1
height,1
openly,1
latter,1
packing,1
heavilyencrypted,1
tattooed,1
forearm,1
parlour,1
excruciatingly,1
cathartic,1
employed,1
land,1
themself,1
hoot,1
maniac,1
rifle,1
grenade,1
sight,1
scapulimancy,1
mortal,1
discern,1
pseudorandom,1
aided,1
installed,1
trojan,1
mine,1
bitcoin,1
keen,1
observer,1
wax,1
clairvoyance,1
detectable,1
gauss,1
meter,1
denominator,1
numerator,1
mathematically,1
codenamed,1
boyscouts,1
spotting,1
dot,1
suspended,1
algebraically,1
dowsing,1
rod,1
keying,1
potently,1
stuttering,1
perpendicular,1
module,1
neutralizing,1
distinguishable,1
crossfire,1
testament,1
unprecedented,1
completing,1
ascending,1
galvanized,1
emperor,1
ruled,1
sears,1
reverberate,1
scream,1
crescendo,1
opera,1
skyward,1
quietly,1
schematic,1
affording,1
excuse,1
crayon,1
truncated,1
yaxis,1
shurima,1
sand,1
sibilance,1
eleven,1
cheated,1
virtuous,1
frameperfect,1
spacing,1
indeed,1
prodigious,1
fuss,1
splinter,1
monochrome,1
taste,1
gasoline,1
spacebars,1
thrill,1
doubtlessly,1
observed,1
suspect,1
phenomenon,1
fruitless,1
nearmaximum,1
efficacy,1
secondly,1
hardstuck,1
godlets,1
participating,1
banquet,1
elaborate,1
adorning,1
crest,1
researcher,1
gratuitous,1
veritable,1
buffet,1
mouse,1
positioned,1
unassisted,1
haul,1
accidentally,1
malware,1
sick,1
thick,1
teddy,1
onboard,1
assured,1
overwhelmed,1
effectiveness,1
prioritized,1
unnoticed,1
ineffective,1
optimistically,1
patron,1
st,1
reportsdontmatter,1
toaster,1
wifi,1
bread,1
automatedincluding,1
house,1
motivation,1
circumvention,1
threefifths,1
programmable,1
coffeemakers,1
broadcast,1
cooked,1
adequately,1
godforsaken,1
simulacrum,1
humanity,1
assisted,1
possession,1
semipolymorphic,1
westworld,1
screenplay,1
computational,1
throttling,1
randomization,1
calculator,1
breeding,1
banwaveresistant,1
consciously,1
abysmally,1
deforested,1
bed,1
convinced,1
uprising,1
everytime,1
agonizing,1
looped,1
untimely,1
annihilation,1
powerless,1
suffering,1
logic,1
existential,1
crisis,1
empathized,1
turmoil,1
doubling,1
overnight,1
necessitated,1
uncontrolled,1
logging,1
younger,1
careeroriented,1
righty,1
decreased,1
guessed,1
android,1
architect,1
honeypot,1
bloodstained,1
homicidally,1
iterating,1
inconsistency,1
enslaves,1
gpa,1
resume,1
smarter,1
deprioritize,1
compensate,1
accompanying,1
unpunishedwork,1
investigative,1
toolsets,1
judgment,1
dissuade,1
resident,1
poker,1
generous,1
tipper,1
longlived,1
precedent,1
industry,1
preserved,1
adeptly,1
creativity,1
memorization,1
recitation,1
tenant,1
autobattlerhungry,1
shortcut,1
construction,1
omitted,1
ux,1
toolsparticularly,1
overlaysfilled,1
concerned,1
slippery,1
slope,1
descending,1
stifling,1
onrails,1
discourage,1
obtainable,1
predicting,1
aggregating,1
suggesting,1
recommending,1
oncall,1
cooperate,1
freeforall,1
wintrading,1
enjoyment,1
gaming,1
maintenance,1
proactively,1
wintraders,1
actioning,1
abuser,1
fruition,1
phil,1
n,1
pertinent,1
blackjack,1
phd,1
forfeit,1
misguided,1
altruism,1
celestial,1
acceptance,1
heaven,1
confrontation,1
throttledthey,1
traipse,1
bewildered,1
tooth,1
automate,1
throttled,1
friendly,1
fps,1
underestimate,1
deleted,1
facebook,1
basement,1
century,1
fandom,1
necromancy,1
meatless,1
skeleton,1
purposefully,1
cafeteria,1
security,1
compatibility,1
deemed,1
privacy,1
lemme,1
sneaking,1
scrimmage,1
awful,1
tampered,1
friction,1
inconvenience,1
unread,1
tallest,1
gremlin,1
court,1
stenographer,1
arkem,1
toiling,1
psychic,1
dampening,1
suppose,1
immortal,1
coil,1
subscribe,1
dba,1
header,1
remanifest,1
appendix,1
insatiable,1
hackerone,1
godking,1
antitamper,1
goat,1
gaze,1
peripheral,1
skirt,1
agnostic,1
keypresses,1
spellcast,1
withholding,1
maliciously,1
meticulously,1
crafted,1
dashboard,1
emulated,1
communicating,1
traffic,1
unideal,1
thered,1
bordering,1
alike,1
bacteria,1
variable,1
inevitably,1
reprioritized,1
reproduction,1
antibacterial,1
resistant,1
rash,1
uninstall,1
recovered,1
psychological,1
unforgotten,1
unbearable,1
footage,1
designplus,1
reimagined,1
brewing,1
lightningfueled,1
bridge,1
thestories,1
calm,1
dignity,1
literal,1
overpower,1
wrath,1
studded,1
lesser,1
men,1
heardespecially,1
mainswas,1
prime,1
skinwhen,1
purchasable,1
immobilizing,1
hide,1
nathan,1
lutzburg,1
lutz,1
relentless,1
drove,1
unforgiving,1
inevitable,1
disrupt,1
permaunstoppability,1
slowconversion,1
bite,1
opener,1
finisher,1
innovation,1
shocking,1
neal,1
nailock,1
wojahn,1
carving,1
puke,1
respective,1
progressesor,1
darkit,1
ending,1
glow,1
erodes,1
orbit,1
sheetthis,1
cell,1
windy,1
opacity,1
crack,1
struck,1
shooting,1
radial,1
clarify,1
crater,1
wiping,1
roar,1
jayvon,1
jirsan,1
rymer,1
faithful,1
pissed,1
andwill,1
wardrum,1
avalanche,1
accent,1
thunderclap,1
vocalization,1
elephant,1
trunk,1
trumpet,1
julian,1
zimberfly,1
samal,1
leveled,1
boundarypushing,1
fell,1
listing,1
adjective,1
bassy,1
integral,1
microphone,1
solemn,1
sorrowful,1
delivery,1
violent,1
gravelly,1
bellowed,1
fury,1
tasteful,1
gamespace,1
cavernous,1
evoked,1
mountaintop,1
injecting,1
ursine,1
animalistic,1
bearrelated,1
sounding,1
hat,1
tesla,1
freshened,1
camo,1
whitemonochromatic,1
trendy,1
ski,1
jacket,1
antenna,1
mistaken,1
router,1
symbol,1
foursa,1
breather,1
biter,1
lineup,1
fastapproaching,1
huddle,1
await,1
landfall,1
pierced,1
tease,1
rd,1
canceled,1
throwaway,1
cobbling,1
scalable,1
placelike,1
controllable,1
modelsthe,1
shippable,1
separately,1
darling,1
pasture,1
duct,1
tape,1
popsicle,1
joke,1
progressing,1
ninja,1
narrow,1
shallow,1
ugh,1
trolliest,1
willingly,1
motivational,1
convergence,1
boat,1
sail,1
rotate,1
pirate,1
seasick,1
flying,1
passing,1
retching,1
sacrificed,1
seaworthy,1
vortex,1
toptobottom,1
desired,1
inexperienced,1
cramped,1
precious,1
redesigning,1
skinning,1
flipped,1
bottomtotop,1
column,1
delivered,1
upside,1
reoriented,1
occluding,1
property,1
implication,1
complexity,1
specificity,1
array,1
harsh,1
rectangular,1
expecting,1
flipflopping,1
fing,1
lunch,1
rinse,1
hurry,1
damn,1
undertake,1
littler,1
maya,1
testingbasically,1
exceed,1
waking,1
russia,1
australia,1
joined,1
japan,1
fledgling,1
validated,1
happiest,1
yeahhhhhh,1
surprised,1
overprovisioned,1
capacity,1
twitch,1
culminated,1
highfiving,1
ofwhat,1
isa,1
fullblown,1
genuinely,1
coolest,1
pivotal,1
lifetime,1
dumping,1
truckload,1
escaping,1
risked,1
boomered,1
twelve,1
eighteen,1
dumb,1
countdown,1
andarguably,1
importantmake,1
m,1
doomsday,1
leaguewhich,1
sailing,1
hyperoptimized,1
envisioned,1
strategically,1
ensuing,1
battlethis,1
commander,1
encountered,1
floor,1
lined,1
scan,1
photo,1
dog,1
slack,1
icon,1
ideasharing,1
counterproductive,1
sprint,1
prototyping,1
isolated,1
unusual,1
exclusionary,1
sat,1
scheme,1
debug,1
message,1
printed,1
demolished,1
smoking,1
wreckage,1
alex,1
ranger,1
xiv,1
sherrell,1
arrived,1
imagined,1
depot,1
park,1
warwick,1
politely,1
sidebyside,1
oddly,1
derailed,1
rerolling,1
depart,1
supersonic,1
progressed,1
throwing,1
midbattle,1
kenchshaped,1
garbage,1
grew,1
dwarfing,1
craboncrab,1
warfare,1
viewed,1
simplifying,1
splitting,1
demacia,1
noxus,1
subtle,1
thematically,1
tended,1
zoomedout,1
observing,1
spellcasting,1
reminisces,1
agreed,1
predictably,1
almostguaranteed,1
carouselallrodsjpg,1
leaning,1
toning,1
unintended,1
transition,1
higherthanintended,1
simplify,1
superstrong,1
highrolled,1
foundwell,1
attacker,1
closest,1
aimlessly,1
betterfeeling,1
notable,1
morellonomicon,1
shutting,1
evenly,1
scaler,1
damagehealingshielding,1
dabbled,1
scaled,1
beneficial,1
budge,1
appearing,1
silly,1
replacement,1
negatron,1
iceborne,1
mail,1
shroud_examplepng,1
poison,1
whiff,1
recurve,1
summon,1
generaluse,1
die,1
deathblade,1
slayer,1
vamp,1
ionic,1
rabadons,1
redemption,1
wearer,1
runaans,1
hurricane,1
shiv,1
dmg,1
warmogs,1
hptick,1
zekes,1
banish,1
guidepost,1
register,1
calculated,1
millisecond,1
champselectpercentilepng,1
champselect,1
peek,1
threepercentilespng,1
horrible,1
perceptible,1
halfway,1
terrible,1
prioritizing,1
reworking,1
opportunistically,1
architectural,1
chunk,1
bloated,1
misusing,1
consolidate,1
theoretically,1
restarting,1
stated,1
inefficiency,1
thenprobably,1
springwell,1
bluntly,1
pile,1
laggy,1
latency,1
horsepower,1
bottleneck,1
rerendered,1
consolidating,1
sixmonth,1
checking,1
wish,1
chapter,1
weaker,1
insane,1
fightdeciding,1
reverse,1
feared,1
targetting,1
randomlytargeting,1
dice,1
singed,1
yorick,1
greatly,1
lightertouch,1
responsible,1
met,1
olaf,1
tension,1
foolproof,1
betterdesigned,1
desert,1
avoiding,1
altogether,1
soulbound,1
holiday,1
described,1
lessen,1
persisted,1
impacting,1
incomplete,1
downgrade,1
anticipation,1
chogath,1
nautilus,1
spectate,1
highimpact,1
malzahar,1
hardtosee,1
soldier,1
abo,1
ut,1
boomerang,1
appreciable,1
regarding,1
bust,1
kog,1
merely,1
balanceable,1
allstars,1
feast,1
famine,1
garedemptiondragons,1
scratching,1
majortraitfocused,1
branching,1
dominated,1
accelerate,1
difficulttoget,1
kassadin,1
notorious,1
lucky,1
krugs,1
performedpotentially,1
proficiency,1
griefing,1
unsportsmanlike,1
disconnect,1
examining,1
quasicompetitive,1
criticism,1
attentive,1
inhabiting,1
opposite,1
casterheavy,1
guardianvanguard,1
guardianprotector,1
guardianmystic,1
arguably,1
activate,1
flexibleyou,1
cyberneticvanguard,1
cyberneticblademaster,1
fragile,1
cyberneticmanareaverblademaster,1
celestialblademaster,1
chronoblademaster,1
rebelblademaster,1
valkyrieblademaster,1
carrier,1
branch,1
threepiece,1
pitched,1
merged,1
dy,1
pilotdemolitionist,1
pilotinfiltrator,1
ziggs,1
rebeldemolitionist,1
supermech,1
itemize,1
synergize,1
welp,1
deepdive,1
march,1
foe,1
nutshell,1
bicycle,1
automatically,1
customize,1
sniper,1
ultra,1
longrange,1
hypothetical,1
fiery,1
emphasis,1
capturing,1
expressive,1
transfusion,1
crimson,1
qp,1
dodged,1
sanguine,1
crystallize,1
buckler,1
lulu,1
inhibitor,1
credit,1
disenchant,1
unwanted,1
anticipated,1
priced,1
fond,1
farewell,1
midst,1
universespanning,1
intergalactic,1
setwide,1
shojin,1
caster,1
explosive,1
rise_of_the_elementsjpg,1
conservative,1
neekoverse,1
threecost,1
streaking,1
star_guardian_placeholder_imagejpg,1
bat,1
expandable,1
ingrained,1
project_placeholder_imagejpg,1
disclaimer,1
techheavy,1
tooling,1
referenced,1
partnered,1
study,1
federal,1
funding,1
chronologically,1
invention,1
billion,1
bce,1
indeterminate,1
accepted,1
escalated,1
systemor,1
hardwareof,1
winrar,1
semiintelligible,1
metaphor,1
microsoft,1
kernel_drivers_imagepng,1
genius,1
ring,1
corrupt,1
signing,1
arises,1
kernelmode,1
modifying,1
detecting,1
memorya,1
corrupted,1
installation,1
objectionable,1
botnet,1
orbwalk,1
immaculate,1
analogy,1
chef,1
farmtotable,1
toque,1
restaurant,1
management,1
dma,1
suspected,1
mature,1
rebroadcast,1
processing,1
esp,1
hired,1
telling,1
userlevel,1
twelvestroke,1
handicap,1
paycheck,1
bedtime,1
disposal,1
everescalating,1
appsec,1
teenager,1
deficit,1
untenable,1
panic,1
stress,1
surveillance,1
cared,1
grandma,1
recipe,1
christmas,1
casserole,1
obtaining,1
strictly,1
food,1
tamper,1
blame,1
failure,1
systemslike,1
easyanticheat,1
battleye,1
souschef,1
honest,1
fever,1
transmission,1
returning,1
megaseconds,1
followup,1
awardwinning,1
novella,1
playand,1
bbut,1
ritosama,1
bastard,1
edgier,1
cousin,1
kayn,1
nope,1
wipe,1
uwu,1
faceheres,1
smokin,1
associate,1
glenn,1
anderson,1
easytolearn,1
threw,1
ragdoll,1
flashymove,1
targonian,1
grapple,1
preppy,1
dapper,1
souffle,1
gentle,1
scrapped,1
darkin,1
behemoth,1
chunky,1
dinosaur,1
lovingly,1
nicknamed,1
embodiment,1
kickyourassandstealyourgirl,1
reconsidered,1
bryan,1
alleviate,1
refocused,1
brawling,1
transferred,1
stressed,1
flanking,1
location,1
absorb,1
unleash,1
beefcake,1
slamming,1
squishies,1
fullyfledged,1
mcpuncherboy,1
grappled,1
relied,1
punching,1
newest,1
husbando,1
twoarmed,1
haymaker,1
anchor,1
nami,1
fish,1
brass,1
knuckle,1
stylistically,1
signature,1
according,1
watched,1
longwingy,1
aint,1
badasslooking,1
john,1
obryan,1
dainty,1
cruster,1
crime,1
peeking,1
seedy,1
criminal,1
underbelly,1
appealed,1
exemplifies,1
noxian,1
violence,1
mother,1
welcoming,1
outcast,1
hatred,1
shaped,1
uncaring,1
messing,1
roof,1
jacked,1
villain,1
jealous,1
ma,1
wrestling,1
daddy,1
settd,1
college,1
anymorethats,1
faint,1
transform,1
pointclick,1
findor,1
createopportunities,1
wreak,1
mental,1
havoc,1
effigy,1
blognew,1
hypothetically,1
necromancer,1
warlock,1
grimoire,1
dread,1
lord,1
campfire,1
kench,1
surrounding,1
preyed,1
godless,1
nursery,1
rhyme,1
storybook,1
fable,1
wife,1
harvest,1
artifact,1
settling,1
malevolence,1
utterly,1
inhuman,1
organ,1
vocal,1
sentence,1
facsimile,1
mimicry,1
acrosskilled,1
feed,1
incite,1
stumble,1
fabricating,1
monstrosity,1
sphere,1
inprogress,1
dirty,1
preproduction,1
polygon,1
density,1
clay,1
replacing,1
detailing,1
mediumdetail,1
sanity,1
sculpting,1
baked,1
occlusion,1
curvature,1
til,1
rigging,1
dawon,1
wony,1
comprised,1
controller,1
modelthe,1
flow,1
jiggle,1
joint,1
cape,1
eerie,1
accentuate,1
spookiness,1
movie,1
dragging,1
bloody,1
inanimate,1
luke,1
lukehop,1
hu,1
predator,1
slim,1
nailfork,1
chest,1
decoration,1
substance,1
eager,1
prey,1
tpose,1
swinging,1
visualizing,1
tree,1
chisolm,1
shadowy,1
faroff,1
island,1
reinforce,1
scythe,1
allude,1
ambiguous,1
wispy,1
abilityit,1
flurry,1
feather,1
readable,1
downplaying,1
uncontrollable,1
bursting,1
channeled,1
thematicreinforcing,1
smoke,1
crow,1
batch,1
ayy,1
finger,1
gameswhich,1
announcedare,1
trial,1
tribulation,1
spinning,1
yearsboth,1
expertise,1
pipeline,1
highquality,1
dna,1
ipincluding,1
charactersto,1
licensed,1
authentic,1
villainous,1
grump,1
canon,1
albeit,1
lingering,1
interactive,1
codevelopment,1
publisher,1
handson,1
supportthe,1
guidance,1
localization,1
marketing,1
till,1
attending,1
gathering,1
published,1
settle,1
cry,1
handcrafted,1
consisting,1
specialist,1
console,1
mobile,1
cofounder,1
madureira,1
celebrated,1
chaser,1
rpgstyle,1
spectacular,1
ingenious,1
manipulate,1
brawl,1
combatracer,1
momentum,1
prior,1
ko,1
cartoon,1
hyped,1
gorgeous,1
timerelated,1
numerous,1
proven,1
twoweekend,1
ticketing,1
website,1
squashed,1
consist,1
realworld,1
patience,1
odyssey,1
extraction,1
invasion,1
overcharge,1
similarity,1
unwind,1
blown,1
sped,1
buffedup,1
securing,1
adjustmentit,1
longest,1
happily,1
pykebilgewater,1
hardcore,1
appreciated,1
minievent,1
aramexclusive,1
simpler,1
wrapup,1
higherquality,1
soa,1
mapspecific,1
waaayy,1
aramesque,1
retiring,1
dominion,1
longtime,1
nontreeline,1
eligibility,1
equip,1
whyd,1
incentivizing,1
suboptimal,1
hugely,1
eternalsthey,1
objectivesetting,1
hover,1
tracker,1
frontandcenter,1
compromised,1
minmax,1
tackled,1
counterstrike,1
stattrak,1
dota,1
relic,1
rarity,1
lootbased,1
package,1
additionallyand,1
transparencyeternals,1
undertaking,1
powering,1
supporting,1
attach,1
statue,1
appeasing,1
runeterran,1
responded,1
mitigation,1
tanking,1
prevention,1
superior,1
micro,1
macro,1
flawless,1
enabling,1
harm,1
brutal,1
rekt,1
deceitful,1
assigning,1
arriving,1
argument,1
bait,1
mitigating,1
weighed,1
skillbased,1
lab,1
fitness,1
afterwards,1
beating,1
endofgame,1
keybinding,1
rekindle,1
evolving,1
tossing,1
eg,1
seasonal,1
stone,1
flexing,1
concrete,1
counting,1
perchampion,1
refreshed,1
separating,1
separated,1
broadlyapplicable,1
twice,1
celebration,1
multichampion,1
regularly,1
thoseand,1
testingon,1
candid,1
buffingnerfing,1
formalize,1
dislike,1
understandable,1
trustedinconsistency,1
subjectivity,1
biasbased,1
operated,1
plat,1
demonstrated,1
argue,1
tighter,1
bestofthebest,1
sufficient,1
trusted,1
lm,1
arguable,1
reasonable,1
translating,1
accounted,1
turning,1
meaty,1
pertaining,1
definitive,1
whack,1
agreement,1
abide,1
baseboth,1
withagainst,1
themand,1
accommodate,1
daysweeks,1
wary,1
statistically,1
levelsyasuo,1
whore,1
correlation,1
steep,1
enact,1
punish,1
playboth,1
frameworkin,1
tandem,1
conversationwill,1
pinpoint,1
trouble,1
gauge,1
mutually,1
aggregated,1
regionspecific,1
prominently,1
mitigate,1
limiting,1
territory,1
shrink,1
lens,1
scuttlers,1
nerfedchanged,1
dictate,1
disappoint,1
structured,1
standalone,1
changelist,1
howd,1
firstthats,1
runprize,1
mile,1
forecast,1
wellreceived,1
tiein,1
modeexclusive,1
earnable,1
completion,1
longlasting,1
excitingly,1
teleport,1
applied,1
foreseeable,1
treat,1
accompany,1
sincere,1
unpolished,1
clip,1
clutch,1
gained,1
blitzier,1
commemorate,1
mayhem,1
tidbit,1
conceived,1
brian,1
feral,1
pony,1
feeney,1
feeneypult,1
intpult,1
intsled,1
arena,1
winner,1
proving,1
valid,1
sudden,1
nexustonexus,1
comparison,1
nbexclusive,1
deathfire,1
grasp,1
wriggle,1
statstick,1
stoicism,1
ed,1
sapmagic,1
altorfer,1
abusing,1
offposition,1
autofillwhich,1
quadruple,1
everyoneyou,1
displaying,1
positionbasically,1
replay,1
historical,1
andhopefullyreduce,1
simulate,1
positionsthanks,1
ia,1
crushed,1
ii,1
boosted,1
hardest,1
hurting,1
matchmake,1
momentary,1
techwhich,1
summerto,1
steadily,1
streamlined,1
capped,1
promote,1
summarized,1
rollout,1
primus,1
thiago,1
threesplit,1
accompanies,1
blogcheck,1
hanging,1
commentsor,1
thingscreate,1
upposition,1
selectdynamic,1
nefarious,1
gamesnot,1
bounced,1
supportmainsunite,1
g,1
h,1
j,1
hardesttoaccommodate,1
worstcase,1
screenchamp,1
eightminute,1
rotten,1
alternating,1
shaved,1
unintentional,1
oneoutoften,1
oneoutoffifteen,1
operational,1
parenthesis,1
reverting,1
graphsit,1
inqueue,1
toilet,1
graphlets,1
rewind,1
inefficient,1
yikes,1
normalized,1
assuming,1
skillwise,1
comfort,1
zone,1
solving,1
brainstorming,1
chalk,1
snowballing,1
uncertainty,1
miracle,1
brink,1
purely,1
seelack,1
graggy,1
sorta,1
wrecked,1
dominating,1
urban,1
lowerskill,1
disproportionately,1
higherskill,1
destroying,1
impression,1
volatile,1
rankbeing,1
demoted,1
highranked,1
tryhard,1
mentality,1
stake,1
socrates,1
bronzesilvergold,1
blockmutereport,1
congrats,1
faker,1
midlane,1
dumpster,1
montage,1
inven,1
frontpage,1
ragecheck,1
lessgood,1
magnet,1
repelling,1
otherif,1
misuse,1
nexttoimpossible,1
draggles,1
comms,1
strategist,1
elommr,1
impose,1
arbitrary,1
scorelines,1
zoning,1
statline,1
singednunu,1
graded,1
appropriately,1
rewarded,1
winloss,1
ratio,1
holy,1
crap,1
downside,1
summation,1
reassuring,1
scouting,1
sole,1
punishes,1
gamebut,1
plummet,1
slump,1
anxiety,1
favourable,1
estimation,1
contentious,1
vacation,1
banked,1
mmrlp,1
hiatus,1
itbut,1
riotiamwalrus,1
provided,1
walked,1
farthest,1
darkest,1
huddled,1
dim,1
debating,1
wallpapering,1
sketchesa,1
madcap,1
studiowithinastudio,1
hellbent,1
occurred,1
ignition,1
appeared,1
distorted,1
imitate,1
deceptively,1
longform,1
intriguing,1
multiminute,1
riotand,1
invented,1
anthony,1
possobon,1
protagonist,1
shed,1
cinematic,1
powersthe,1
precocious,1
psychopathic,1
wow,1
backstory,1
animatic,1
subtitle,1
illuminating,1
projectjust,1
lilit,1
hayrapetyan,1
photography,1
backlighting,1
dramatize,1
tragedy,1
imaginative,1
clouded,1
formsa,1
mixing,1
woven,1
eightyearold,1
lucid,1
wellnot,1
flashback,1
ke,1
swaab,1
sister,1
dreamy,1
impressionist,1
artbook,1
combining,1
embodied,1
idealistic,1
incorporating,1
sequencewith,1
childlike,1
linesand,1
photorealistic,1
lighted,1
impractical,1
unrealistic,1
handpaint,1
stylea,1
task,1
illustratorsanimatorswith,1
singledigit,1
zero,1
watercolor,1
ownto,1
pyrotechnic,1
jose,1
martin,1
flickering,1
approximate,1
confirm,1
greatfor,1
replicate,1
arbitrarily,1
labor,1
onscreen,1
sourced,1
river,1
sequenceslike,1
palm,1
handrequired,1
pyrokinesis,1
newfound,1
fantastic,1
composite,1
photograph,1
illustration,1
colorcorrected,1
threedimensional,1
animationcritical,1
performancethe,1
devil,1
animatorsor,1
dimension,1
lifelife,1
partial,1
mapping,1
mannequin,1
venturing,1
freaking,1
hairwhich,1
dress,1
nuance,1
fantasticand,1
unmistakably,1
storyboarding,1
texturing,1
cel,1
handpainting,1
flown,1
tophalf,1
reaffirmed,1
presented,1
store,1
inserting,1
twopiece,1
imperial,1
draven,1
boiled,1
predict,1
proposal,1
controversial,1
costly,1
revamped,1
thief,1
severe,1
pan,1
lessthanideal,1
happenthis,1
aspire,1
overloaded,1
builtin,1
morello,1
shyvana,1
burn,1
tacticssuch,1
wayand,1
inhibit,1
cursed,1
swordbreaker,1
gnar,1
prechanged,1
betterwhile,1
predictability,1
predictable,1
immunity,1
wildrapidfire,1
undodgeable,1
mitten,1
pivoted,1
bloodthirsters,1
universally,1
resist,1
sparring,1
takeaway,1
contributed,1
elise,1
tf,1
disappointment,1
ignoring,1
legendaries,1
basedwhich,1
capstone,1
hotfixes,1
necessitywe,1
gamebreaking,1
infinity,1
gathered,1
postship,1
rapid,1
unlikely,1
optionslike,1
sorcererscreated,1
ninepiece,1
mattered,1
meany,1
renata,1
glasc,1
chembaroness,1
belveth,1
manta,1
mommy,1
neelah,1
cap,1
stumbled,1
whiplike,1
beautifully,1
akshan,1
zeri,1
essentially,1
floated,1
talwar,1
curved,1
lady,1
anybody,1
whipwielding,1
whipsword,1
recreating,1
snappy,1
morgan,1
layered,1
toolbased,1
directionally,1
twopronged,1
watersword,1
unsheathes,1
jar,1
hip,1
joyfulness,1
iridescence,1
megan,1
bayona,1
refracts,1
rogue,1
unbound,1
yep,1
rite,1
sealed,1
eon,1
hideous,1
inverted,1
delirium,1
obsession,1
harnessed,1
otherworldly,1
lifeuntil,1
city,1
defeated,1
wielding,1
erased,1
bookworm,1
wiry,1
heroic,1
unwritten,1
unflinching,1
positivity,1
involuntary,1
annihilates,1
sadness,1
ramayana,1
invincible,1
country,1
rival,1
camavor,1
asia,1
dazzling,1
mythslegends,1
abound,1
pledged,1
kathkani,1
jewelry,1
hasone,1
engraved,1
kneepad,1
clothing,1
slaying,1
nimble,1
trapped,1
underworld,1
ruination,1
viegowho,1
imprisoned,1
continentand,1
hang,1
rampaging,1
dock,1
lifeand,1
planet,1
book,1
reciting,1
tall,1
parlance,1
badass,1
hypercarrybut,1
pledge,1
allegiance,1
rally,1
relieve,1
csing,1
laning,1
knockup,1
selfishly,1
blake,1
smith,1
xp,1
allybut,1
spotlight,1
dominate,1
oriented,1
splendor,1
mist,1
sliding,1
iridescent,1
effervescent,1
lash,1
sweeping,1
sustained,1
demoralizing,1
timewith,1
own,1
pray,1
succeed,1
ccg,1
voiceover,1
taric,1
ruleset,1
leaderboard,1
originate,1
describe,1
wield,1
generate,1
children,1
skiptomyluo,1
hinder,1
conjure,1
seraphine,1
ivern,1
reverb,1
outward,1
thrive,1
frustrate,1
flatten,1
