word,ValoStateAgentAmount
yoru,59
agent,38
change,25
new,24
update,17
year,17
time,16
next,16
play,15
team,15
game,15
enemy,15
viper,14
balance,13
within,13
ability,12
looking,11
valorant,10
take,10
unique,10
patch,9
controller,9
tool,9
yall,9
gameplay,8
go,8
impact,8
approach,8
future,7
initiator,7
many,7
early,7
keep,7
im,7
art,7
copy,7
look,7
life,7
help,7
work,7
round,7
power,7
give,6
month,6
thought,6
need,6
right,6
goal,6
drift,6
pattern,6
map,6
breach,6
seeing,6
roster,6
last,5
state,5
said,5
big,5
needed,5
character,5
mind,5
direction,5
fakeout,5
forward,5
added,5
know,5
dimensional,5
hope,5
across,5
excited,5
throughout,5
duelist,5
wed,5
everything,5
level,5
rework,4
note,4
rest,4
design,4
let,4
focus,4
current,4
opportunity,4
better,4
information,4
loop,4
space,4
eye,4
article,4
launch,4
exploration,4
bit,4
footstep,4
flash,4
expect,4
happen,4
post,4
thing,4
fake,4
teleport,4
behind,4
place,4
fantasy,4
played,4
getting,4
site,4
competition,4
break,4
launched,4
master,4
skye,4
provide,4
feel,4
toward,4
whether,3
location,3
topic,3
focused,3
talk,3
rely,3
tactical,3
something,3
part,3
put,3
feeling,3
giving,3
act,3
episode,3
based,3
currently,3
run,3
shot,3
decoy,3
without,3
given,3
ally,3
real,3
explode,3
come,3
create,3
moment,3
gatecrash,3
bring,3
able,3
cast,3
utility,3
delay,3
increased,3
instead,3
move,3
think,3
thank,3
everyone,3
mean,3
hoped,3
making,3
astra,3
control,3
shift,3
spot,3
coming,3
end,3
doe,3
live,3
sure,3
fight,3
john,3
really,3
onto,3
gap,3
address,3
learned,3
strong,3
value,3
foot,3
quality,3
internally,3
unlock,3
drop,3
playstyle,3
thematic,3
buff,3
larger,3
youre,3
large,3
two,3
brimstone,3
omen,3
choice,3
word,2
created,2
settling,2
fun,2
conversation,2
dev,2
diary,2
speaking,2
various,2
question,2
core,2
idea,2
development,2
latest,2
sova,2
initiation,2
gathering,2
step,2
revolves,2
dream,2
away,2
leave,2
friend,2
got,2
ii,2
good,2
upfront,2
aiming,2
headed,2
pair,2
ingame,2
always,2
quite,2
creating,2
match,2
playtest,2
feedback,2
ultimately,2
face,2
person,2
visualize,2
confusing,2
speed,2
clearly,2
differentiate,2
effective,2
starting,2
finally,2
additional,2
element,2
left,2
ground,2
ult,2
longer,2
hear,2
unequip,2
invulnerability,2
stealth,2
stop,2
mask,2
hand,2
send,2
angle,2
frag,2
infiltration,2
insight,2
past,2
wild,2
fan,2
consider,2
hour,2
launching,2
total,2
tore,2
plan,2
saw,2
coordinated,2
board,2
meta,2
breeze,2
close,2
extreme,2
player,2
different,2
pick,2
pro,2
evolving,2
use,2
side,2
previous,2
prioritizing,2
issue,2
share,2
hopefully,2
ready,2
producer,2
say,2
excitement,2
hit,2
output,2
version,2
recent,2
hello,2
vision,2
offer,2
felt,2
hoping,2
addition,2
baseline,2
opponent,2
kit,2
per,2
decided,2
visual,2
range,2
tether,2
travel,2
improvement,2
playing,2
either,2
testing,2
confident,2
open,2
monitor,2
quickly,2
youve,2
waiting,2
stoked,2
soon,2
fresh,2
enough,2
evaluate,2
skill,2
increase,2
oppressive,2
playspace,2
galaxy,2
brain,2
specific,2
start,2
push,2
threat,2
believe,2
aimed,2
yorubannerpng,2
needle,2
allow,2
bad,2
nine,2
o_o,2
leading,2
release,2
secret,2
people,2
leaf,2
week,2
boundary,2
far,2
high,2
role,2
possible,2
tac,2
risk,2
what,2
minute,1
typed,1
google,1
docbut,1
brought,1
great,1
wave,1
craziest,1
unfortunate,1
bug,1
monitoring,1
landscape,1
comment,1
prematurely,1
definitely,1
happening,1
quick,1
updatesongoing,1
channel,1
remember,1
develop,1
missing,1
present,1
health,1
priority,1
neon,1
specifically,1
reconnaissance,1
decide,1
knowing,1
areare,1
exploiting,1
info,1
execute,1
sliver,1
window,1
key,1
successful,1
win,1
notion,1
aspect,1
top,1
nickwujoined,1
previously,1
premium,1
content,1
expert,1
identifying,1
difference,1
realm,1
reconinfo,1
landed,1
localized,1
recon,1
moreintimate,1
hunting,1
course,1
themebut,1
frightens,1
ill,1
ive,1
searched,1
type,1
recurring,1
nightmare,1
wont,1
finish,1
battlepass,1
bp,1
tier,1
scared,1
grind,1
hey,1
herkesin,1
bir,1
korkusu,1
var,1
welcome,1
back,1
show,1
concept,1
workinprogress,1
writing,1
bringing,1
lifethese,1
iterate,1
lead,1
consistent,1
kick,1
chunky,1
fakeoutan,1
directionally,1
mimic,1
sound,1
mislead,1
enemiesis,1
full,1
damaged,1
debuffs,1
flavor,1
fired,1
position,1
conal,1
term,1
explored,1
fastpaced,1
millisecond,1
reaction,1
nature,1
tell,1
accidentally,1
identical,1
found,1
disrupting,1
momenttomoment,1
gameplaywhich,1
awesomebut,1
confused,1
exploding,1
cohesion,1
effect,1
together,1
thematically,1
cohesive,1
route,1
changed,1
aside,1
portion,1
puddle,1
confusion,1
occurred,1
understand,1
misdirection,1
ok,1
prepare,1
text,1
dump,1
summary,1
revealed,1
nearsighted,1
removed,1
slightly,1
casting,1
preventing,1
frame,1
updating,1
ultimate,1
fix,1
unintended,1
shown,1
gain,1
using,1
initiate,1
follow,1
reducing,1
amount,1
stay,1
invisible,1
invincible,1
simply,1
dancing,1
meant,1
hinder,1
combo,1
blasting,1
shorty,1
switching,1
visible,1
relying,1
running,1
jamming,1
sight,1
danger,1
battlefield,1
unhindered,1
allowing,1
enter,1
zone,1
mastermind,1
imagine,1
teleporters,1
placesdeep,1
line,1
possibly,1
land,1
perfect,1
blind,1
destealth,1
claim,1
possibility,1
drifting,1
wrapping,1
ride,1
cosplay,1
meme,1
hype,1
af,1
playsall,1
ever,1
imagined,1
actually,1
blew,1
hopping,1
blast,1
lifetime,1
dope,1
stuff,1
review,1
internal,1
playtesting,1
combined,1
fell,1
flat,1
promise,1
catch,1
heavy,1
presence,1
kayo,1
suppressed,1
path,1
econ,1
shook,1
sharp,1
prominent,1
home,1
icebox,1
refreshed,1
fracture,1
chamber,1
appeared,1
holding,1
precision,1
seen,1
stick,1
shake,1
adapting,1
amazing,1
cant,1
wait,1
planned,1
lighter,1
spent,1
restructuring,1
re,1
welcoming,1
member,1
bigger,1
six,1
additionally,1
focusing,1
addressing,1
emergent,1
faster,1
locked,1
peeled,1
mga,1
kaibigan,1
ko,1
tradition,1
point,1
immediately,1
scroll,1
bottom,1
horizon,1
renewed,1
energy,1
unexpected,1
challenge,1
kicking,1
outpace,1
shocking,1
sliding,1
straight,1
arrive,1
usual,1
winter,1
recharge,1
amp,1
ryan,1
rycoux,1
cousart,1
gamecharacter,1
designer,1
goscicki,1
dig,1
detail,1
outline,1
process,1
fair,1
ton,1
boyo,1
experimented,1
conclusion,1
par,1
took,1
offering,1
moredifferent,1
latched,1
blabbering,1
video,1
changing,1
d,1
usually,1
constrained,1
talking,1
infinite,1
cooking,1
mentioned,1
floored,1
rosterbut,1
along,1
tried,1
sparked,1
ignite,1
deception,1
disinformation,1
needing,1
field,1
order,1
maintain,1
viability,1
composition,1
payoff,1
seem,1
conditioning,1
ineffective,1
short,1
aim,1
trick,1
stronger,1
higher,1
please,1
progress,1
final,1
drove,1
deceptive,1
loved,1
replace,1
carbon,1
upon,1
wind,1
debuffing,1
black,1
leather,1
glove,1
sequence,1
lowered,1
activate,1
distance,1
trigger,1
audio,1
teleporting,1
bout,1
potential,1
include,1
wide,1
although,1
continue,1
ensure,1
adjustment,1
accordingly,1
teach,1
gear,1
sticking,1
journey,1
visibility,1
bridge,1
relaunches,1
probably,1
special,1
supporting,1
experiment,1
test,1
allin,1
struggling,1
newest,1
attempt,1
worked,1
noticing,1
niche,1
distinctly,1
carved,1
band,1
playrate,1
postnerf,1
appreciate,1
succeed,1
occupies,1
nudge,1
rough,1
edge,1
smooth,1
releasing,1
selfsufficiency,1
remove,1
dish,1
consecutive,1
sitting,1
exploring,1
impactful,1
add,1
counterplay,1
barring,1
resource,1
constraint,1
hiccup,1
roll,1
later,1
bundled,1
reiterate,1
speedvalorant,1
slimmest,1
margin,1
refinement,1
throwing,1
familiar,1
folk,1
whove,1
traditional,1
fps,1
whole,1
recognizable,1
must,1
gunplay,1
h,1
ua,1
cang,1
w,1
o,1
e,1
n,1
st,1
huh,1
sorry,1
keyboard,1
stopped,1
working,1
oh,1
thereve,1
iteration,1
sharpen,1
uniquely,1
powerful,1
homogenizing,1
controllersand,1
poison,1
cloud,1
zonal,1
lack,1
base,1
amping,1
damage,1
main,1
apart,1
bet,1
dare,1
world,1
increasing,1
positioned,1
tune,1
moving,1
mainly,1
overall,1
numerous,1
apply,1
pressure,1
promised,1
blindside,1
escape,1
situation,1
little,1
proactive,1
setup,1
learn,1
lever,1
affect,1
omg,1
span,1
alot,1
method,1
small,1
targeted,1
incremental,1
panned,1
taking,1
aggressive,1
frustrating,1
especially,1
speak,1
highly,1
stability,1
entire,1
event,1
champion,1
try,1
stabilize,1
versus,1
necessary,1
tourney,1
buffsnerfs,1
slow,1
stabilization,1
gosicki,1
today,1
tomorrow,1
skipped,1
january,1
hinting,1
yoruwho,1
isnt,1
anymore,1
shooting,1
settle,1
healthier,1
highlight,1
respective,1
strength,1
though,1
viperbannerpng,1
perusing,1
gonna,1
bearer,1
youll,1
spend,1
defining,1
fit,1
among,1
highlighting,1
conjunction,1
personally,1
already,1
bought,1
sticker,1
notebook,1
p,1
noticed,1
mastery,1
success,1
near,1
soum,1
asking,1
discussed,1
trying,1
thrown,1
le,1
disruptive,1
theyd,1
cosmic,1
grown,1
accustomed,1
study,1
dive,1
deep,1
discussion,1
howdy,1
almost,1
thinking,1
outlier,1
reasonable,1
fairly,1
stable,1
agentsclasses,1
deeper,1
v,1
particular,1
encourage,1
teammate,1
teamfocused,1
achieve,1
killjoy,1
augment,1
enhance,1
someday,1
abilitiestools,1
provided,1
evident,1
due,1
class,1
known,1
crucial,1
perround,1
healing,1
sage,1
whenever,1
rethink,1
tactic,1
form,1
build,1
basic,1
pushing,1
shooter,1
keeping,1
boundarypushing,1
sneak,1
tear,1
lurker,1
toe,1
truly,1
safe,1
esport,1
require,1
evolve,1
communicate,1
perform,1
introduce,1
she,1
become,1
represent,1
conclude,1
