word,ValoHealthAmount
afk,55
player,53
game,52
map,49
time,30
system,23
behavior,22
valorant,19
work,18
change,17
voice,17
detection,16
streak,15
report,15
result,14
word,13
chat,13
row,12
selection,12
competitive,11
article,11
sure,11
done,11
thing,10
year,10
punishment,10
team,9
place,9
look,9
improvement,9
toxicity,9
improve,8
queue,8
match,8
take,8
saw,8
number,8
experience,8
feel,8
bad,8
detect,8
topic,7
played,7
patch,7
random,7
new,7
often,7
feedback,7
far,7
continue,7
data,7
ban,7
text,7
please,7
know,7
rate,7
youve,6
recent,6
made,6
whether,6
comms,6
rating,6
list,6
something,6
share,6
update,6
find,6
different,5
specific,5
come,5
looked,5
chance,5
recently,5
experiencing,5
long,5
someone,5
however,5
process,5
show,5
good,5
cover,5
form,5
penalty,5
start,5
people,5
currently,5
happen,5
muted,5
automatic,5
action,5
last,5
keep,5
stay,5
intentionally,5
deathmatch,5
detected,5
series,4
possible,4
seen,4
encounter,4
multiple,4
survey,4
playing,4
quickly,4
type,4
let,4
consecutive,4
period,4
youd,4
unlucky,4
pretty,4
method,4
short,4
enough,4
march,4
post,4
metric,4
zero,4
impact,4
point,4
unwanted,4
communication,4
never,4
future,4
administer,4
clear,4
doesnt,4
offender,4
talked,4
plan,4
restriction,4
next,4
account,4
toxic,4
violation,4
middle,4
better,4
help,4
youre,4
measure,4
etc,4
bit,3
play,3
isnt,3
balance,3
launch,3
truly,3
choose,3
distribution,3
implemented,3
punished,3
split,3
meant,3
significantly,3
significant,3
encountering,3
rare,3
think,3
told,3
top,3
specifically,3
trying,3
instead,3
always,3
certain,3
didnt,3
week,3
every,3
improved,3
later,3
ask,3
doe,3
planned,3
confident,3
need,3
problem,3
consider,3
ingame,3
area,3
step,3
reason,3
track,3
mean,3
warning,3
go,3
commit,3
offense,3
tolerance,3
perfect,3
punish,3
ahead,3
mute,3
january,3
note,3
repeated,3
especially,3
wed,3
gone,3
term,3
tech,3
existing,3
detecting,3
moderation,3
informed,3
overall,3
everyone,3
ongoing,3
social,3
dynamic,3
started,3
ruin,3
severe,3
receive,3
xp,3
case,3
graph,3
feeding,3
gameplay,3
what,3
member,2
health,2
icebox,2
right,2
common,2
sentiment,2
responded,2
frustrating,2
stale,2
face,2
diversity,2
without,2
old,2
sept,2
available,2
mar,2
realized,2
matter,2
love,2
combat,2
pseudorandom,2
aimed,2
heavily,2
experienced,2
story,2
choice,2
instance,2
went,2
pool,2
released,2
methodology,2
north,2
alarming,2
werent,2
fully,2
luck,2
making,2
create,2
deterministic,2
remove,2
least,2
regional,2
test,2
rolled,2
important,2
increase,2
either,2
fun,2
fact,2
serial,2
avoided,2
necessarily,2
took,2
mentioned,2
believe,2
agency,2
relatively,2
additional,2
seem,2
introduction,2
harassment,2
language,2
room,2
encourage,2
said,2
dedicated,2
strong,2
progress,2
measured,2
planning,2
talk,2
two,2
rely,2
abusing,2
use,2
anyone,2
repeat,2
escalating,2
permanent,2
created,2
say,2
based,2
committed,2
immediately,2
found,2
creative,2
bypass,2
filter,2
arent,2
give,2
second,2
using,2
initial,2
confidence,2
andor,2
working,2
frequency,2
best,2
coming,2
harsher,2
level,2
begin,2
actor,2
resulting,2
abuse,2
taking,2
regular,2
pilot,2
program,2
region,2
reporting,2
line,2
beta,2
version,2
potentially,2
community,2
effort,2
riot,2
whole,2
evaluation,2
updated,2
notice,2
allow,2
disruptive,2
starting,2
move,2
become,2
question,2
spd,2
participate,2
multiplayer,2
issue,2
cant,2
fair,2
early,2
stuff,2
already,2
cat,2
accidentally,2
scalable,2
really,2
completely,2
benchmark,2
actually,2
disconnected,2
teammate,2
tracker,2
focus,2
per,2
lower,2
theyll,2
denial,2
farming,2
dive,2
bottom,2
state,2
provide,2
thought,2
hear,2
friendly,2
fire,2
space,2
tag,2
include,2
hello,1
im,1
brian,1
chang,1
previous,1
focused,1
randomness,1
ever,1
wondered,1
past,1
frustration,1
third,1
extremely,1
surprising,1
limit,1
challenge,1
compromising,1
matchmaking,1
influencing,1
explain,1
jun,1
initially,1
launched,1
entered,1
matchmaker,1
randomly,1
back,1
total,1
identical,1
chosen,1
regardless,1
obviously,1
quite,1
course,1
lucky,1
full,1
idealno,1
ascent,1
fast,1
showing,1
hadnt,1
favored,1
aggregate,1
reduce,1
encountered,1
weighted,1
le,1
likely,1
handful,1
lead,1
mere,1
selected,1
v,1
ticket,1
introduced,1
reduction,1
major,1
became,1
increasing,1
led,1
sent,1
america,1
theyre,1
source,1
na,1
despite,1
telemetry,1
perception,1
pervasive,1
seeing,1
cyclical,1
weekly,1
reddittwitter,1
decided,1
explore,1
asking,1
wasnt,1
diverse,1
via,1
minimizing,1
scenario,1
opted,1
showed,1
history,1
altogether,1
lobby,1
latam,1
rest,1
world,1
worsen,1
adversely,1
affecting,1
costly,1
tradeoff,1
april,1
thus,1
percentage,1
dropped,1
exactly,1
several,1
million,1
dodger,1
sorry,1
insanely,1
negative,1
tracked,1
alongside,1
frequently,1
sense,1
coordinated,1
highstakes,1
teamplay,1
tournament,1
mode,1
pick,1
alleviate,1
pain,1
regarding,1
monitor,1
conduct,1
individual,1
deter,1
insult,1
threat,1
offensive,1
prosocial,1
force,1
paving,1
brighter,1
commsrelated,1
gaming,1
healthy,1
silver,1
bullet,1
walk,1
taken,1
primary,1
feedbackspecifically,1
highly,1
purposely,1
throwing,1
actively,1
reported,1
punishedwe,1
creating,1
similarly,1
internal,1
dealt,1
hand,1
simply,1
used,1
escalate,1
harsh,1
endedmore,1
manually,1
phrase,1
serf,1
function,1
knowing,1
incorporating,1
filtered,1
iteration,1
explained,1
mitigate,1
tip,1
iceberg,1
journey,1
alone,1
administered,1
automatically,1
triggered,1
abusive,1
accumulated,1
road,1
end,1
improving,1
model,1
confidently,1
dodging,1
push,1
front,1
numerous,1
range,1
day,1
smaller,1
yearlong,1
chronic,1
reserved,1
egregious,1
ramp,1
justified,1
dished,1
indicator,1
caught,1
indication,1
surveyed,1
noticed,1
hasnt,1
meaningfully,1
foundational,1
ton,1
build,1
beyond,1
engage,1
base,1
understand,1
transparent,1
building,1
head,1
atheading,1
loop,1
open,1
generally,1
today,1
moderate,1
spent,1
conservative,1
gathered,1
incorrectly,1
gradually,1
severity,1
escalation,1
quicker,1
treatment,1
immediate,1
realtime,1
typed,1
occur,1
finished,1
looking,1
determine,1
occurred,1
harder,1
compared,1
manual,1
incremental,1
keeping,1
everything,1
wrap,1
eye,1
turkish,1
local,1
try,1
support,1
agentswho,1
oversee,1
incoming,1
strictly,1
behaviorand,1
established,1
guideline,1
promise,1
spread,1
lastly,1
discussed,1
committing,1
communicating,1
cadence,1
accountable,1
hopefully,1
extra,1
incredibly,1
helpless,1
undermine,1
lasting,1
damage,1
deterring,1
punishing,1
combined,1
invested,1
enjoyable,1
privacy,1
service,1
record,1
evaluate,1
submitted,1
complement,1
evidence,1
verify,1
behavioral,1
policy,1
particular,1
resulted,1
targeting,1
americaenglishonly,1
global,1
solution,1
got,1
broaden,1
horizon,1
attempt,1
piloting,1
idea,1
leveraging,1
brand,1
developed,1
feature,1
bake,1
effective,1
tool,1
arsenal,1
concrete,1
itll,1
collecting,1
engaged,1
utilize,1
leave,1
helping,1
safer,1
grateful,1
meantime,1
free,1
send,1
leaf,1
otherwise,1
teambased,1
degree,1
exception,1
discourage,1
compromise,1
integrity,1
downgrade,1
general,1
enjoyment,1
knew,1
mustsolve,1
development,1
earlier,1
inhibit,1
along,1
addressing,1
kick,1
power,1
cord,1
unfortunate,1
circumstance,1
control,1
false,1
positive,1
holding,1
angle,1
staying,1
flagged,1
signal,1
successful,1
hard,1
difference,1
amount,1
foray,1
simplest,1
stayed,1
inactive,1
prolonged,1
internet,1
ragequitting,1
left,1
malicious,1
active,1
worst,1
deal,1
withthey,1
address,1
situation,1
tie,1
detail,1
revealing,1
easier,1
rule,1
identified,1
easy,1
finally,1
forgiving,1
occasion,1
leaver,1
accomplish,1
across,1
rarely,1
wont,1
severely,1
example,1
message,1
conversely,1
rage,1
receiving,1
eventually,1
banned,1
tank,1
throughout,1
explanation,1
changein,1
cry,1
edge,1
leaving,1
harshest,1
enemy,1
sizable,1
entering,1
none,1
unless,1
worked,1
couple,1
spend,1
talking,1
potential,1
bias,1
unrated,1
define,1
round,1
similar,1
six,1
month,1
implementing,1
halved,1
stabilized,1
value,1
measuring,1
unclear,1
fewer,1
count,1
normalized,1
hour,1
percent,1
drop,1
caveat,1
gave,1
comparing,1
nonafk,1
category,1
material,1
various,1
intervention,1
penalizedeter,1
meaningful,1
broadened,1
qualify,1
added,1
bonus,1
clever,1
technique,1
tend,1
overlap,1
griefing,1
automated,1
bot,1
sharing,1
outlook,1
write,1
posted,1
reducing,1
acting,1
return,1
safe,1
twitter,1
read,1
sabotage,1
together,1
valorantspecifically,1
friend,1
monitoring,1
mmrand,1
matchmakinghere,1
lay,1
indepth,1
popular,1
voiced,1
transparency,1
changed,1
deepdive,1
within,1
happened,1
learn,1
stop,1
textvoice,1
everybody,1
secondary,1
probably,1
requested,1
matchmakingmatch,1
fairness,1
releasing,1
periodically,1
tomorrow,1
clicking,1
comment,1
hit,1
raised,1
concern,1
covered,1
tell,1
posting,1
concernsfeedback,1
favorite,1
discord,1
reddit,1
author,1
respective,1
link,1
away,1
select,1
thank,1
involve,1
dev,1
avoid,1
smurf,1
minimize,1
quit,1
