word,ValoRandomAmount
game,141
player,138
valorant,105
agent,70
act,62
rank,60
hit,57
team,55
invalidation,55
data,49
shot,49
change,46
time,45
global,42
widget,42
report,36
work,35
sage,34
look,33
competitive,32
system,30
bug,30
take,29
balance,29
patch,28
something,28
understand,27
many,27
win,27
experience,26
number,26
frame,26
play,26
every,25
new,25
performance,24
need,24
example,24
come,24
vfx,24
client,23
part,23
match,23
go,23
help,22
character,22
skin,22
server,21
together,21
making,21
case,21
really,21
process,20
clarity,20
content,20
back,20
feel,20
neon,20
made,19
map,19
design,19
know,19
thing,18
different,18
ingame,18
league,18
top,18
idea,18
feature,17
let,17
important,17
give,17
right,17
end,17
start,17
skill,17
winrate,17
youre,16
point,16
think,16
feedback,16
power,16
use,16
spray,16
testing,15
headshot,15
current,15
weapon,15
enemy,15
anticheat,15
gain,14
two,14
multiple,14
engine,14
next,14
friend,14
possible,14
however,14
needed,14
issue,14
sure,14
ranked,14
single,13
keep,13
high,13
result,13
goal,13
amount,13
working,13
tell,13
effect,13
ban,13
able,13
orb,13
registration,13
understanding,12
happen,12
order,12
used,12
good,12
world,12
plan,12
designer,12
state,12
decision,12
say,12
head,12
input,12
track,12
share,12
battlepass,12
body,12
better,11
unreal,11
developer,11
best,11
often,11
lead,11
gun,11
level,11
round,11
side,11
strong,11
step,11
opportunity,11
always,11
cheater,11
art,11
shader,11
cheat,11
speed,11
launch,10
queue,10
represent,10
gameplay,10
mean,10
ui,10
element,10
within,10
type,10
box,10
theyre,10
later,10
playtest,10
reported,10
playing,10
raze,10
riot,10
fantasy,10
support,10
tracer,10
artist,10
vanguard,10
zeri,10
im,9
update,9
looking,9
improvement,9
machine,9
improve,9
helped,9
based,9
create,9
move,9
talk,9
eg,9
cycle,9
put,9
getting,9
run,9
doe,9
across,9
version,9
progress,9
everyone,9
youve,9
source,9
cant,9
fire,9
today,9
future,9
behind,9
show,9
strength,9
running,9
ask,9
review,9
simulation,9
prototype,9
cheating,9
what,9
several,8
month,8
fact,8
v,8
generally,8
ensure,8
live,8
metric,8
unique,8
explain,8
using,8
changed,8
epic,8
didnt,8
decided,8
meant,8
year,8
find,8
core,8
prevent,8
chat,8
information,8
beta,8
hope,8
wont,8
ability,8
fun,8
philosophy,8
bad,8
study,8
continue,8
moment,8
day,8
believe,8
ahead,8
started,8
target,8
penalty,8
love,8
champion,8
try,8
placement,8
location,8
concept,8
badge,8
line,7
great,7
effort,7
risk,7
along,7
affect,7
isnt,7
quickly,7
group,7
far,7
manual,7
le,7
deliver,7
question,7
exciting,7
hard,7
problem,7
without,7
early,7
etc,7
tool,7
ever,7
outside,7
confirm,7
perception,7
direction,7
outcome,7
happening,7
sentiment,7
overall,7
turn,7
thank,7
narrative,7
behavior,7
afk,7
post,7
tier,7
ii,7
video,7
fired,7
latency,7
fast,7
august,7
cousart,7
a,7
key,6
integrity,6
detail,6
although,6
mind,6
higher,6
consider,6
area,6
took,6
doesnt,6
factor,6
tree,6
created,6
following,6
position,6
screen,6
updated,6
reason,6
size,6
include,6
layout,6
expensive,6
draw,6
social,6
enough,6
cause,6
long,6
especially,6
read,6
place,6
internal,6
likely,6
edge,6
note,6
release,6
fit,6
integrating,6
tech,6
clear,6
main,6
audio,6
receive,6
button,6
percentage,6
build,6
small,6
close,6
huge,6
fair,6
said,6
matter,6
inform,6
actually,6
balanced,6
survey,6
split,6
offense,6
piece,6
immediately,6
looked,6
rather,6
ultimate,6
added,6
thought,6
creative,6
add,6
wait,6
youll,6
detection,6
hand,6
meta,6
presence,6
premium,6
feeling,6
buddy,6
card,6
reg,6
correctness,6
received,6
bullet,6
spline,6
engineering,6
cool,6
mireles,6
engineer,5
provide,5
development,5
spend,5
pretty,5
base,5
common,5
taken,5
specific,5
properly,5
bit,5
structure,5
particular,5
text,5
related,5
vertical,5
instead,5
toward,5
aim,5
fix,5
knew,5
subtle,5
tested,5
schedule,5
fixing,5
potential,5
become,5
ultimately,5
identify,5
branch,5
major,5
astra,5
event,5
test,5
pick,5
rate,5
experienced,5
pbe,5
healthy,5
hopefully,5
true,5
quick,5
opponent,5
arent,5
bound,5
border,5
people,5
released,5
rest,5
closed,5
trying,5
push,5
access,5
charge,5
directly,5
duelist,5
stake,5
left,5
sense,5
completely,5
internet,5
comms,5
banned,5
saying,5
positive,5
soon,5
might,5
whereas,5
vandal,5
cooldown,5
never,5
currently,5
moving,5
highest,5
reward,5
brainstorm,5
big,5
movement,5
visual,5
delay,5
m,5
original,5
style,5
texture,5
career,5
radiant,5
matchmaking,5
suspicious,5
sometime,5
software,4
improving,4
excited,4
significant,4
large,4
exactly,4
full,4
picture,4
average,4
fps,4
hardware,4
pairing,4
mid,4
spec,4
building,4
block,4
whenever,4
invalidated,4
therefore,4
visibility,4
check,4
couldnt,4
away,4
faster,4
began,4
found,4
actively,4
couple,4
value,4
table,4
due,4
chance,4
closer,4
done,4
fixed,4
analysis,4
improved,4
loop,4
eventually,4
crash,4
inheritance,4
execute,4
caused,4
critical,4
qa,4
confidence,4
ping,4
range,4
device,4
closely,4
success,4
happy,4
hey,4
insight,4
article,4
shape,4
everything,4
tac,4
intel,4
creating,4
primary,4
whether,4
given,4
finally,4
drive,4
trash,4
jett,4
story,4
measure,4
scenario,4
kill,4
gave,4
recent,4
safe,4
package,4
conflict,4
spike,4
short,4
special,4
theme,4
address,4
past,4
twice,4
reduce,4
rating,4
bring,4
extended,4
option,4
saw,4
please,4
adding,4
clearly,4
forward,4
approach,4
role,4
majority,4
view,4
popularity,4
seem,4
direct,4
picked,4
appear,4
nonmirror,4
remove,4
perspective,4
healing,4
compared,4
render,4
pas,4
iii,4
earn,4
name,4
yes,4
regardless,4
similar,4
optimize,4
surprise,4
community,4
got,4
immortal,4
highlight,4
clip,4
easy,4
message,4
visually,4
crouching,4
life,4
prism,4
avalanche,4
starting,4
proven,4
display,4
prior,4
expect,4
easier,4
goscicki,4
space,4
personality,4
electricity,4
maintaining,3
responsible,3
alert,3
chart,3
complex,3
popular,3
fewer,3
perform,3
cpubound,3
identifying,3
stable,3
noticeable,3
additionally,3
known,3
smaller,3
file,3
putting,3
animation,3
color,3
either,3
must,3
invalidating,3
require,3
list,3
online,3
saved,3
worked,3
entirely,3
free,3
worth,3
context,3
individual,3
late,3
wed,3
absolutely,3
meet,3
timing,3
stability,3
twitter,3
term,3
path,3
accomplish,3
initial,3
challenging,3
maintain,3
spent,3
week,3
enable,3
anything,3
throughout,3
led,3
repeat,3
involved,3
upon,3
mouse,3
second,3
press,3
setting,3
strategy,3
intended,3
slice,3
destructive,3
public,3
real,3
cover,3
health,3
shed,3
light,3
audience,3
tradeoff,3
aiming,3
human,3
perfect,3
per,3
call,3
previously,3
shooting,3
click,3
shown,3
last,3
purchase,3
send,3
frustrating,3
cypher,3
defense,3
lower,3
developing,3
voice,3
communicating,3
ecosystem,3
constantly,3
reading,3
kit,3
break,3
conversation,3
op,3
grenade,3
throw,3
became,3
stuff,3
reaction,3
taking,3
general,3
evolve,3
duality,3
universe,3
answer,3
launched,3
wild,3
introduced,3
control,3
ground,3
distinct,3
cohesive,3
deep,3
lore,3
jump,3
favorite,3
explore,3
final,3
journey,3
pose,3
heart,3
focused,3
disruptive,3
happened,3
consistently,3
drop,3
warning,3
certain,3
stop,3
someone,3
care,3
seriously,3
detect,3
little,3
commitment,3
longer,3
analyst,3
form,3
tracking,3
depth,3
user,3
quite,3
bracket,3
nerf,3
keeping,3
ended,3
allow,3
weak,3
according,3
record,3
least,3
inspiration,3
reference,3
item,3
previous,3
cosmetic,3
built,3
locked,3
scuttle,3
company,3
probably,3
diversity,3
heavily,3
abstract,3
including,3
combat,3
ill,3
ie,3
displayed,3
corner,3
crosshair,3
already,3
sent,3
timestamp,3
follow,3
flash,3
illustrate,3
	,3
opposite,3
accurate,3
confusion,3
situation,3
crouch,3
reddit,3
comparison,3
spawn,3
brandon,3
challenge,3
came,3
develop,3
interesting,3
nebula,3
simple,3
limit,3
face,3
keyboard,3
asked,3
constraint,3
learning,3
remember,3
history,3
triangle,3
tab,3
figure,3
iconography,3
premade,3
protect,3
hear,3
automated,3
detected,3
talked,3
writer,3
fan,3
laugh,3
lightning,3
felt,3
negative,3
family,3
illustration,3
thumbnail,3
she,3
hello,2
component,2
monitoring,2
impacted,2
awesome,2
thrilled,2
configuration,2
cpugpu,2
analyzing,2
expected,2
deal,2
complete,2
optimization,2
benefit,2
x,2
momenttomoment,2
guarantee,2
increased,2
dependent,2
overview,2
child,2
combined,2
ammo,2
counter,2
outline,2
practice,2
called,2
indicate,2
variety,2
image,2
paint,2
implies,2
becoming,2
visible,2
kind,2
operation,2
organized,2
invalidate,2
cpu,2
cache,2
painted,2
cached,2
thinking,2
whole,2
reducing,2
advantage,2
decide,2
july,2
minor,2
successfully,2
certainly,2
obvious,2
specifically,2
determined,2
cost,2
open,2
priority,2
planned,2
regular,2
code,2
developed,2
integration,2
consideration,2
delayed,2
manage,2
stay,2
sit,2
upgrade,2
represented,2
measured,2
difficult,2
rare,2
capable,2
delivering,2
juicy,2
reasonable,2
selectively,2
fully,2
dig,2
separate,2
root,2
iteration,2
continued,2
stream,2
slow,2
tricky,2
subject,2
simply,2
page,2
menu,2
sound,2
aspect,2
literally,2
exist,2
breaking,2
launching,2
focusing,2
network,2
error,2
low,2
wider,2
jan,2
monitored,2
david,2
milkcow,2
cole,2
responsibility,2
phase,2
rough,2
truth,2
driven,2
board,2
weigh,2
engagement,2
mechanically,2
composition,2
b,2
site,2
radar,2
gather,2
diverse,2
three,2
incredibly,2
ensuring,2
enjoyable,2
fundamentally,2
align,2
inside,2
fairly,2
investigate,2
winning,2
defendersided,2
viper,2
begin,2
impact,2
exact,2
grew,2
excal,2
aligned,2
designed,2
realized,2
internally,2
frustration,2
dug,2
reacting,2
cue,2
counterplay,2
reset,2
frequency,2
liked,2
learn,2
enjoyed,2
cinematic,2
tease,2
phoenix,2
city,2
ignition,2
latest,2
radianite,2
clean,2
central,2
actual,2
amazing,2
mirror,2
seemingly,2
almost,2
beginning,2
doubt,2
aka,2
pain,2
acknowledge,2
stage,2
afkd,2
carry,2
confident,2
pregame,2
old,2
loophole,2
iterate,2
revamped,2
apply,2
basis,2
account,2
punished,2
scale,2
deduction,2
dodge,2
barred,2
addition,2
aimed,2
targeted,2
war,2
trust,2
reporter,2
alone,2
finalize,2
exploring,2
prosocial,2
investigating,2
bonus,2
introducing,2
id,2
teammate,2
plenty,2
helpful,2
link,2
topic,2
telemetry,2
research,2
relatively,2
fresh,2
via,2
refine,2
various,2
phantom,2
focus,2
nerfing,2
pro,2
resolve,2
loss,2
nerfed,2
told,2
breakout,2
discrepancy,2
identity,2
strongest,2
losing,2
equipped,2
refining,2
vast,2
useful,2
stalling,2
ally,2
proplay,2
telling,2
spot,2
engage,2
dev,2
experimenting,2
variant,2
upcoming,2
commemorate,2
tactibear,2
celebrate,2
surge,2
ton,2
buy,2
showed,2
crab,2
pitch,2
quality,2
save,2
else,2
holiday,2
strive,2
ruin,2
lean,2
graphic,2
octopus,2
ongoing,2
solved,2
spirit,2
nod,2
blast,2
folk,2
straight,2
cake,2
spamming,2
ggez,2
potato,2
title,2
express,2
pair,2
toss,2
maybe,2
camper,2
broken,2
processed,2
misleading,2
shoulder,2
respect,2
dive,2
netcode,2
air,2
peek,2
onto,2
alongside,2
rendered,2
displaying,2
earliest,2
failure,2
authoritative,2
successful,2
glance,2
additional,2
entered,2
fight,2
attempt,2
registering,2
spread,2
blood,2
spark,2
realize,2
fall,2
jiggle,2
peeking,2
land,2
shooter,2
continuing,2
sending,2
chris,2
collaborate,2
memorable,2
alive,2
jumped,2
rendering,2
material,2
floating,2
lamp,2
inspired,2
drove,2
motion,2
sickness,2
oh,2
force,2
bwang,2
slight,2
adjustment,2
collaboration,2
custom,2
mmr,2
gold,2
achieved,2
info,2
indication,2
compete,2
hearing,2
comment,2
progression,2
ip,2
teamplay,2
elite,2
seen,2
demand,2
paul,2
arkem,2
chamberlain,2
importance,2
powerful,2
reporting,2
unlike,2
intensity,2
usually,2
effectiveness,2
talking,2
fighting,2
tactical,2
dna,2
roster,2
region,2
newest,2
champ,2
tandem,2
ryan,2
watch,2
colaunch,2
stand,2
bunch,2
shared,2
lim,2
mobile,2
constant,2
nice,2
manila,2
bandage,2
luo,2
slightly,2
sprint,2
shatter,2
oneshot,2
guardrail,2
taught,2
definitely,2
promote,2
playful,2
sketch,2
arm,2
refer,2
stat,2
aaron,1
cheney,1
shortly,1
spoiler,1
provided,1
largest,1
excitingand,1
resultsits,1
organizing,1
filtering,1
controlling,1
plot,1
among,1
predictor,1
aggregated,1
sample,1
unrated,1
mode,1
excluded,1
outlier,1
skew,1
summary,1
globalinvalidationsummaryflowjpg,1
realizing,1
spanned,1
ripe,1
paid,1
managing,1
calibrating,1
expectation,1
delivered,1
upward,1
trend,1
aggregate,1
matching,1
identical,1
baseline,1
analogous,1
computer,1
folder,1
green,1
exaggerated,1
overlap,1
underneath,1
recalculate,1
managed,1
section,1
mechanism,1
opacity,1
ordering,1
property,1
response,1
signaling,1
complicating,1
hasnt,1
invisible,1
signify,1
performed,1
complicated,1
hierarchy,1
panel,1
necessary,1
improperly,1
waste,1
precious,1
nothing,1
underthehood,1
componentcalled,1
boxto,1
contained,1
prevented,1
prepassed,1
ticked,1
vertex,1
buffer,1
discarded,1
refreshing,1
amortized,1
performant,1
candidate,1
grouping,1
regularly,1
suited,1
placing,1
feasible,1
documentation,1
enter,1
precisely,1
significantly,1
required,1
universally,1
supported,1
testrun,1
surface,1
collected,1
bugsand,1
insidious,1
waiting,1
mention,1
hadnt,1
generated,1
advance,1
emergent,1
workeven,1
thisis,1
knowing,1
timeline,1
worthwhile,1
bleeding,1
wouldnt,1
thread,1
marcus,1
reid,1
mostly,1
inch,1
mile,1
incremental,1
doubledigit,1
leave,1
accounting,1
diminished,1
experimentation,1
earnest,1
stabilizing,1
september,1
thousand,1
fullyfunctioning,1
partially,1
task,1
modify,1
pulling,1
impacting,1
prepared,1
introduce,1
toggle,1
disable,1
catastrophic,1
occur,1
merged,1
isolated,1
finding,1
commonality,1
manifested,1
traced,1
valuable,1
eliminate,1
scattered,1
careful,1
robust,1
solution,1
reliability,1
rinse,1
enabling,1
series,1
disabling,1
developerbugfixflowjpg,1
steady,1
turned,1
drip,1
stopped,1
november,1
resolved,1
largely,1
notable,1
greeted,1
loading,1
c,1
weed,1
destructors,1
class,1
causing,1
swapping,1
infinite,1
bar,1
hover,1
annoyance,1
methodology,1
particularly,1
cautious,1
thorough,1
betcha,1
convey,1
unacceptable,1
department,1
queuing,1
interacting,1
endofgame,1
leaf,1
offnominal,1
modifying,1
external,1
alttabbing,1
armed,1
traversed,1
catch,1
hidden,1
environment,1
milestone,1
condition,1
specification,1
intentionally,1
weekend,1
interfere,1
prediction,1
releasing,1
kept,1
eye,1
estimation,1
matched,1
enjoy,1
fragging,1
shipped,1
importantlygame,1
alpha,1
foundation,1
overpowered,1
underpowered,1
approaching,1
opinion,1
gameyour,1
job,1
prioritize,1
forit,1
greater,1
rely,1
judgement,1
contextualize,1
seek,1
session,1
meaningfulyou,1
robotic,1
formulaic,1
holding,1
guiding,1
principleswhat,1
uphold,1
balance_tac_cycle_imagejpg,1
breakdown,1
territory,1
gathered,1
coordinating,1
implement,1
aware,1
fail,1
executing,1
impossible,1
clutch,1
monthskind,1
consisted,1
balance_inputs_process_imagejpg,1
determine,1
intervene,1
nudge,1
defenderattacker,1
committed,1
meeting,1
periodically,1
interpret,1
leverage,1
playerbase,1
stateit,1
combination,1
borderswhen,1
dip,1
raise,1
flag,1
ready,1
graph,1
statement,1
upper,1
busted,1
attack,1
bind,1
contextualized,1
figuring,1
lastly,1
embed,1
vocal,1
existence,1
changelist,1
morello,1
project,1
nonmirrored,1
grouped,1
charging,1
trigger,1
tightened,1
band,1
relative,1
anecdote,1
forumsanything,1
rocketed,1
naded,1
dead,1
writeup,1
acquired,1
proposed,1
oppressive,1
went,1
lowered,1
nades,1
continually,1
blow,1
identitykill,1
attenuation,1
rocket,1
equip,1
drastically,1
vacate,1
reasoning,1
skeptical,1
followed,1
countless,1
dave,1
headed,1
reflect,1
chase,1
rooftop,1
european,1
mysterious,1
conclusion,1
witnessed,1
reality,1
distorting,1
triggering,1
battle,1
globe,1
underlying,1
shock,1
protocola,1
covert,1
disastersscrambles,1
unfolding,1
venice,1
remnant,1
detonation,1
harnessing,1
energy,1
locate,1
kingdom,1
morocco,1
placed,1
activation,1
sequence,1
neutralize,1
disaster,1
overcome,1
biggest,1
foe,1
bethemselves,1
director,1
present,1
connected,1
dissonance,1
videogame,1
describe,1
sophisticated,1
backstories,1
smash,1
shoot,1
necessarily,1
fine,1
dimension,1
defendattack,1
pool,1
playspace,1
craft,1
peel,1
layer,1
ponder,1
coin,1
acting,1
aggressor,1
meaning,1
earth,1
sara,1
producer,1
necrotix,1
lea,1
strategist,1
aeneia,1
crew,1
dynamic,1
spd,1
promised,1
longawaited,1
confidently,1
painful,1
tide,1
discouraging,1
implementing,1
afktype,1
sucked,1
slipping,1
crack,1
patched,1
broaden,1
encompass,1
nonparticipatory,1
vastly,1
exploit,1
generic,1
occasional,1
heck,1
harsh,1
gamesthe,1
hammer,1
varied,1
xp,1
denial,1
ya,1
farmer,1
afking,1
restriction,1
entry,1
persistent,1
leveled,1
management,1
eager,1
chatbased,1
goodbye,1
date,1
moderation,1
language,1
textbased,1
nuance,1
escalate,1
severity,1
forget,1
tentatively,1
crystal,1
room,1
violence,1
threat,1
harassment,1
valorantthose,1
tolerated,1
listed,1
categorized,1
zero,1
tolerance,1
warrant,1
evaluation,1
discern,1
rage,1
awful,1
flagged,1
threw,1
verbally,1
harassing,1
harass,1
muting,1
el,1
wrongdoing,1
rolling,1
notified,1
actioned,1
action,1
listening,1
matterin,1
essential,1
logged,1
notify,1
afraid,1
punt,1
actor,1
horizon,1
associated,1
meantime,1
offending,1
extinguish,1
problematic,1
brighter,1
recognition,1
invite,1
discover,1
wrap,1
patience,1
unending,1
enthusiasm,1
dedication,1
proud,1
dedicated,1
deserve,1
discussed,1
brian,1
chang,1
researcher,1
coleman,1
altombre,1
palm,1
walk,1
insightful,1
nonideal,1
diagnostic,1
tuning,1
highlow,1
datadriven,1
attackerdefenderfavored,1
unfun,1
furthermore,1
complexity,1
sentinelheavy,1
duelistheavy,1
attackerfavored,1
messier,1
mapbymap,1
beall,1
endall,1
correlate,1
aspiration,1
refined,1
rapidly,1
adjust,1
strengthhealth,1
mastery,1
curve,1
breadth,1
broad,1
deeply,1
ifwhere,1
planted,1
matchup,1
duel,1
june,1
establish,1
legend,1
won,1
ranging,1
observed,1
lose,1
guaranteed,1
selection,1
bias,1
proxy,1
five,1
join,1
merited,1
discussion,1
tone,1
pronounced,1
attackdefense,1
strengthpresence,1
abilityspecific,1
potentially,1
overtuned,1
compromising,1
explored,1
mustpick,1
stallsupport,1
utility,1
knowledge,1
unless,1
principle,1
forefront,1
cut,1
cast,1
barrier,1
fortify,1
reduction,1
fallen,1
hovering,1
surveyed,1
icebox,1
importantly,1
skye,1
shift,1
hypothetically,1
introduction,1
heal,1
choice,1
competition,1
obsolete,1
compare,1
professional,1
radiantlevel,1
despite,1
balancewise,1
remain,1
dubious,1
sticking,1
convince,1
useless,1
tapping,1
planting,1
broadly,1
appealing,1
sourcesthe,1
meme,1
etcand,1
diary,1
pickanyvariant,1
melee,1
honest,1
toggling,1
coming,1
chickenpng		tactibearpng,1
freetoplayers,1
participation,1
imagine,1
letting,1
chicken,1
spraytitlecard,1
combo,1
salty,1
tear,1
trackour,1
array,1
scifi,1
scifantasy,1
artsy,1
edgy,1
store,1
offering,1
battlepassonly,1
bank,1
opcrimsonpng		coffeepng,1
artificially,1
completed,1
chapter,1
earlier,1
theyve,1
earned,1
gotta,1
smiling,1
toaster,1
spin,1
griefing,1
froggie,1
hat,1
toasterpng	vinylpng	froggypng,1
whatever,1
insane,1
pictured,1
virtually,1
noconstraints,1
bluesky,1
hour,1
encourage,1
narrow,1
quantity,1
tackle,1
song,1
exclusive,1
lately,1
melee_hivepng	vandal_hivepng	ares_hivepng,1
dream,1
thematic,1
nebulous,1
intent,1
desire,1
pure,1
collection,1
genre,1
serenity,1
luxurious,1
guardian_ruinpng	bucky_chargepng	phantom_serenitypng,1
loved,1
battlepasses,1
creation,1
peer,1
tactisquirrel,1
octopusrelated,1
relevant,1
topical,1
debate,1
argument,1
memeing,1
unfortunate,1
abundance,1
guardian,1
overdue,1
capture,1
cute,1
jackolantern,1
alright,1
spooky,1
appreciate,1
relate,1
quarantine,1
surviving,1
washpng,1
searching,1
easter,1
egg,1
chilly,1
mcfreeze,1
snowman,1
gelato,1
cutie,1
rose,1
tactianimal,1
originated,1
infamous,1
mural,1
ascent,1
funny,1
anecdotal,1
randomized,1
strat,1
tired,1
rushing,1
die,1
somethingthatshouldhavebeenobviouslikerazeult,1
wish,1
fate,1
polite,1
alternative,1
contest,1
member,1
suggested,1
person,1
partner,1
exampleyou,1
guess,1
taderpng	trashpng,1
spraytospeech,1
postclutch,1
celebratory,1
chant,1
nonverbally,1
practical,1
mic,1
expression,1
communicationspairings,1
suck,1
sad,1
casual,1
gg,1
onetap,1
sheriff,1
prosper,1
hack,1
pride,1
filthy,1
bucky,1
pumped,1
spam,1
cheesy,1
unsuspecting,1
polyfox,1
judge,1
kevin,1
lee,1
arguably,1
difference,1
correct,1
framebyframe,1
validate,1
none,1
severe,1
presenting,1
distinction,1
wrong,1
register,1
appearing,1
differently,1
presentation,1
worse,1
pressed,1
detailed,1
technical,1
blog,1
simulated,1
authority,1
predicting,1
responsive,1
flying,1
smoke,1
battlefield,1
snapshot,1
skipping,1
watching,1
ok,1
hit_reg_flowjpg,1
hardwareoperating,1
local,1
muzzle,1
desync,1
delaying,1
minimize,1
hitconfirm,1
consistency,1
hacking,1
false,1
meanwhile,1
passed,1
evaluating,1
rewinding,1
sake,1
appropriate,1
equal,1
connection,1
trip,1
plus,1
processing,1
realtime,1
hitting,1
regarding,1
easily,1
barely,1
missing,1
reviewing,1
replay,1
gap,1
confusing,1
crouchingstrafing,1
lack,1
ideally,1
background,1
self,1
regret,1
hold,1
dealing,1
damage,1
receiving,1
return,1
furious,1
footage,1
titled,1
hypothetical,1
frequent,1
incorrect,1
correctlyshots,1
ignoring,1
accurately,1
newly,1
spawned,1
heat,1
gunfight,1
confused,1
unintentionally,1
disabled,1
distinguishing,1
tying,1
occurred,1
relationshipeven,1
nonblood,1
headshotvfxjpg	bodyshotvfxjpg,1
iterating,1
greatly,1
increase,1
attached,1
considered,1
particle,1
mitigate,1
disagree,1
misbehaving,1
word,1
voted,1
wang,1
stone,1
elderflame,1
prime,1
prefer,1
geometry,1
playersand,1
lucky,1
strange,1
typical,1
unto,1
pursuing,1
flat,1
emissive,1
thus,1
beautiful,1
partnership,1
experimented,1
foundational,1
fundamental,1
program,1
solidified,1
performing,1
gpu,1
specialty,1
unnamedgif,1
gemlike,1
powersource,1
parallax,1
flowing,1
cloudy,1
orb_conceptgif	orb_finalgif,1
production,1
tuned,1
topped,1
touch,1
originally,1
experiment,1
model,1
vein,1
effectwe,1
tunable,1
artistfriendly,1
gradient,1
tune,1
hodgepodge,1
pink,1
himalayan,1
salt,1
desk,1
pr,1
manager,1
blue,1
avalanche_assetjpg,1
portal,1
decent,1
budget,1
fancy,1
cubemap,1
tiled,1
horizontally,1
seamless,1
unfortunately,1
reduced,1
nausea,1
ran,1
extra,1
prone,1
irl,1
early_nebulajpg,1
nowhere,1
productionready,1
select,1
portion,1
respective,1
marries,1
speaking,1
reme,1
ke,1
jumping,1
sweet,1
actuation,1
mentioned,1
fantastic,1
missed,1
tad,1
explained,1
artistic,1
hopped,1
substance,1
nodebased,1
texturing,1
conceptual,1
snippet,1
lesson,1
modulate,1
iridescence,1
prism_assetjpg,1
collabs,1
spline_collectionjpg,1
daytoday,1
crossteam,1
invested,1
excite,1
workflow,1
near,1
lay,1
discus,1
tied,1
fluidly,1
depending,1
representation,1
growth,1
peaking,1
anxious,1
stuffing,1
fridge,1
takeaway,1
gotten,1
peak,1
diamond,1
reflection,1
preserved,1
demonstrate,1
selfexplanatory,1
surrounding,1
fill,1
course,1
hence,1
replace,1
lowest,1
bronze,1
aspirational,1
threshold,1
inspect,1
anytime,1
nine,1
prove,1
award,1
commemorating,1
memorializes,1
host,1
returning,1
stack,1
abridged,1
quicker,1
conservative,1
levelor,1
typically,1
increasing,1
count,1
earning,1
evolving,1
transparency,1
solving,1
welcome,1
competitor,1
living,1
distinguish,1
polish,1
infused,1
competing,1
matchmake,1
discrepancyto,1
extent,1
rope,1
narrowing,1
fairness,1
solo,1
tactic,1
actwhich,1
span,1
monthsyoull,1
scene,1
providing,1
climbed,1
beyond,1
competitiverelated,1
inclient,1
tournament,1
fairer,1
overtime,1
handling,1
granular,1
primarily,1
globally,1
vision,1
teamoriented,1
rewarding,1
spotlight,1
faithful,1
activity,1
otherwise,1
unobtainable,1
everytime,1
promise,1
spicy,1
feed,1
backend,1
scrutiny,1
scan,1
findingswhich,1
guest,1
starring,1
automatically,1
automatic,1
banwaves,1
guessing,1
earlyexit,1
sign,1
accuracy,1
likewise,1
comparing,1
versus,1
science,1
reportno,1
perfectly,1
correlated,1
innocent,1
correlation,1
extremely,1
invaluable,1
intelligence,1
notatallscary,1
ive,1
popped,1
topicsbut,1
bottom,1
firstly,1
collectively,1
spending,1
frankly,1
requirement,1
serious,1
trustworthy,1
gaming,1
rarely,1
encounter,1
achieve,1
cheatresistant,1
fog,1
prohibitive,1
antitamper,1
efficiently,1
valorantthere,1
approachessuch,1
legal,1
avenuesto,1
fogofwar_offjpg	fogofwar_onjpg,1
studio,1
indicator,1
secondary,1
criterion,1
impression,1
medium,1
serve,1
pastand,1
refresher,1
assigned,1
seedlike,1
home,1
paper,1
write,1
bios,1
slowly,1
bam,1
named,1
finalfinalfinalipromise,1
hundred,1
mesh,1
randomly,1
armchair,1
woodwork,1
overabundant,1
flame,1
rioter,1
except,1
listen,1
theory,1
sidebyside,1
officially,1
john,1
mememememe,1
scheming,1
mess,1
ago,1
brainstorming,1
arcane,1
animated,1
netflixgo,1
messaged,1
recall,1
beforegoscicki,1
includedand,1
itd,1
itll,1
indie,1
penchant,1
allegedly,1
groundwork,1
gender,1
playstyle,1
wellbut,1
choose,1
stick,1
mute,1
kpop,1
heartthrob,1
assassinates,1
magical,1
moon,1
gifted,1
twin,1
sister,1
aphelios,1
intention,1
aside,1
f,1
surprisingly,1
combine,1
strike,1
browning,1
faced,1
sourcebut,1
complementary,1
answered,1
endless,1
possibility,1
dragon,1
cosmos,1
doll,1
magic,1
scissors,1
literal,1
mountain,1
whose,1
fastdont,1
killjoy,1
bot,1
inspector,1
gadget,1
solar,1
wind,1
front,1
cracked,1
konstantin,1
zoonoid,1
maystrenko,1
nancy,1
sojyoo,1
kim,1
gem,1
lonewingy,1
denominator,1
rotation,1
ego,1
silent,1
flanking,1
banging,1
entire,1
flank,1
fed,1
laner,1
lane,1
goon,1
squad,1
embodies,1
rycou,1
mobility,1
electrifying,1
lol,1
insisted,1
lap,1
landed,1
lent,1
tiein,1
realworld,1
philippine,1
planning,1
filipina,1
characterssomething,1
personally,1
blackout,1
latched,1
michael,1
skiptomyluo,1
prickly,1
guardedblunt,1
sarcastic,1
biting,1
warm,1
brightbut,1
stubborn,1
impatient,1
timespersonality,1
tie,1
supportive,1
communitiessomething,1
bayanihan,1
filipino,1
culturebut,1
manilla,1
joe,1
parmcheesy,1
killeen,1
embrace,1
overwhelmed,1
service,1
duty,1
withdrawn,1
upbringing,1
combining,1
wholly,1
pitched,1
consistent,1
learnability,1
highlevel,1
sitetosite,1
honestly,1
night,1
terror,1
finger,1
reliant,1
valorantstyle,1
mechanic,1
complain,1
pulled,1
ehhh,1
zap,1
restricting,1
sluggish,1
giving,1
restricted,1
stronger,1
knife,1
period,1
designing,1
encountered,1
similarity,1
smashed,1
pushing,1
worry,1
concerned,1
assured,1
suke,1
principal,1
illustrator,1
episode,1
coherence,1
committing,1
effective,1
attitude,1
gauntlet,1
emphasize,1
realisticallyand,1
tough,1
everywhere,1
controller,1
defined,1
youthful,1
vibe,1
viewer,1
sky,1
tilted,1
showing,1
hint,1
pushed,1
angle,1
camera,1
smirk,1
mixing,1
aura,1
african,1
futurism,1
golden,1
float,1
revealed,1
though,1
casting,1
vibrant,1
finish,1
caught,1
guy,1
own,1
dont,1
other,1
depend,1
define,1
consist,1
leaderboard,1
arrive,1
admit,1
explode,1
suggest,1
tp,1
resurrect,1
pickrate,1
reveal,1
simulate,1
rewind,1
